[2026-07-13 16:39:16] INFO [__main__.run_bulk_arxiv_crawler:74]: [*] Bắt đầu xử lý chủ đề: Artificial Intelligence | Mục tiêu: 150 PDFs
[2026-07-13 16:39:20] INFO [__main__.run_bulk_arxiv_crawler:86]:   -> Tìm thấy 150 bài báo tương thích trên hệ thống.
[2026-07-13 16:39:24] ERROR [__main__.download_paper_with_retry:51]:   [-] Lỗi tải tệp 2012.12104v1 sau 3 lần thử: 'Result' object has no attribute 'download_pdf'
[2026-07-13 16:39:28] ERROR [__main__.download_paper_with_retry:51]:   [-] Lỗi tải tệp 2012.13026v1 sau 3 lần thử: 'Result' object has no attribute 'download_pdf'
[2026-07-13 16:39:32] ERROR [__main__.download_paper_with_retry:51]:   [-] Lỗi tải tệp 2012.13293v1 sau 3 lần thử: 'Result' object has no attribute 'download_pdf'
[2026-07-13 16:39:36] ERROR [__main__.download_paper_with_retry:51]:   [-] Lỗi tải tệp 2012.13315v1 sau 3 lần thử: 'Result' object has no attribute 'download_pdf'
[2026-07-13 16:39:40] ERROR [__main__.download_paper_with_retry:51]:   [-] Lỗi tải tệp 2012.13391v2 sau 3 lần thử: 'Result' object has no attribute 'download_pdf'
[2026-07-13 16:41:36] INFO [__main__.run_bulk_arxiv_crawler:74]: [*] Bắt đầu xử lý chủ đề: Artificial Intelligence | Mục tiêu: 150 PDFs
[2026-07-13 16:41:41] INFO [__main__.run_bulk_arxiv_crawler:86]:   -> Tìm thấy 150 bài báo tương thích trên hệ thống.
[2026-07-13 16:41:45] ERROR [__main__.download_paper_with_retry:51]:   [-] Lỗi tải tệp 2012.12104v1 sau 3 lần thử: 'Result' object has no attribute 'download_pdf'
[2026-07-13 16:41:49] ERROR [__main__.download_paper_with_retry:51]:   [-] Lỗi tải tệp 2012.13026v1 sau 3 lần thử: 'Result' object has no attribute 'download_pdf'
[2026-07-13 16:41:53] ERROR [__main__.download_paper_with_retry:51]:   [-] Lỗi tải tệp 2012.13293v1 sau 3 lần thử: 'Result' object has no attribute 'download_pdf'
[2026-07-13 16:41:57] ERROR [__main__.download_paper_with_retry:51]:   [-] Lỗi tải tệp 2012.13315v1 sau 3 lần thử: 'Result' object has no attribute 'download_pdf'
[2026-07-13 16:42:01] ERROR [__main__.download_paper_with_retry:51]:   [-] Lỗi tải tệp 2012.13391v2 sau 3 lần thử: 'Result' object has no attribute 'download_pdf'
[2026-07-13 16:42:05] ERROR [__main__.download_paper_with_retry:51]:   [-] Lỗi tải tệp 2012.12447v1 sau 3 lần thử: 'Result' object has no attribute 'download_pdf'
[2026-07-13 16:42:09] ERROR [__main__.download_paper_with_retry:51]:   [-] Lỗi tải tệp 2012.12634v1 sau 3 lần thử: 'Result' object has no attribute 'download_pdf'
[2026-07-13 16:42:13] ERROR [__main__.download_paper_with_retry:51]:   [-] Lỗi tải tệp 2012.11903v1 sau 3 lần thử: 'Result' object has no attribute 'download_pdf'
[2026-07-13 16:42:17] ERROR [__main__.download_paper_with_retry:51]:   [-] Lỗi tải tệp 2012.13569v1 sau 3 lần thử: 'Result' object has no attribute 'download_pdf'
[2026-07-13 16:42:21] ERROR [__main__.download_paper_with_retry:51]:   [-] Lỗi tải tệp 2012.12718v1 sau 3 lần thử: 'Result' object has no attribute 'download_pdf'
[2026-07-13 16:42:25] ERROR [__main__.download_paper_with_retry:51]:   [-] Lỗi tải tệp 2012.13666v1 sau 3 lần thử: 'Result' object has no attribute 'download_pdf'
[2026-07-13 16:42:29] ERROR [__main__.download_paper_with_retry:51]:   [-] Lỗi tải tệp 2012.13677v1 sau 3 lần thử: 'Result' object has no attribute 'download_pdf'
[2026-07-13 16:42:33] ERROR [__main__.download_paper_with_retry:51]:   [-] Lỗi tải tệp 2012.13779v1 sau 3 lần thử: 'Result' object has no attribute 'download_pdf'
[2026-07-13 16:42:37] ERROR [__main__.download_paper_with_retry:51]:   [-] Lỗi tải tệp 2012.14005v1 sau 3 lần thử: 'Result' object has no attribute 'download_pdf'
[2026-07-13 16:42:41] ERROR [__main__.download_paper_with_retry:51]:   [-] Lỗi tải tệp 1904.07934v2 sau 3 lần thử: 'Result' object has no attribute 'download_pdf'
[2026-07-13 16:42:45] ERROR [__main__.download_paper_with_retry:51]:   [-] Lỗi tải tệp 1904.08010v1 sau 3 lần thử: 'Result' object has no attribute 'download_pdf'
[2026-07-13 16:42:49] ERROR [__main__.download_paper_with_retry:51]:   [-] Lỗi tải tệp 1905.02810v1 sau 3 lần thử: 'Result' object has no attribute 'download_pdf'
[2026-07-13 16:42:53] ERROR [__main__.download_paper_with_retry:51]:   [-] Lỗi tải tệp 1905.02845v1 sau 3 lần thử: 'Result' object has no attribute 'download_pdf'
[2026-07-13 16:42:57] ERROR [__main__.download_paper_with_retry:51]:   [-] Lỗi tải tệp 1905.01984v1 sau 3 lần thử: 'Result' object has no attribute 'download_pdf'
[2026-07-13 16:43:01] ERROR [__main__.download_paper_with_retry:51]:   [-] Lỗi tải tệp 1905.02019v1 sau 3 lần thử: 'Result' object has no attribute 'download_pdf'
[2026-07-13 16:43:05] ERROR [__main__.download_paper_with_retry:51]:   [-] Lỗi tải tệp 1905.03362v1 sau 3 lần thử: 'Result' object has no attribute 'download_pdf'
[2026-07-13 16:43:09] ERROR [__main__.download_paper_with_retry:51]:   [-] Lỗi tải tệp 1905.03427v1 sau 3 lần thử: 'Result' object has no attribute 'download_pdf'
[2026-07-13 16:43:13] ERROR [__main__.download_paper_with_retry:51]:   [-] Lỗi tải tệp 1905.02941v1 sau 3 lần thử: 'Result' object has no attribute 'download_pdf'
[2026-07-13 16:43:17] ERROR [__main__.download_paper_with_retry:51]:   [-] Lỗi tải tệp 1905.02234v2 sau 3 lần thử: 'Result' object has no attribute 'download_pdf'
[2026-07-13 16:43:21] ERROR [__main__.download_paper_with_retry:51]:   [-] Lỗi tải tệp 1904.12059v1 sau 3 lần thử: 'Result' object has no attribute 'download_pdf'
[2026-07-13 16:43:25] ERROR [__main__.download_paper_with_retry:51]:   [-] Lỗi tải tệp 1904.13196v1 sau 3 lần thử: 'Result' object has no attribute 'download_pdf'
[2026-07-13 16:43:29] ERROR [__main__.download_paper_with_retry:51]:   [-] Lỗi tải tệp 1904.07601v3 sau 3 lần thử: 'Result' object has no attribute 'download_pdf'
[2026-07-13 16:43:33] ERROR [__main__.download_paper_with_retry:51]:   [-] Lỗi tải tệp 1904.08109v1 sau 3 lần thử: 'Result' object has no attribute 'download_pdf'
[2026-07-13 16:43:37] ERROR [__main__.download_paper_with_retry:51]:   [-] Lỗi tải tệp 1904.08149v2 sau 3 lần thử: 'Result' object has no attribute 'download_pdf'
[2026-07-13 16:43:41] ERROR [__main__.download_paper_with_retry:51]:   [-] Lỗi tải tệp 1904.08177v1 sau 3 lần thử: 'Result' object has no attribute 'download_pdf'
[2026-07-13 16:43:45] ERROR [__main__.download_paper_with_retry:51]:   [-] Lỗi tải tệp 1904.12635v1 sau 3 lần thử: 'Result' object has no attribute 'download_pdf'
[2026-07-13 16:43:49] ERROR [__main__.download_paper_with_retry:51]:   [-] Lỗi tải tệp 1904.12848v6 sau 3 lần thử: 'Result' object has no attribute 'download_pdf'
[2026-07-13 16:43:53] ERROR [__main__.download_paper_with_retry:51]:   [-] Lỗi tải tệp 1904.12901v1 sau 3 lần thử: 'Result' object has no attribute 'download_pdf'
[2026-07-13 16:43:57] ERROR [__main__.download_paper_with_retry:51]:   [-] Lỗi tải tệp 1904.13333v1 sau 3 lần thử: 'Result' object has no attribute 'download_pdf'
[2026-07-13 16:44:01] ERROR [__main__.download_paper_with_retry:51]:   [-] Lỗi tải tệp 1906.00805v1 sau 3 lần thử: 'Result' object has no attribute 'download_pdf'
[2026-07-13 16:44:05] ERROR [__main__.download_paper_with_retry:51]:   [-] Lỗi tải tệp 1906.00872v1 sau 3 lần thử: 'Result' object has no attribute 'download_pdf'
[2026-07-13 16:44:09] ERROR [__main__.download_paper_with_retry:51]:   [-] Lỗi tải tệp 1906.01039v1 sau 3 lần thử: 'Result' object has no attribute 'download_pdf'
[2026-07-13 16:44:13] ERROR [__main__.download_paper_with_retry:51]:   [-] Lỗi tải tệp 1906.01119v1 sau 3 lần thử: 'Result' object has no attribute 'download_pdf'
[2026-07-13 16:44:17] ERROR [__main__.download_paper_with_retry:51]:   [-] Lỗi tải tệp 1906.01121v1 sau 3 lần thử: 'Result' object has no attribute 'download_pdf'
[2026-07-13 16:44:21] ERROR [__main__.download_paper_with_retry:51]:   [-] Lỗi tải tệp 1906.01126v1 sau 3 lần thử: 'Result' object has no attribute 'download_pdf'
[2026-07-13 16:44:25] ERROR [__main__.download_paper_with_retry:51]:   [-] Lỗi tải tệp 1906.01350v2 sau 3 lần thử: 'Result' object has no attribute 'download_pdf'
[2026-07-13 16:44:29] ERROR [__main__.download_paper_with_retry:51]:   [-] Lỗi tải tệp 1906.01374v1 sau 3 lần thử: 'Result' object has no attribute 'download_pdf'
[2026-07-13 16:44:33] ERROR [__main__.download_paper_with_retry:51]:   [-] Lỗi tải tệp 1906.00744v5 sau 3 lần thử: 'Result' object has no attribute 'download_pdf'
[2026-07-13 16:44:37] ERROR [__main__.download_paper_with_retry:51]:   [-] Lỗi tải tệp 1906.01407v1 sau 3 lần thử: 'Result' object has no attribute 'download_pdf'
[2026-07-13 16:44:41] ERROR [__main__.download_paper_with_retry:51]:   [-] Lỗi tải tệp 1906.01432v1 sau 3 lần thử: 'Result' object has no attribute 'download_pdf'
[2026-07-13 16:44:45] ERROR [__main__.download_paper_with_retry:51]:   [-] Lỗi tải tệp 1906.01470v3 sau 3 lần thử: 'Result' object has no attribute 'download_pdf'
[2026-07-13 16:44:49] ERROR [__main__.download_paper_with_retry:51]:   [-] Lỗi tải tệp 1906.01504v1 sau 3 lần thử: 'Result' object has no attribute 'download_pdf'
[2026-07-13 16:44:53] ERROR [__main__.download_paper_with_retry:51]:   [-] Lỗi tải tệp 1906.01562v2 sau 3 lần thử: 'Result' object has no attribute 'download_pdf'
[2026-07-13 16:44:57] ERROR [__main__.download_paper_with_retry:51]:   [-] Lỗi tải tệp 2005.14621v1 sau 3 lần thử: 'Result' object has no attribute 'download_pdf'
[2026-07-13 16:45:01] ERROR [__main__.download_paper_with_retry:51]:   [-] Lỗi tải tệp 2005.14156v1 sau 3 lần thử: 'Result' object has no attribute 'download_pdf'
[2026-07-13 16:45:05] ERROR [__main__.download_paper_with_retry:51]:   [-] Lỗi tải tệp 2005.14230v1 sau 3 lần thử: 'Result' object has no attribute 'download_pdf'
[2026-07-13 16:45:09] ERROR [__main__.download_paper_with_retry:51]:   [-] Lỗi tải tệp 2006.04216v1 sau 3 lần thử: 'Result' object has no attribute 'download_pdf'
[2026-07-13 16:45:13] ERROR [__main__.download_paper_with_retry:51]:   [-] Lỗi tải tệp 2006.04331v2 sau 3 lần thử: 'Result' object has no attribute 'download_pdf'
[2026-07-13 16:45:17] ERROR [__main__.download_paper_with_retry:51]:   [-] Lỗi tải tệp 2006.04387v2 sau 3 lần thử: 'Result' object has no attribute 'download_pdf'
[2026-07-13 16:45:21] ERROR [__main__.download_paper_with_retry:51]:   [-] Lỗi tải tệp 2006.04435v1 sau 3 lần thử: 'Result' object has no attribute 'download_pdf'
[2026-07-13 16:45:25] ERROR [__main__.download_paper_with_retry:51]:   [-] Lỗi tải tệp 2006.04497v1 sau 3 lần thử: 'Result' object has no attribute 'download_pdf'
[2026-07-13 16:45:29] ERROR [__main__.download_paper_with_retry:51]:   [-] Lỗi tải tệp 2006.05048v3 sau 3 lần thử: 'Result' object has no attribute 'download_pdf'
[2026-07-13 16:45:33] ERROR [__main__.download_paper_with_retry:51]:   [-] Lỗi tải tệp 2006.04697v1 sau 3 lần thử: 'Result' object has no attribute 'download_pdf'
[2026-07-13 16:45:37] ERROR [__main__.download_paper_with_retry:51]:   [-] Lỗi tải tệp 2006.04702v3 sau 3 lần thử: 'Result' object has no attribute 'download_pdf'
[2026-07-13 16:45:41] ERROR [__main__.download_paper_with_retry:51]:   [-] Lỗi tải tệp 2006.04707v1 sau 3 lần thử: 'Result' object has no attribute 'download_pdf'
[2026-07-13 16:45:45] ERROR [__main__.download_paper_with_retry:51]:   [-] Lỗi tải tệp 2006.04757v3 sau 3 lần thử: 'Result' object has no attribute 'download_pdf'
[2026-07-13 16:45:49] ERROR [__main__.download_paper_with_retry:51]:   [-] Lỗi tải tệp 2006.04037v1 sau 3 lần thử: 'Result' object has no attribute 'download_pdf'
[2026-07-13 16:45:53] ERROR [__main__.download_paper_with_retry:51]:   [-] Lỗi tải tệp 2006.04161v1 sau 3 lần thử: 'Result' object has no attribute 'download_pdf'
[2026-07-13 16:45:57] ERROR [__main__.download_paper_with_retry:51]:   [-] Lỗi tải tệp 2006.05255v1 sau 3 lần thử: 'Result' object has no attribute 'download_pdf'
[2026-07-13 16:46:01] ERROR [__main__.download_paper_with_retry:51]:   [-] Lỗi tải tệp 2005.12737v1 sau 3 lần thử: 'Result' object has no attribute 'download_pdf'
[2026-07-13 16:46:05] ERROR [__main__.download_paper_with_retry:51]:   [-] Lỗi tải tệp 2005.12826v2 sau 3 lần thử: 'Result' object has no attribute 'download_pdf'
[2026-07-13 16:46:09] ERROR [__main__.download_paper_with_retry:51]:   [-] Lỗi tải tệp 2005.12841v1 sau 3 lần thử: 'Result' object has no attribute 'download_pdf'
[2026-07-13 16:46:13] ERROR [__main__.download_paper_with_retry:51]:   [-] Lỗi tải tệp 2005.11729v2 sau 3 lần thử: 'Result' object has no attribute 'download_pdf'
[2026-07-13 16:56:32] INFO [__main__.run_bulk_arxiv_crawler:74]: [*] Bắt đầu xử lý chủ đề: Artificial Intelligence | Mục tiêu: 150 PDFs
[2026-07-13 16:56:35] INFO [__main__.run_bulk_arxiv_crawler:86]:   -> Tìm thấy 150 bài báo tương thích trên hệ thống.
[2026-07-13 16:56:39] ERROR [__main__.download_paper_with_retry:51]:   [-] Lỗi tải tệp 2012.12104v1 sau 3 lần thử: 'Result' object has no attribute 'download_pdf'
[2026-07-13 16:56:43] ERROR [__main__.download_paper_with_retry:51]:   [-] Lỗi tải tệp 2012.13026v1 sau 3 lần thử: 'Result' object has no attribute 'download_pdf'
[2026-07-13 16:56:47] ERROR [__main__.download_paper_with_retry:51]:   [-] Lỗi tải tệp 2012.13293v1 sau 3 lần thử: 'Result' object has no attribute 'download_pdf'
[2026-07-13 16:56:51] ERROR [__main__.download_paper_with_retry:51]:   [-] Lỗi tải tệp 2012.13315v1 sau 3 lần thử: 'Result' object has no attribute 'download_pdf'
[2026-07-13 16:56:55] ERROR [__main__.download_paper_with_retry:51]:   [-] Lỗi tải tệp 2012.13391v2 sau 3 lần thử: 'Result' object has no attribute 'download_pdf'
[2026-07-13 16:56:59] ERROR [__main__.download_paper_with_retry:51]:   [-] Lỗi tải tệp 2012.12447v1 sau 3 lần thử: 'Result' object has no attribute 'download_pdf'
[2026-07-13 16:57:03] ERROR [__main__.download_paper_with_retry:51]:   [-] Lỗi tải tệp 2012.12634v1 sau 3 lần thử: 'Result' object has no attribute 'download_pdf'
[2026-07-13 16:57:07] ERROR [__main__.download_paper_with_retry:51]:   [-] Lỗi tải tệp 2012.11903v1 sau 3 lần thử: 'Result' object has no attribute 'download_pdf'
[2026-07-13 16:58:00] INFO [__main__.run_bulk_arxiv_crawler:90]: [*] Bắt đầu xử lý chủ đề: Artificial Intelligence | Mục tiêu: 150 PDFs
[2026-07-13 16:58:04] INFO [__main__.run_bulk_arxiv_crawler:102]:   -> Tìm thấy 150 bài báo tương thích trên hệ thống.
[2026-07-13 17:00:40] INFO [__main__.run_bulk_arxiv_crawler:125]:   [+] Đã hoàn thành tải về: 150/150 PDFs cho nhóm Artificial Intelligence

[2026-07-13 17:00:40] INFO [__main__.run_bulk_arxiv_crawler:90]: [*] Bắt đầu xử lý chủ đề: Machine Learning | Mục tiêu: 150 PDFs
[2026-07-13 17:00:50] INFO [__main__.run_bulk_arxiv_crawler:102]:   -> Tìm thấy 150 bài báo tương thích trên hệ thống.
[2026-07-13 17:03:05] INFO [__main__.run_bulk_arxiv_crawler:125]:   [+] Đã hoàn thành tải về: 150/150 PDFs cho nhóm Machine Learning

[2026-07-13 17:03:05] INFO [__main__.run_bulk_arxiv_crawler:90]: [*] Bắt đầu xử lý chủ đề: Deep Learning | Mục tiêu: 100 PDFs
[2026-07-13 17:03:06] INFO [__main__.run_bulk_arxiv_crawler:102]:   -> Tìm thấy 100 bài báo tương thích trên hệ thống.
[2026-07-13 17:03:34] WARNING [__main__.download_paper_with_retry:68]:   [-] Lần thử 1 thất bại, đang thử lại sau 3 giây...
[2026-07-13 17:03:37] WARNING [__main__.download_paper_with_retry:68]:   [-] Lần thử 2 thất bại, đang thử lại sau 3 giây...
[2026-07-13 17:03:41] ERROR [__main__.download_paper_with_retry:66]:   [-] Thất bại khi tải 2302.09566v2 qua URL https://arxiv.org/pdf/2302.09566v2: HTTP Error 404: Not Found
[2026-07-13 17:03:59] WARNING [__main__.download_paper_with_retry:68]:   [-] Lần thử 1 thất bại, đang thử lại sau 3 giây...
[2026-07-13 17:04:02] WARNING [__main__.download_paper_with_retry:68]:   [-] Lần thử 2 thất bại, đang thử lại sau 3 giây...
[2026-07-13 17:04:05] ERROR [__main__.download_paper_with_retry:66]:   [-] Thất bại khi tải 1706.08675v1 qua URL https://arxiv.org/pdf/1706.08675v1: HTTP Error 404: Not Found
[2026-07-13 17:04:49] INFO [__main__.run_bulk_arxiv_crawler:125]:   [+] Đã hoàn thành tải về: 98/100 PDFs cho nhóm Deep Learning

[2026-07-13 17:04:49] INFO [__main__.run_bulk_arxiv_crawler:90]: [*] Bắt đầu xử lý chủ đề: NLP | Mục tiêu: 100 PDFs
[2026-07-13 17:04:50] INFO [__main__.run_bulk_arxiv_crawler:102]:   -> Tìm thấy 100 bài báo tương thích trên hệ thống.
[2026-07-13 17:06:07] INFO [__main__.run_bulk_arxiv_crawler:125]:   [+] Đã hoàn thành tải về: 100/100 PDFs cho nhóm NLP

[2026-07-13 17:06:07] INFO [__main__.run_bulk_arxiv_crawler:90]: [*] Bắt đầu xử lý chủ đề: Computer Vision | Mục tiêu: 100 PDFs
[2026-07-13 17:06:09] INFO [__main__.run_bulk_arxiv_crawler:102]:   -> Tìm thấy 100 bài báo tương thích trên hệ thống.
[2026-07-13 17:07:14] WARNING [__main__.download_paper_with_retry:68]:   [-] Lần thử 1 thất bại, đang thử lại sau 3 giây...
[2026-07-13 17:07:18] WARNING [__main__.download_paper_with_retry:68]:   [-] Lần thử 2 thất bại, đang thử lại sau 3 giây...
[2026-07-13 17:07:21] ERROR [__main__.download_paper_with_retry:66]:   [-] Thất bại khi tải 1905.02327v2 qua URL https://arxiv.org/pdf/1905.02327v2: HTTP Error 404: Not Found
[2026-07-13 17:08:52] INFO [__main__.run_bulk_arxiv_crawler:125]:   [+] Đã hoàn thành tải về: 99/100 PDFs cho nhóm Computer Vision

[2026-07-13 17:08:52] INFO [__main__.run_bulk_arxiv_crawler:90]: [*] Bắt đầu xử lý chủ đề: Database | Mục tiêu: 100 PDFs
[2026-07-13 17:08:53] INFO [__main__.run_bulk_arxiv_crawler:102]:   -> Tìm thấy 100 bài báo tương thích trên hệ thống.
[2026-07-13 17:10:20] INFO [__main__.run_bulk_arxiv_crawler:125]:   [+] Đã hoàn thành tải về: 100/100 PDFs cho nhóm Database

[2026-07-13 17:10:20] INFO [__main__.run_bulk_arxiv_crawler:90]: [*] Bắt đầu xử lý chủ đề: Computer Networks | Mục tiêu: 100 PDFs
[2026-07-13 17:10:21] INFO [__main__.run_bulk_arxiv_crawler:102]:   -> Tìm thấy 100 bài báo tương thích trên hệ thống.
[2026-07-13 17:12:02] INFO [__main__.run_bulk_arxiv_crawler:125]:   [+] Đã hoàn thành tải về: 100/100 PDFs cho nhóm Computer Networks

[2026-07-13 17:12:02] INFO [__main__.run_bulk_arxiv_crawler:90]: [*] Bắt đầu xử lý chủ đề: Operating Systems | Mục tiêu: 100 PDFs
[2026-07-13 17:12:03] INFO [__main__.run_bulk_arxiv_crawler:102]:   -> Tìm thấy 100 bài báo tương thích trên hệ thống.
[2026-07-13 17:13:20] WARNING [__main__.download_paper_with_retry:68]:   [-] Lần thử 1 thất bại, đang thử lại sau 3 giây...
[2026-07-13 17:13:23] WARNING [__main__.download_paper_with_retry:68]:   [-] Lần thử 2 thất bại, đang thử lại sau 3 giây...
[2026-07-13 17:13:26] ERROR [__main__.download_paper_with_retry:66]:   [-] Thất bại khi tải 1909.11644v2 qua URL https://arxiv.org/pdf/1909.11644v2: HTTP Error 404: Not Found
[2026-07-13 17:13:37] INFO [__main__.run_bulk_arxiv_crawler:125]:   [+] Đã hoàn thành tải về: 99/100 PDFs cho nhóm Operating Systems

[2026-07-13 17:13:37] INFO [__main__.run_bulk_arxiv_crawler:90]: [*] Bắt đầu xử lý chủ đề: Software Engineering | Mục tiêu: 100 PDFs
[2026-07-13 17:13:39] INFO [__main__.run_bulk_arxiv_crawler:102]:   -> Tìm thấy 100 bài báo tương thích trên hệ thống.
[2026-07-13 17:15:17] INFO [__main__.run_bulk_arxiv_crawler:125]:   [+] Đã hoàn thành tải về: 100/100 PDFs cho nhóm Software Engineering

[2026-07-13 17:42:18] INFO [__main__.run_milestone1_pipeline:24]: ============================================================
[2026-07-13 17:42:18] INFO [__main__.run_milestone1_pipeline:25]: BẮT ĐẦU CHẠY PIPELINE TRÍCH XUẤT HÀNG LOẠT MILESTONE 1
[2026-07-13 17:42:18] INFO [__main__.run_milestone1_pipeline:26]: ============================================================
[2026-07-13 17:42:18] INFO [src.ingestion.document_loader.load_document:48]: Đang trích xuất: Artificial_Intelligence_1904.07601v3_Relation-Shape Convolutional Neural Netw.pdf
[2026-07-13 17:42:18] ERROR [src.ingestion.document_loader.load_directory:71]: Bỏ qua file Artificial_Intelligence_1904.07601v3_Relation-Shape Convolutional Neural Netw.pdf do lỗi: Vui lòng cài đặt pdfplumber: pip install pdfplumber
[2026-07-13 17:42:18] INFO [src.ingestion.document_loader.load_document:48]: Đang trích xuất: Artificial_Intelligence_1904.07934v2_Devil is in the Edges_ Learning Semantic.pdf
[2026-07-13 17:42:18] ERROR [src.ingestion.document_loader.load_directory:71]: Bỏ qua file Artificial_Intelligence_1904.07934v2_Devil is in the Edges_ Learning Semantic.pdf do lỗi: Vui lòng cài đặt pdfplumber: pip install pdfplumber
[2026-07-13 17:42:18] INFO [src.ingestion.document_loader.load_document:48]: Đang trích xuất: Artificial_Intelligence_1904.08010v1_How to define co-occurrence in different.pdf
[2026-07-13 17:42:18] ERROR [src.ingestion.document_loader.load_directory:71]: Bỏ qua file Artificial_Intelligence_1904.08010v1_How to define co-occurrence in different.pdf do lỗi: Vui lòng cài đặt pdfplumber: pip install pdfplumber
[2026-07-13 17:42:18] INFO [src.ingestion.document_loader.load_document:48]: Đang trích xuất: Artificial_Intelligence_1904.08109v1_Contextual Aware Joint Probability Model.pdf
[2026-07-13 17:42:18] ERROR [src.ingestion.document_loader.load_directory:71]: Bỏ qua file Artificial_Intelligence_1904.08109v1_Contextual Aware Joint Probability Model.pdf do lỗi: Vui lòng cài đặt pdfplumber: pip install pdfplumber
[2026-07-13 17:42:18] INFO [src.ingestion.document_loader.load_document:48]: Đang trích xuất: Artificial_Intelligence_1904.08149v2_Bayesian policy selection using active i.pdf
[2026-07-13 17:42:18] ERROR [src.ingestion.document_loader.load_directory:71]: Bỏ qua file Artificial_Intelligence_1904.08149v2_Bayesian policy selection using active i.pdf do lỗi: Vui lòng cài đặt pdfplumber: pip install pdfplumber
[2026-07-13 17:42:18] INFO [src.ingestion.document_loader.load_document:48]: Đang trích xuất: Artificial_Intelligence_1904.08177v1_Downhole Track Detection via Multiscale .pdf
[2026-07-13 17:42:18] ERROR [src.ingestion.document_loader.load_directory:71]: Bỏ qua file Artificial_Intelligence_1904.08177v1_Downhole Track Detection via Multiscale .pdf do lỗi: Vui lòng cài đặt pdfplumber: pip install pdfplumber
[2026-07-13 17:42:18] INFO [src.ingestion.document_loader.load_document:48]: Đang trích xuất: Artificial_Intelligence_1904.12059v1_ARCHANGEL_ Tamper-proofing Video Archive.pdf
[2026-07-13 17:42:18] ERROR [src.ingestion.document_loader.load_directory:71]: Bỏ qua file Artificial_Intelligence_1904.12059v1_ARCHANGEL_ Tamper-proofing Video Archive.pdf do lỗi: Vui lòng cài đặt pdfplumber: pip install pdfplumber
[2026-07-13 17:42:18] INFO [src.ingestion.document_loader.load_document:48]: Đang trích xuất: Artificial_Intelligence_1904.12635v1_Exploration of Self-Propelling Droplets .pdf
[2026-07-13 17:42:18] ERROR [src.ingestion.document_loader.load_directory:71]: Bỏ qua file Artificial_Intelligence_1904.12635v1_Exploration of Self-Propelling Droplets .pdf do lỗi: Vui lòng cài đặt pdfplumber: pip install pdfplumber
[2026-07-13 17:42:18] INFO [src.ingestion.document_loader.load_document:48]: Đang trích xuất: Artificial_Intelligence_1904.12848v6_Unsupervised Data Augmentation for Consi.pdf
[2026-07-13 17:42:18] ERROR [src.ingestion.document_loader.load_directory:71]: Bỏ qua file Artificial_Intelligence_1904.12848v6_Unsupervised Data Augmentation for Consi.pdf do lỗi: Vui lòng cài đặt pdfplumber: pip install pdfplumber
[2026-07-13 17:42:18] INFO [src.ingestion.document_loader.load_document:48]: Đang trích xuất: Artificial_Intelligence_1904.12901v1_Challenges of Real-World Reinforcement L.pdf
[2026-07-13 17:42:18] ERROR [src.ingestion.document_loader.load_directory:71]: Bỏ qua file Artificial_Intelligence_1904.12901v1_Challenges of Real-World Reinforcement L.pdf do lỗi: Vui lòng cài đặt pdfplumber: pip install pdfplumber
[2026-07-13 17:42:18] INFO [src.ingestion.document_loader.load_document:48]: Đang trích xuất: Artificial_Intelligence_1904.13196v1_Semantic Referee_ A Neural-Symbolic Fram.pdf
[2026-07-13 17:42:18] ERROR [src.ingestion.document_loader.load_directory:71]: Bỏ qua file Artificial_Intelligence_1904.13196v1_Semantic Referee_ A Neural-Symbolic Fram.pdf do lỗi: Vui lòng cài đặt pdfplumber: pip install pdfplumber
[2026-07-13 17:42:18] INFO [src.ingestion.document_loader.load_document:48]: Đang trích xuất: Artificial_Intelligence_1904.13333v1_Coevo_ a collaborative design platform w.pdf
[2026-07-13 17:42:18] ERROR [src.ingestion.document_loader.load_directory:71]: Bỏ qua file Artificial_Intelligence_1904.13333v1_Coevo_ a collaborative design platform w.pdf do lỗi: Vui lòng cài đặt pdfplumber: pip install pdfplumber
[2026-07-13 17:42:18] INFO [src.ingestion.document_loader.load_document:48]: Đang trích xuất: Artificial_Intelligence_1905.01984v1_AI-Powered Text Generation for Harmoniou.pdf
[2026-07-13 17:42:18] ERROR [src.ingestion.document_loader.load_directory:71]: Bỏ qua file Artificial_Intelligence_1905.01984v1_AI-Powered Text Generation for Harmoniou.pdf do lỗi: Vui lòng cài đặt pdfplumber: pip install pdfplumber
[2026-07-13 17:42:18] INFO [src.ingestion.document_loader.load_document:48]: Đang trích xuất: Artificial_Intelligence_1905.02019v1_Conditioning LSTM Decoder and Bi-directi.pdf
[2026-07-13 17:42:18] ERROR [src.ingestion.document_loader.load_directory:71]: Bỏ qua file Artificial_Intelligence_1905.02019v1_Conditioning LSTM Decoder and Bi-directi.pdf do lỗi: Vui lòng cài đặt pdfplumber: pip install pdfplumber
[2026-07-13 17:42:18] INFO [src.ingestion.document_loader.load_document:48]: Đang trích xuất: Artificial_Intelligence_1905.02234v2_Image Matters_ Scalable Detection of Off.pdf
[2026-07-13 17:42:18] ERROR [src.ingestion.document_loader.load_directory:71]: Bỏ qua file Artificial_Intelligence_1905.02234v2_Image Matters_ Scalable Detection of Off.pdf do lỗi: Vui lòng cài đặt pdfplumber: pip install pdfplumber
[2026-07-13 17:42:18] INFO [src.ingestion.document_loader.load_document:48]: Đang trích xuất: Artificial_Intelligence_1905.02810v1_Decision Making with Machine Learning an.pdf
[2026-07-13 17:42:18] ERROR [src.ingestion.document_loader.load_directory:71]: Bỏ qua file Artificial_Intelligence_1905.02810v1_Decision Making with Machine Learning an.pdf do lỗi: Vui lòng cài đặt pdfplumber: pip install pdfplumber
[2026-07-13 17:42:18] INFO [src.ingestion.document_loader.load_document:48]: Đang trích xuất: Artificial_Intelligence_1905.02845v1_Feature Selection and Feature Extraction.pdf
[2026-07-13 17:42:18] ERROR [src.ingestion.document_loader.load_directory:71]: Bỏ qua file Artificial_Intelligence_1905.02845v1_Feature Selection and Feature Extraction.pdf do lỗi: Vui lòng cài đặt pdfplumber: pip install pdfplumber
[2026-07-13 17:42:18] INFO [src.ingestion.document_loader.load_document:48]: Đang trích xuất: Artificial_Intelligence_1905.02941v1_Robust Federated Training via Collaborat.pdf
[2026-07-13 17:42:18] ERROR [src.ingestion.document_loader.load_directory:71]: Bỏ qua file Artificial_Intelligence_1905.02941v1_Robust Federated Training via Collaborat.pdf do lỗi: Vui lòng cài đặt pdfplumber: pip install pdfplumber
[2026-07-13 17:42:18] INFO [src.ingestion.document_loader.load_document:48]: Đang trích xuất: Artificial_Intelligence_1905.03362v1_2-bit Model Compression of Deep Convolut.pdf
[2026-07-13 17:42:18] ERROR [src.ingestion.document_loader.load_directory:71]: Bỏ qua file Artificial_Intelligence_1905.03362v1_2-bit Model Compression of Deep Convolut.pdf do lỗi: Vui lòng cài đặt pdfplumber: pip install pdfplumber
[2026-07-13 17:42:18] INFO [src.ingestion.document_loader.load_document:48]: Đang trích xuất: Artificial_Intelligence_1905.03427v1_Variable Neighborhood Search for the Bin.pdf
[2026-07-13 17:42:18] ERROR [src.ingestion.document_loader.load_directory:71]: Bỏ qua file Artificial_Intelligence_1905.03427v1_Variable Neighborhood Search for the Bin.pdf do lỗi: Vui lòng cài đặt pdfplumber: pip install pdfplumber
[2026-07-13 17:42:18] INFO [src.ingestion.document_loader.load_document:48]: Đang trích xuất: Artificial_Intelligence_1906.00744v5_Hierarchical Decision Making by Generati.pdf
[2026-07-13 17:42:18] ERROR [src.ingestion.document_loader.load_directory:71]: Bỏ qua file Artificial_Intelligence_1906.00744v5_Hierarchical Decision Making by Generati.pdf do lỗi: Vui lòng cài đặt pdfplumber: pip install pdfplumber
[2026-07-13 17:42:18] INFO [src.ingestion.document_loader.load_document:48]: Đang trích xuất: Artificial_Intelligence_1906.00805v1_GazeCorrection_Self-Guided Eye Manipulat.pdf
[2026-07-13 17:42:18] ERROR [src.ingestion.document_loader.load_directory:71]: Bỏ qua file Artificial_Intelligence_1906.00805v1_GazeCorrection_Self-Guided Eye Manipulat.pdf do lỗi: Vui lòng cài đặt pdfplumber: pip install pdfplumber
[2026-07-13 17:42:18] INFO [src.ingestion.document_loader.load_document:48]: Đang trích xuất: Artificial_Intelligence_1906.00872v1_From Words to Sentences_ A Progressive L.pdf
[2026-07-13 17:42:18] ERROR [src.ingestion.document_loader.load_directory:71]: Bỏ qua file Artificial_Intelligence_1906.00872v1_From Words to Sentences_ A Progressive L.pdf do lỗi: Vui lòng cài đặt pdfplumber: pip install pdfplumber
[2026-07-13 17:42:18] INFO [src.ingestion.document_loader.load_document:48]: Đang trích xuất: Artificial_Intelligence_1906.01039v1_Neural networks grown and self-organized.pdf
[2026-07-13 17:42:18] ERROR [src.ingestion.document_loader.load_directory:71]: Bỏ qua file Artificial_Intelligence_1906.01039v1_Neural networks grown and self-organized.pdf do lỗi: Vui lòng cài đặt pdfplumber: pip install pdfplumber
[2026-07-13 17:42:18] INFO [src.ingestion.document_loader.load_document:48]: Đang trích xuất: Artificial_Intelligence_1906.01119v1_Analysis and Improvement of Adversarial .pdf
[2026-07-13 17:42:18] ERROR [src.ingestion.document_loader.load_directory:71]: Bỏ qua file Artificial_Intelligence_1906.01119v1_Analysis and Improvement of Adversarial .pdf do lỗi: Vui lòng cài đặt pdfplumber: pip install pdfplumber
[2026-07-13 17:42:18] INFO [src.ingestion.document_loader.load_document:48]: Đang trích xuất: Artificial_Intelligence_1906.01121v1_Adversarial Exploitation of Policy Imita.pdf
[2026-07-13 17:42:18] ERROR [src.ingestion.document_loader.load_directory:71]: Bỏ qua file Artificial_Intelligence_1906.01121v1_Adversarial Exploitation of Policy Imita.pdf do lỗi: Vui lòng cài đặt pdfplumber: pip install pdfplumber
[2026-07-13 17:42:18] INFO [src.ingestion.document_loader.load_document:48]: Đang trích xuất: Artificial_Intelligence_1906.01126v1_Sequential Triggers for Watermarking of .pdf
[2026-07-13 17:42:18] ERROR [src.ingestion.document_loader.load_directory:71]: Bỏ qua file Artificial_Intelligence_1906.01126v1_Sequential Triggers for Watermarking of .pdf do lỗi: Vui lòng cài đặt pdfplumber: pip install pdfplumber
[2026-07-13 17:42:18] INFO [src.ingestion.document_loader.load_document:48]: Đang trích xuất: Artificial_Intelligence_1906.01350v2_Rapidly-Exploring Quotient-Space Trees_ .pdf
[2026-07-13 17:42:18] ERROR [src.ingestion.document_loader.load_directory:71]: Bỏ qua file Artificial_Intelligence_1906.01350v2_Rapidly-Exploring Quotient-Space Trees_ .pdf do lỗi: Vui lòng cài đặt pdfplumber: pip install pdfplumber
[2026-07-13 17:42:18] INFO [src.ingestion.document_loader.load_document:48]: Đang trích xuất: Artificial_Intelligence_1906.01374v1_Autonomous Reinforcement Learning of Mul.pdf
[2026-07-13 17:42:18] ERROR [src.ingestion.document_loader.load_directory:71]: Bỏ qua file Artificial_Intelligence_1906.01374v1_Autonomous Reinforcement Learning of Mul.pdf do lỗi: Vui lòng cài đặt pdfplumber: pip install pdfplumber
[2026-07-13 17:42:18] INFO [src.ingestion.document_loader.load_document:48]: Đang trích xuất: Artificial_Intelligence_1906.01407v1_RL4health_ Crowdsourcing Reinforcement L.pdf
[2026-07-13 17:42:18] ERROR [src.ingestion.document_loader.load_directory:71]: Bỏ qua file Artificial_Intelligence_1906.01407v1_RL4health_ Crowdsourcing Reinforcement L.pdf do lỗi: Vui lòng cài đặt pdfplumber: pip install pdfplumber
[2026-07-13 17:42:18] INFO [src.ingestion.document_loader.load_document:48]: Đang trích xuất: Artificial_Intelligence_1906.01432v1_Knowledge-augmented Column Networks_ Gui.pdf
[2026-07-13 17:42:18] ERROR [src.ingestion.document_loader.load_directory:71]: Bỏ qua file Artificial_Intelligence_1906.01432v1_Knowledge-augmented Column Networks_ Gui.pdf do lỗi: Vui lòng cài đặt pdfplumber: pip install pdfplumber
[2026-07-13 17:42:18] INFO [src.ingestion.document_loader.load_document:48]: Đang trích xuất: Artificial_Intelligence_1906.01470v3_Options as responses_ Grounding behaviou.pdf
[2026-07-13 17:42:18] ERROR [src.ingestion.document_loader.load_directory:71]: Bỏ qua file Artificial_Intelligence_1906.01470v3_Options as responses_ Grounding behaviou.pdf do lỗi: Vui lòng cài đặt pdfplumber: pip install pdfplumber
[2026-07-13 17:42:18] INFO [src.ingestion.document_loader.load_document:48]: Đang trích xuất: Artificial_Intelligence_1906.01504v1_Embedded hyper-parameter tuning by Simul.pdf
[2026-07-13 17:42:18] ERROR [src.ingestion.document_loader.load_directory:71]: Bỏ qua file Artificial_Intelligence_1906.01504v1_Embedded hyper-parameter tuning by Simul.pdf do lỗi: Vui lòng cài đặt pdfplumber: pip install pdfplumber
[2026-07-13 17:42:18] INFO [src.ingestion.document_loader.load_document:48]: Đang trích xuất: Artificial_Intelligence_1906.01562v2_Privacy-preserving Crowd-guided AI Decis.pdf
[2026-07-13 17:42:18] ERROR [src.ingestion.document_loader.load_directory:71]: Bỏ qua file Artificial_Intelligence_1906.01562v2_Privacy-preserving Crowd-guided AI Decis.pdf do lỗi: Vui lòng cài đặt pdfplumber: pip install pdfplumber
[2026-07-13 17:42:18] INFO [src.ingestion.document_loader.load_document:48]: Đang trích xuất: Artificial_Intelligence_2005.11729v2_GoChat_ Goal-oriented Chatbots with Hier.pdf
[2026-07-13 17:42:18] ERROR [src.ingestion.document_loader.load_directory:71]: Bỏ qua file Artificial_Intelligence_2005.11729v2_GoChat_ Goal-oriented Chatbots with Hier.pdf do lỗi: Vui lòng cài đặt pdfplumber: pip install pdfplumber
[2026-07-13 17:42:18] INFO [src.ingestion.document_loader.load_document:48]: Đang trích xuất: Artificial_Intelligence_2005.12737v1_Towards United Reasoning for Automatic I.pdf
[2026-07-13 17:42:18] ERROR [src.ingestion.document_loader.load_directory:71]: Bỏ qua file Artificial_Intelligence_2005.12737v1_Towards United Reasoning for Automatic I.pdf do lỗi: Vui lòng cài đặt pdfplumber: pip install pdfplumber
[2026-07-13 17:42:18] INFO [src.ingestion.document_loader.load_document:48]: Đang trích xuất: Artificial_Intelligence_2005.12826v2_BHN_ A Brain-like Heterogeneous Network.pdf
[2026-07-13 17:42:18] ERROR [src.ingestion.document_loader.load_directory:71]: Bỏ qua file Artificial_Intelligence_2005.12826v2_BHN_ A Brain-like Heterogeneous Network.pdf do lỗi: Vui lòng cài đặt pdfplumber: pip install pdfplumber
[2026-07-13 17:42:18] INFO [src.ingestion.document_loader.load_document:48]: Đang trích xuất: Artificial_Intelligence_2005.12841v1_Applying Evolutionary Metaheuristics for.pdf
[2026-07-13 17:42:18] ERROR [src.ingestion.document_loader.load_directory:71]: Bỏ qua file Artificial_Intelligence_2005.12841v1_Applying Evolutionary Metaheuristics for.pdf do lỗi: Vui lòng cài đặt pdfplumber: pip install pdfplumber
[2026-07-13 17:42:18] INFO [src.ingestion.document_loader.load_document:48]: Đang trích xuất: Artificial_Intelligence_2005.12974v1_Opportunistic Multi-aspect Fairness thro.pdf
[2026-07-13 17:42:18] ERROR [src.ingestion.document_loader.load_directory:71]: Bỏ qua file Artificial_Intelligence_2005.12974v1_Opportunistic Multi-aspect Fairness thro.pdf do lỗi: Vui lòng cài đặt pdfplumber: pip install pdfplumber
[2026-07-13 17:42:18] INFO [src.ingestion.document_loader.load_document:48]: Đang trích xuất: Artificial_Intelligence_2005.13170v1_Chat as Expected_ Learning to Manipulate.pdf
[2026-07-13 17:42:18] ERROR [src.ingestion.document_loader.load_directory:71]: Bỏ qua file Artificial_Intelligence_2005.13170v1_Chat as Expected_ Learning to Manipulate.pdf do lỗi: Vui lòng cài đặt pdfplumber: pip install pdfplumber
[2026-07-13 17:42:18] INFO [src.ingestion.document_loader.load_document:48]: Đang trích xuất: Artificial_Intelligence_2005.13186v1_Beware the evolving _intelligent_ web se.pdf
[2026-07-13 17:42:18] ERROR [src.ingestion.document_loader.load_directory:71]: Bỏ qua file Artificial_Intelligence_2005.13186v1_Beware the evolving _intelligent_ web se.pdf do lỗi: Vui lòng cài đặt pdfplumber: pip install pdfplumber
[2026-07-13 17:42:18] INFO [src.ingestion.document_loader.load_document:48]: Đang trích xuất: Artificial_Intelligence_2005.13596v1_Breiman_s _Two Cultures_ Revisited and R.pdf
[2026-07-13 17:42:18] ERROR [src.ingestion.document_loader.load_directory:71]: Bỏ qua file Artificial_Intelligence_2005.13596v1_Breiman_s _Two Cultures_ Revisited and R.pdf do lỗi: Vui lòng cài đặt pdfplumber: pip install pdfplumber
[2026-07-13 17:42:18] INFO [src.ingestion.document_loader.load_document:48]: Đang trích xuất: Artificial_Intelligence_2005.14037v1_Learning LWF Chain Graphs_ an Order Inde.pdf
[2026-07-13 17:42:18] ERROR [src.ingestion.document_loader.load_directory:71]: Bỏ qua file Artificial_Intelligence_2005.14037v1_Learning LWF Chain Graphs_ an Order Inde.pdf do lỗi: Vui lòng cài đặt pdfplumber: pip install pdfplumber
[2026-07-13 17:42:18] INFO [src.ingestion.document_loader.load_document:48]: Đang trích xuất: Artificial_Intelligence_2005.14156v1_Unlucky Explorer_ A Complete non-Overlap.pdf
[2026-07-13 17:42:18] ERROR [src.ingestion.document_loader.load_directory:71]: Bỏ qua file Artificial_Intelligence_2005.14156v1_Unlucky Explorer_ A Complete non-Overlap.pdf do lỗi: Vui lòng cài đặt pdfplumber: pip install pdfplumber
[2026-07-13 17:42:18] INFO [src.ingestion.document_loader.load_document:48]: Đang trích xuất: Artificial_Intelligence_2005.14230v1_Algorithm Selection Framework for Cyber .pdf
[2026-07-13 17:42:18] ERROR [src.ingestion.document_loader.load_directory:71]: Bỏ qua file Artificial_Intelligence_2005.14230v1_Algorithm Selection Framework for Cyber .pdf do lỗi: Vui lòng cài đặt pdfplumber: pip install pdfplumber
[2026-07-13 17:42:18] INFO [src.ingestion.document_loader.load_document:48]: Đang trích xuất: Artificial_Intelligence_2005.14621v1_Fair Classification via Unconstrained Op.pdf
[2026-07-13 17:42:18] ERROR [src.ingestion.document_loader.load_directory:71]: Bỏ qua file Artificial_Intelligence_2005.14621v1_Fair Classification via Unconstrained Op.pdf do lỗi: Vui lòng cài đặt pdfplumber: pip install pdfplumber
[2026-07-13 17:42:18] INFO [src.ingestion.document_loader.load_document:48]: Đang trích xuất: Artificial_Intelligence_2006.01022v2_A novel approach for multi-agent coopera.pdf
[2026-07-13 17:42:18] ERROR [src.ingestion.document_loader.load_directory:71]: Bỏ qua file Artificial_Intelligence_2006.01022v2_A novel approach for multi-agent coopera.pdf do lỗi: Vui lòng cài đặt pdfplumber: pip install pdfplumber
[2026-07-13 17:42:18] INFO [src.ingestion.document_loader.load_document:48]: Đang trích xuất: Artificial_Intelligence_2006.01096v3_Invariant Policy Optimization_ Towards S.pdf
[2026-07-13 17:42:18] ERROR [src.ingestion.document_loader.load_directory:71]: Bỏ qua file Artificial_Intelligence_2006.01096v3_Invariant Policy Optimization_ Towards S.pdf do lỗi: Vui lòng cài đặt pdfplumber: pip install pdfplumber
[2026-07-13 17:42:19] INFO [src.ingestion.document_loader.load_document:48]: Đang trích xuất: Artificial_Intelligence_2006.01195v1_Revisiting Bounded-Suboptimal Safe Inter.pdf
[2026-07-13 17:42:19] ERROR [src.ingestion.document_loader.load_directory:71]: Bỏ qua file Artificial_Intelligence_2006.01195v1_Revisiting Bounded-Suboptimal Safe Inter.pdf do lỗi: Vui lòng cài đặt pdfplumber: pip install pdfplumber
[2026-07-13 17:42:19] INFO [src.ingestion.document_loader.load_document:48]: Đang trích xuất: Artificial_Intelligence_2006.01784v1_Coordinating Multiagent Industrial Symbi.pdf
[2026-07-13 17:42:19] ERROR [src.ingestion.document_loader.load_directory:71]: Bỏ qua file Artificial_Intelligence_2006.01784v1_Coordinating Multiagent Industrial Symbi.pdf do lỗi: Vui lòng cài đặt pdfplumber: pip install pdfplumber
[2026-07-13 17:42:19] INFO [src.ingestion.document_loader.load_document:48]: Đang trích xuất: Artificial_Intelligence_2006.02046v2_Fairness-Aware Explainable Recommendatio.pdf
[2026-07-13 17:42:19] ERROR [src.ingestion.document_loader.load_directory:71]: Bỏ qua file Artificial_Intelligence_2006.02046v2_Fairness-Aware Explainable Recommendatio.pdf do lỗi: Vui lòng cài đặt pdfplumber: pip install pdfplumber
[2026-07-13 17:42:19] INFO [src.ingestion.document_loader.load_document:48]: Đang trích xuất: Artificial_Intelligence_2006.02078v1_An ExpTime Upper Bound for __mathcal_ALC.pdf
[2026-07-13 17:42:19] ERROR [src.ingestion.document_loader.load_directory:71]: Bỏ qua file Artificial_Intelligence_2006.02078v1_An ExpTime Upper Bound for __mathcal_ALC.pdf do lỗi: Vui lòng cài đặt pdfplumber: pip install pdfplumber
[2026-07-13 17:42:19] INFO [src.ingestion.document_loader.load_document:48]: Đang trích xuất: Artificial_Intelligence_2006.02168v1_A Mixed Initiative Semantic Web Framewor.pdf
[2026-07-13 17:42:19] ERROR [src.ingestion.document_loader.load_directory:71]: Bỏ qua file Artificial_Intelligence_2006.02168v1_A Mixed Initiative Semantic Web Framewor.pdf do lỗi: Vui lòng cài đặt pdfplumber: pip install pdfplumber
[2026-07-13 17:42:19] INFO [src.ingestion.document_loader.load_document:48]: Đang trích xuất: Artificial_Intelligence_2006.02359v1_From Probability to Consilience_ How Exp.pdf
[2026-07-13 17:42:19] ERROR [src.ingestion.document_loader.load_directory:71]: Bỏ qua file Artificial_Intelligence_2006.02359v1_From Probability to Consilience_ How Exp.pdf do lỗi: Vui lòng cài đặt pdfplumber: pip install pdfplumber
[2026-07-13 17:42:19] INFO [src.ingestion.document_loader.load_document:48]: Đang trích xuất: Artificial_Intelligence_2006.04037v1_Reinforcement Learning for Multi-Product.pdf
[2026-07-13 17:42:19] ERROR [src.ingestion.document_loader.load_directory:71]: Bỏ qua file Artificial_Intelligence_2006.04037v1_Reinforcement Learning for Multi-Product.pdf do lỗi: Vui lòng cài đặt pdfplumber: pip install pdfplumber
[2026-07-13 17:42:19] INFO [src.ingestion.document_loader.load_document:48]: Đang trích xuất: Artificial_Intelligence_2006.04161v1_An Empirical Meta-analysis of the Life S.pdf
[2026-07-13 17:42:19] ERROR [src.ingestion.document_loader.load_directory:71]: Bỏ qua file Artificial_Intelligence_2006.04161v1_An Empirical Meta-analysis of the Life S.pdf do lỗi: Vui lòng cài đặt pdfplumber: pip install pdfplumber
[2026-07-13 17:42:19] INFO [src.ingestion.document_loader.load_document:48]: Đang trích xuất: Artificial_Intelligence_2006.04216v1_Efficient AutoML Pipeline Search with Ma.pdf
[2026-07-13 17:42:19] ERROR [src.ingestion.document_loader.load_directory:71]: Bỏ qua file Artificial_Intelligence_2006.04216v1_Efficient AutoML Pipeline Search with Ma.pdf do lỗi: Vui lòng cài đặt pdfplumber: pip install pdfplumber
[2026-07-13 17:42:19] INFO [src.ingestion.document_loader.load_document:48]: Đang trích xuất: Artificial_Intelligence_2006.04331v2_Randomized Policy Learning for Continuou.pdf
[2026-07-13 17:42:19] ERROR [src.ingestion.document_loader.load_directory:71]: Bỏ qua file Artificial_Intelligence_2006.04331v2_Randomized Policy Learning for Continuou.pdf do lỗi: Vui lòng cài đặt pdfplumber: pip install pdfplumber
[2026-07-13 17:42:19] INFO [src.ingestion.document_loader.load_document:48]: Đang trích xuất: Artificial_Intelligence_2006.04387v2_An ASP approach for reasoning in a conce.pdf
[2026-07-13 17:42:19] ERROR [src.ingestion.document_loader.load_directory:71]: Bỏ qua file Artificial_Intelligence_2006.04387v2_An ASP approach for reasoning in a conce.pdf do lỗi: Vui lòng cài đặt pdfplumber: pip install pdfplumber
[2026-07-13 17:42:19] INFO [src.ingestion.document_loader.load_document:48]: Đang trích xuất: Artificial_Intelligence_2006.04435v1_CAST_ A Correlation-based Adaptive Spect.pdf
[2026-07-13 17:42:19] ERROR [src.ingestion.document_loader.load_directory:71]: Bỏ qua file Artificial_Intelligence_2006.04435v1_CAST_ A Correlation-based Adaptive Spect.pdf do lỗi: Vui lòng cài đặt pdfplumber: pip install pdfplumber
[2026-07-13 17:42:19] INFO [src.ingestion.document_loader.load_document:48]: Đang trích xuất: Artificial_Intelligence_2006.04497v1_Learning under Invariable Bayesian Safet.pdf
[2026-07-13 17:42:19] ERROR [src.ingestion.document_loader.load_directory:71]: Bỏ qua file Artificial_Intelligence_2006.04497v1_Learning under Invariable Bayesian Safet.pdf do lỗi: Vui lòng cài đặt pdfplumber: pip install pdfplumber
[2026-07-13 17:42:19] INFO [src.ingestion.document_loader.load_document:48]: Đang trích xuất: Artificial_Intelligence_2006.04697v1_Supervised Whole DAG Causal Discovery.pdf
[2026-07-13 17:42:19] ERROR [src.ingestion.document_loader.load_directory:71]: Bỏ qua file Artificial_Intelligence_2006.04697v1_Supervised Whole DAG Causal Discovery.pdf do lỗi: Vui lòng cài đặt pdfplumber: pip install pdfplumber
[2026-07-13 17:42:19] INFO [src.ingestion.document_loader.load_document:48]: Đang trích xuất: Artificial_Intelligence_2006.04702v3_CycleGT_ Unsupervised Graph-to-Text and .pdf
[2026-07-13 17:42:19] ERROR [src.ingestion.document_loader.load_directory:71]: Bỏ qua file Artificial_Intelligence_2006.04702v3_CycleGT_ Unsupervised Graph-to-Text and .pdf do lỗi: Vui lòng cài đặt pdfplumber: pip install pdfplumber
[2026-07-13 17:42:19] INFO [src.ingestion.document_loader.load_document:48]: Đang trích xuất: Artificial_Intelligence_2006.04707v1_Principles to Practices for Responsible .pdf
[2026-07-13 17:42:19] ERROR [src.ingestion.document_loader.load_directory:71]: Bỏ qua file Artificial_Intelligence_2006.04707v1_Principles to Practices for Responsible .pdf do lỗi: Vui lòng cài đặt pdfplumber: pip install pdfplumber
[2026-07-13 17:42:19] INFO [src.ingestion.document_loader.load_document:48]: Đang trích xuất: Artificial_Intelligence_2006.04757v3_Mathematical Reasoning via Self-supervis.pdf
[2026-07-13 17:42:19] ERROR [src.ingestion.document_loader.load_directory:71]: Bỏ qua file Artificial_Intelligence_2006.04757v3_Mathematical Reasoning via Self-supervis.pdf do lỗi: Vui lòng cài đặt pdfplumber: pip install pdfplumber
[2026-07-13 17:42:19] INFO [src.ingestion.document_loader.load_document:48]: Đang trích xuất: Artificial_Intelligence_2006.05048v3_Policy-focused Agent-based Modeling usin.pdf
[2026-07-13 17:42:19] ERROR [src.ingestion.document_loader.load_directory:71]: Bỏ qua file Artificial_Intelligence_2006.05048v3_Policy-focused Agent-based Modeling usin.pdf do lỗi: Vui lòng cài đặt pdfplumber: pip install pdfplumber
[2026-07-13 17:42:19] INFO [src.ingestion.document_loader.load_document:48]: Đang trích xuất: Artificial_Intelligence_2006.05255v1_DeepFair_ Deep Learning for Improving Fa.pdf
[2026-07-13 17:42:19] ERROR [src.ingestion.document_loader.load_directory:71]: Bỏ qua file Artificial_Intelligence_2006.05255v1_DeepFair_ Deep Learning for Improving Fa.pdf do lỗi: Vui lòng cài đặt pdfplumber: pip install pdfplumber
[2026-07-13 17:42:19] INFO [src.ingestion.document_loader.load_document:48]: Đang trích xuất: Artificial_Intelligence_2006.05832v1_Adaptive Reinforcement Learning through .pdf
[2026-07-13 17:42:19] ERROR [src.ingestion.document_loader.load_directory:71]: Bỏ qua file Artificial_Intelligence_2006.05832v1_Adaptive Reinforcement Learning through .pdf do lỗi: Vui lòng cài đặt pdfplumber: pip install pdfplumber
[2026-07-13 17:42:19] INFO [src.ingestion.document_loader.load_document:48]: Đang trích xuất: Artificial_Intelligence_2006.05986v2_ClarQ_ A large-scale and diverse dataset.pdf
[2026-07-13 17:42:19] ERROR [src.ingestion.document_loader.load_directory:71]: Bỏ qua file Artificial_Intelligence_2006.05986v2_ClarQ_ A large-scale and diverse dataset.pdf do lỗi: Vui lòng cài đặt pdfplumber: pip install pdfplumber
[2026-07-13 17:42:19] INFO [src.ingestion.document_loader.load_document:48]: Đang trích xuất: Artificial_Intelligence_2006.08151v1_Group Decision Support for agriculture p.pdf
[2026-07-13 17:42:19] ERROR [src.ingestion.document_loader.load_directory:71]: Bỏ qua file Artificial_Intelligence_2006.08151v1_Group Decision Support for agriculture p.pdf do lỗi: Vui lòng cài đặt pdfplumber: pip install pdfplumber
[2026-07-13 17:42:19] INFO [src.ingestion.document_loader.load_document:48]: Đang trích xuất: Artificial_Intelligence_2006.08331v1_Probing Neural Dialog Models for Convers.pdf
[2026-07-13 17:42:19] ERROR [src.ingestion.document_loader.load_directory:71]: Bỏ qua file Artificial_Intelligence_2006.08331v1_Probing Neural Dialog Models for Convers.pdf do lỗi: Vui lòng cài đặt pdfplumber: pip install pdfplumber
[2026-07-13 17:42:19] INFO [src.ingestion.document_loader.load_document:48]: Đang trích xuất: Artificial_Intelligence_2006.08333v2_An Algorithm to find Superior Fitness on.pdf
[2026-07-13 17:42:19] ERROR [src.ingestion.document_loader.load_directory:71]: Bỏ qua file Artificial_Intelligence_2006.08333v2_An Algorithm to find Superior Fitness on.pdf do lỗi: Vui lòng cài đặt pdfplumber: pip install pdfplumber
[2026-07-13 17:42:19] INFO [src.ingestion.document_loader.load_document:48]: Đang trích xuất: Artificial_Intelligence_2007.04908v2_Modified Possibilistic Fuzzy C-Means Alg.pdf
[2026-07-13 17:42:19] ERROR [src.ingestion.document_loader.load_directory:71]: Bỏ qua file Artificial_Intelligence_2007.04908v2_Modified Possibilistic Fuzzy C-Means Alg.pdf do lỗi: Vui lòng cài đặt pdfplumber: pip install pdfplumber
[2026-07-13 17:42:19] INFO [src.ingestion.document_loader.load_document:48]: Đang trích xuất: Artificial_Intelligence_2007.04979v1_A Cordial Sync_ Going Beyond Marginal Po.pdf
[2026-07-13 17:42:19] ERROR [src.ingestion.document_loader.load_directory:71]: Bỏ qua file Artificial_Intelligence_2007.04979v1_A Cordial Sync_ Going Beyond Marginal Po.pdf do lỗi: Vui lòng cài đặt pdfplumber: pip install pdfplumber
[2026-07-13 17:42:19] INFO [src.ingestion.document_loader.load_document:48]: Đang trích xuất: Artificial_Intelligence_2007.05683v1_Batch-level Experience Replay with Revie.pdf
[2026-07-13 17:42:19] ERROR [src.ingestion.document_loader.load_directory:71]: Bỏ qua file Artificial_Intelligence_2007.05683v1_Batch-level Experience Replay with Revie.pdf do lỗi: Vui lòng cài đặt pdfplumber: pip install pdfplumber
[2026-07-13 17:42:19] INFO [src.ingestion.document_loader.load_document:48]: Đang trích xuất: Artificial_Intelligence_2007.05896v1_Learning Abstract Models for Strategic E.pdf
[2026-07-13 17:42:19] ERROR [src.ingestion.document_loader.load_directory:71]: Bỏ qua file Artificial_Intelligence_2007.05896v1_Learning Abstract Models for Strategic E.pdf do lỗi: Vui lòng cài đặt pdfplumber: pip install pdfplumber
[2026-07-13 17:42:19] INFO [src.ingestion.document_loader.load_document:48]: Đang trích xuất: Artificial_Intelligence_2007.06207v1_DinerDash Gym_ A Benchmark for Policy Le.pdf
[2026-07-13 17:42:19] ERROR [src.ingestion.document_loader.load_directory:71]: Bỏ qua file Artificial_Intelligence_2007.06207v1_DinerDash Gym_ A Benchmark for Policy Le.pdf do lỗi: Vui lòng cài đặt pdfplumber: pip install pdfplumber
[2026-07-13 17:42:19] INFO [src.ingestion.document_loader.load_document:48]: Đang trích xuất: Artificial_Intelligence_2007.06292v1_Knowledge Graph Driven Approach to Repre.pdf
[2026-07-13 17:42:19] ERROR [src.ingestion.document_loader.load_directory:71]: Bỏ qua file Artificial_Intelligence_2007.06292v1_Knowledge Graph Driven Approach to Repre.pdf do lỗi: Vui lòng cài đặt pdfplumber: pip install pdfplumber
[2026-07-13 17:42:19] INFO [src.ingestion.document_loader.load_document:48]: Đang trích xuất: Artificial_Intelligence_2007.06869v1_Robust Identifiability in Linear Structu.pdf
[2026-07-13 17:42:19] ERROR [src.ingestion.document_loader.load_directory:71]: Bỏ qua file Artificial_Intelligence_2007.06869v1_Robust Identifiability in Linear Structu.pdf do lỗi: Vui lòng cài đặt pdfplumber: pip install pdfplumber
[2026-07-13 17:42:19] INFO [src.ingestion.document_loader.load_document:48]: Đang trích xuất: Artificial_Intelligence_2007.06918v1_Lifelong Learning using Eigentasks_ Task.pdf
[2026-07-13 17:42:19] ERROR [src.ingestion.document_loader.load_directory:71]: Bỏ qua file Artificial_Intelligence_2007.06918v1_Lifelong Learning using Eigentasks_ Task.pdf do lỗi: Vui lòng cài đặt pdfplumber: pip install pdfplumber
[2026-07-13 17:42:19] INFO [src.ingestion.document_loader.load_document:48]: Đang trích xuất: Artificial_Intelligence_2007.07011v2_Lifelong Policy Gradient Learning of Fac.pdf
[2026-07-13 17:42:19] ERROR [src.ingestion.document_loader.load_directory:71]: Bỏ qua file Artificial_Intelligence_2007.07011v2_Lifelong Policy Gradient Learning of Fac.pdf do lỗi: Vui lòng cài đặt pdfplumber: pip install pdfplumber
[2026-07-13 17:42:19] INFO [src.ingestion.document_loader.load_document:48]: Đang trích xuất: Artificial_Intelligence_2007.07170v2_Goal-Aware Prediction_ Learning to Model.pdf
[2026-07-13 17:42:19] ERROR [src.ingestion.document_loader.load_directory:71]: Bỏ qua file Artificial_Intelligence_2007.07170v2_Goal-Aware Prediction_ Learning to Model.pdf do lỗi: Vui lòng cài đặt pdfplumber: pip install pdfplumber
[2026-07-13 17:42:19] INFO [src.ingestion.document_loader.load_document:48]: Đang trích xuất: Artificial_Intelligence_2007.07218v1_Learning Accurate and Human-Like Driving.pdf
[2026-07-13 17:42:19] ERROR [src.ingestion.document_loader.load_directory:71]: Bỏ qua file Artificial_Intelligence_2007.07218v1_Learning Accurate and Human-Like Driving.pdf do lỗi: Vui lòng cài đặt pdfplumber: pip install pdfplumber
[2026-07-13 17:42:19] INFO [src.ingestion.document_loader.load_document:48]: Đang trích xuất: Artificial_Intelligence_2007.07768v2_Opening the Software Engineering Toolbox.pdf
[2026-07-13 17:42:19] ERROR [src.ingestion.document_loader.load_directory:71]: Bỏ qua file Artificial_Intelligence_2007.07768v2_Opening the Software Engineering Toolbox.pdf do lỗi: Vui lòng cài đặt pdfplumber: pip install pdfplumber
[2026-07-13 17:42:19] INFO [src.ingestion.document_loader.load_document:48]: Đang trích xuất: Artificial_Intelligence_2007.07825v1_Intelligent requirements engineering fro.pdf
[2026-07-13 17:42:19] ERROR [src.ingestion.document_loader.load_directory:71]: Bỏ qua file Artificial_Intelligence_2007.07825v1_Intelligent requirements engineering fro.pdf do lỗi: Vui lòng cài đặt pdfplumber: pip install pdfplumber
[2026-07-13 17:42:19] INFO [src.ingestion.document_loader.load_document:48]: Đang trích xuất: Artificial_Intelligence_2007.08351v1_Strengthening Deterministic Policies for.pdf
[2026-07-13 17:42:19] ERROR [src.ingestion.document_loader.load_directory:71]: Bỏ qua file Artificial_Intelligence_2007.08351v1_Strengthening Deterministic Policies for.pdf do lỗi: Vui lòng cài đặt pdfplumber: pip install pdfplumber
[2026-07-13 17:42:19] INFO [src.ingestion.document_loader.load_document:48]: Đang trích xuất: Artificial_Intelligence_2007.08451v1_Specification mining and automated task .pdf
[2026-07-13 17:42:19] ERROR [src.ingestion.document_loader.load_directory:71]: Bỏ qua file Artificial_Intelligence_2007.08451v1_Specification mining and automated task .pdf do lỗi: Vui lòng cài đặt pdfplumber: pip install pdfplumber
[2026-07-13 17:42:19] INFO [src.ingestion.document_loader.load_document:48]: Đang trích xuất: Artificial_Intelligence_2007.08459v2_PC-PG_ Policy Cover Directed Exploration.pdf
[2026-07-13 17:42:19] ERROR [src.ingestion.document_loader.load_directory:71]: Bỏ qua file Artificial_Intelligence_2007.08459v2_PC-PG_ Policy Cover Directed Exploration.pdf do lỗi: Vui lòng cài đặt pdfplumber: pip install pdfplumber
[2026-07-13 17:42:19] INFO [src.ingestion.document_loader.load_document:48]: Đang trích xuất: Artificial_Intelligence_2007.08557v1_Unsupervised Text Generation by Learning.pdf
[2026-07-13 17:42:19] ERROR [src.ingestion.document_loader.load_directory:71]: Bỏ qua file Artificial_Intelligence_2007.08557v1_Unsupervised Text Generation by Learning.pdf do lỗi: Vui lòng cài đặt pdfplumber: pip install pdfplumber
[2026-07-13 17:42:19] INFO [src.ingestion.document_loader.load_document:48]: Đang trích xuất: Artificial_Intelligence_2007.08690v1_Transfer Deep Reinforcement Learning-ena.pdf
[2026-07-13 17:42:19] ERROR [src.ingestion.document_loader.load_directory:71]: Bỏ qua file Artificial_Intelligence_2007.08690v1_Transfer Deep Reinforcement Learning-ena.pdf do lỗi: Vui lòng cài đặt pdfplumber: pip install pdfplumber
[2026-07-13 17:42:19] INFO [src.ingestion.document_loader.load_document:48]: Đang trích xuất: Artificial_Intelligence_2007.09540v1_Multi-Principal Assistance Games.pdf
[2026-07-13 17:42:19] ERROR [src.ingestion.document_loader.load_directory:71]: Bỏ qua file Artificial_Intelligence_2007.09540v1_Multi-Principal Assistance Games.pdf do lỗi: Vui lòng cài đặt pdfplumber: pip install pdfplumber
[2026-07-13 17:42:19] INFO [src.ingestion.document_loader.load_document:48]: Đang trích xuất: Artificial_Intelligence_2007.09815v3_Event Prediction in the Big Data Era_ A .pdf
[2026-07-13 17:42:19] ERROR [src.ingestion.document_loader.load_directory:71]: Bỏ qua file Artificial_Intelligence_2007.09815v3_Event Prediction in the Big Data Era_ A .pdf do lỗi: Vui lòng cài đặt pdfplumber: pip install pdfplumber
[2026-07-13 17:42:19] INFO [src.ingestion.document_loader.load_document:48]: Đang trích xuất: Artificial_Intelligence_2007.10018v1_Toward Machine-Guided_ Human-Initiated E.pdf
[2026-07-13 17:42:19] ERROR [src.ingestion.document_loader.load_directory:71]: Bỏ qua file Artificial_Intelligence_2007.10018v1_Toward Machine-Guided_ Human-Initiated E.pdf do lỗi: Vui lòng cài đặt pdfplumber: pip install pdfplumber
[2026-07-13 17:42:19] INFO [src.ingestion.document_loader.load_document:48]: Đang trích xuất: Artificial_Intelligence_2007.10400v1_Phase Transition Behavior in Knowledge C.pdf
[2026-07-13 17:42:19] ERROR [src.ingestion.document_loader.load_directory:71]: Bỏ qua file Artificial_Intelligence_2007.10400v1_Phase Transition Behavior in Knowledge C.pdf do lỗi: Vui lòng cài đặt pdfplumber: pip install pdfplumber
[2026-07-13 17:42:19] INFO [src.ingestion.document_loader.load_document:48]: Đang trích xuất: Artificial_Intelligence_2007.10420v1_Non-Markov Policies to Reduce Sequential.pdf
[2026-07-13 17:42:19] ERROR [src.ingestion.document_loader.load_directory:71]: Bỏ qua file Artificial_Intelligence_2007.10420v1_Non-Markov Policies to Reduce Sequential.pdf do lỗi: Vui lòng cài đặt pdfplumber: pip install pdfplumber
[2026-07-13 17:42:19] INFO [src.ingestion.document_loader.load_document:48]: Đang trích xuất: Artificial_Intelligence_2007.11038v1_Sistema experto para el diagnóstico de e.pdf
[2026-07-13 17:42:19] ERROR [src.ingestion.document_loader.load_directory:71]: Bỏ qua file Artificial_Intelligence_2007.11038v1_Sistema experto para el diagnóstico de e.pdf do lỗi: Vui lòng cài đặt pdfplumber: pip install pdfplumber
[2026-07-13 17:42:19] INFO [src.ingestion.document_loader.load_document:48]: Đang trích xuất: Artificial_Intelligence_2007.12020v1_Few-shot Visual Reasoning with Meta-anal.pdf
[2026-07-13 17:42:19] ERROR [src.ingestion.document_loader.load_directory:71]: Bỏ qua file Artificial_Intelligence_2007.12020v1_Few-shot Visual Reasoning with Meta-anal.pdf do lỗi: Vui lòng cài đặt pdfplumber: pip install pdfplumber
[2026-07-13 17:42:19] INFO [src.ingestion.document_loader.load_document:48]: Đang trích xuất: Artificial_Intelligence_2007.12447v1_Towards Automated Discovery of Geometric.pdf
[2026-07-13 17:42:19] ERROR [src.ingestion.document_loader.load_directory:71]: Bỏ qua file Artificial_Intelligence_2007.12447v1_Towards Automated Discovery of Geometric.pdf do lỗi: Vui lòng cài đặt pdfplumber: pip install pdfplumber
[2026-07-13 17:42:19] INFO [src.ingestion.document_loader.load_document:48]: Đang trích xuất: Artificial_Intelligence_2007.12500v1_Semi-supervised Learning From Demonstrat.pdf
[2026-07-13 17:42:19] ERROR [src.ingestion.document_loader.load_directory:71]: Bỏ qua file Artificial_Intelligence_2007.12500v1_Semi-supervised Learning From Demonstrat.pdf do lỗi: Vui lòng cài đặt pdfplumber: pip install pdfplumber
[2026-07-13 17:42:19] INFO [src.ingestion.document_loader.load_document:48]: Đang trích xuất: Artificial_Intelligence_2007.12631v1_On the Programmatic Generation of Reprod.pdf
[2026-07-13 17:42:19] ERROR [src.ingestion.document_loader.load_directory:71]: Bỏ qua file Artificial_Intelligence_2007.12631v1_On the Programmatic Generation of Reprod.pdf do lỗi: Vui lòng cài đặt pdfplumber: pip install pdfplumber
[2026-07-13 17:42:19] INFO [src.ingestion.document_loader.load_document:48]: Đang trích xuất: Artificial_Intelligence_2008.00150v1_Cluster-Based Information Retrieval by u.pdf
[2026-07-13 17:42:19] ERROR [src.ingestion.document_loader.load_directory:71]: Bỏ qua file Artificial_Intelligence_2008.00150v1_Cluster-Based Information Retrieval by u.pdf do lỗi: Vui lòng cài đặt pdfplumber: pip install pdfplumber
[2026-07-13 17:42:19] INFO [src.ingestion.document_loader.load_document:48]: Đang trích xuất: Artificial_Intelligence_2008.00178v1_Contrastive Explanations in Neural Netwo.pdf
[2026-07-13 17:42:19] ERROR [src.ingestion.document_loader.load_directory:71]: Bỏ qua file Artificial_Intelligence_2008.00178v1_Contrastive Explanations in Neural Netwo.pdf do lỗi: Vui lòng cài đặt pdfplumber: pip install pdfplumber
[2026-07-13 17:42:19] INFO [src.ingestion.document_loader.load_document:48]: Đang trích xuất: Artificial_Intelligence_2008.00208v1_Service Chain Composition with Failures .pdf
[2026-07-13 17:42:19] ERROR [src.ingestion.document_loader.load_directory:71]: Bỏ qua file Artificial_Intelligence_2008.00208v1_Service Chain Composition with Failures .pdf do lỗi: Vui lòng cài đặt pdfplumber: pip install pdfplumber
[2026-07-13 17:42:19] INFO [src.ingestion.document_loader.load_document:48]: Đang trích xuất: Artificial_Intelligence_2008.00304v1_SemEval-2020 Task 7_ Assessing Humor in .pdf
[2026-07-13 17:42:19] ERROR [src.ingestion.document_loader.load_directory:71]: Bỏ qua file Artificial_Intelligence_2008.00304v1_SemEval-2020 Task 7_ Assessing Humor in .pdf do lỗi: Vui lòng cài đặt pdfplumber: pip install pdfplumber
[2026-07-13 17:42:19] INFO [src.ingestion.document_loader.load_document:48]: Đang trích xuất: Artificial_Intelligence_2008.00463v1_Structural Causal Models Are _Solvable b.pdf
[2026-07-13 17:42:19] ERROR [src.ingestion.document_loader.load_directory:71]: Bỏ qua file Artificial_Intelligence_2008.00463v1_Structural Causal Models Are _Solvable b.pdf do lỗi: Vui lòng cài đặt pdfplumber: pip install pdfplumber
[2026-07-13 17:42:19] INFO [src.ingestion.document_loader.load_document:48]: Đang trích xuất: Artificial_Intelligence_2008.00614v1_Dynamics Generalization via Information .pdf
[2026-07-13 17:42:19] ERROR [src.ingestion.document_loader.load_directory:71]: Bỏ qua file Artificial_Intelligence_2008.00614v1_Dynamics Generalization via Information .pdf do lỗi: Vui lòng cài đặt pdfplumber: pip install pdfplumber
[2026-07-13 17:42:19] INFO [src.ingestion.document_loader.load_document:48]: Đang trích xuất: Artificial_Intelligence_2008.00699v1_Getting to Know One Another_ Calibrating.pdf
[2026-07-13 17:42:19] ERROR [src.ingestion.document_loader.load_directory:71]: Bỏ qua file Artificial_Intelligence_2008.00699v1_Getting to Know One Another_ Calibrating.pdf do lỗi: Vui lòng cài đặt pdfplumber: pip install pdfplumber
[2026-07-13 17:42:19] INFO [src.ingestion.document_loader.load_document:48]: Đang trích xuất: Artificial_Intelligence_2008.01415v2_Modular Constraint Solver Cooperation vi.pdf
[2026-07-13 17:42:19] ERROR [src.ingestion.document_loader.load_directory:71]: Bỏ qua file Artificial_Intelligence_2008.01415v2_Modular Constraint Solver Cooperation vi.pdf do lỗi: Vui lòng cài đặt pdfplumber: pip install pdfplumber
[2026-07-13 17:42:19] INFO [src.ingestion.document_loader.load_document:48]: Đang trích xuất: Artificial_Intelligence_2008.01609v1_Exploiting Game Theory for Analysing Jus.pdf
[2026-07-13 17:42:19] ERROR [src.ingestion.document_loader.load_directory:71]: Bỏ qua file Artificial_Intelligence_2008.01609v1_Exploiting Game Theory for Analysing Jus.pdf do lỗi: Vui lòng cài đặt pdfplumber: pip install pdfplumber
[2026-07-13 17:42:19] INFO [src.ingestion.document_loader.load_document:48]: Đang trích xuất: Artificial_Intelligence_2008.01641v1_Exploring Variational Deep Q Networks.pdf
[2026-07-13 17:42:19] ERROR [src.ingestion.document_loader.load_directory:71]: Bỏ qua file Artificial_Intelligence_2008.01641v1_Exploring Variational Deep Q Networks.pdf do lỗi: Vui lòng cài đặt pdfplumber: pip install pdfplumber
[2026-07-13 17:42:19] INFO [src.ingestion.document_loader.load_document:48]: Đang trích xuất: Artificial_Intelligence_2008.01700v2_EasyRL_ A Simple and Extensible Reinforc.pdf
[2026-07-13 17:42:19] ERROR [src.ingestion.document_loader.load_directory:71]: Bỏ qua file Artificial_Intelligence_2008.01700v2_EasyRL_ A Simple and Extensible Reinforc.pdf do lỗi: Vui lòng cài đặt pdfplumber: pip install pdfplumber
[2026-07-13 17:42:19] INFO [src.ingestion.document_loader.load_document:48]: Đang trích xuất: Artificial_Intelligence_2008.02018v1_eclingo_ A solver for Epistemic Logic Pr.pdf
[2026-07-13 17:42:19] ERROR [src.ingestion.document_loader.load_directory:71]: Bỏ qua file Artificial_Intelligence_2008.02018v1_eclingo_ A solver for Epistemic Logic Pr.pdf do lỗi: Vui lòng cài đặt pdfplumber: pip install pdfplumber
[2026-07-13 17:42:19] INFO [src.ingestion.document_loader.load_document:48]: Đang trích xuất: Artificial_Intelligence_2008.02312v4_Axiom-based Grad-CAM_ Towards Accurate V.pdf
[2026-07-13 17:42:19] ERROR [src.ingestion.document_loader.load_directory:71]: Bỏ qua file Artificial_Intelligence_2008.02312v4_Axiom-based Grad-CAM_ Towards Accurate V.pdf do lỗi: Vui lòng cài đặt pdfplumber: pip install pdfplumber
[2026-07-13 17:42:19] INFO [src.ingestion.document_loader.load_document:48]: Đang trích xuất: Artificial_Intelligence_2008.02616v2_The Emergence of Adversarial Communicati.pdf
[2026-07-13 17:42:19] ERROR [src.ingestion.document_loader.load_directory:71]: Bỏ qua file Artificial_Intelligence_2008.02616v2_The Emergence of Adversarial Communicati.pdf do lỗi: Vui lòng cài đặt pdfplumber: pip install pdfplumber
[2026-07-13 17:42:19] INFO [src.ingestion.document_loader.load_document:48]: Đang trích xuất: Artificial_Intelligence_2008.02646v1_Deep Reinforcement Learning for Tactile .pdf
[2026-07-13 17:42:19] ERROR [src.ingestion.document_loader.load_directory:71]: Bỏ qua file Artificial_Intelligence_2008.02646v1_Deep Reinforcement Learning for Tactile .pdf do lỗi: Vui lòng cài đặt pdfplumber: pip install pdfplumber
[2026-07-13 17:42:19] INFO [src.ingestion.document_loader.load_document:48]: Đang trích xuất: Artificial_Intelligence_2008.02735v1_Towards Ranking-based Semantics for Abst.pdf
[2026-07-13 17:42:19] ERROR [src.ingestion.document_loader.load_directory:71]: Bỏ qua file Artificial_Intelligence_2008.02735v1_Towards Ranking-based Semantics for Abst.pdf do lỗi: Vui lòng cài đặt pdfplumber: pip install pdfplumber
[2026-07-13 17:42:19] INFO [src.ingestion.document_loader.load_document:48]: Đang trích xuất: Artificial_Intelligence_2008.03323v3_COVID-19 in differential diagnosis of on.pdf
[2026-07-13 17:42:19] ERROR [src.ingestion.document_loader.load_directory:71]: Bỏ qua file Artificial_Intelligence_2008.03323v3_COVID-19 in differential diagnosis of on.pdf do lỗi: Vui lòng cài đặt pdfplumber: pip install pdfplumber
[2026-07-13 17:42:19] INFO [src.ingestion.document_loader.load_document:48]: Đang trích xuất: Artificial_Intelligence_2008.03519v1_Learning abstract structure for drawing .pdf
[2026-07-13 17:42:19] ERROR [src.ingestion.document_loader.load_directory:71]: Bỏ qua file Artificial_Intelligence_2008.03519v1_Learning abstract structure for drawing .pdf do lỗi: Vui lòng cài đặt pdfplumber: pip install pdfplumber
[2026-07-13 17:42:19] INFO [src.ingestion.document_loader.load_document:48]: Đang trích xuất: Artificial_Intelligence_2008.03707v1_Risk-Sensitive Markov Decision Processes.pdf
[2026-07-13 17:42:19] ERROR [src.ingestion.document_loader.load_directory:71]: Bỏ qua file Artificial_Intelligence_2008.03707v1_Risk-Sensitive Markov Decision Processes.pdf do lỗi: Vui lòng cài đặt pdfplumber: pip install pdfplumber
[2026-07-13 17:42:19] INFO [src.ingestion.document_loader.load_document:48]: Đang trích xuất: Artificial_Intelligence_2008.03787v1_Neural Manipulation Planning on Constrai.pdf
[2026-07-13 17:42:19] ERROR [src.ingestion.document_loader.load_directory:71]: Bỏ qua file Artificial_Intelligence_2008.03787v1_Neural Manipulation Planning on Constrai.pdf do lỗi: Vui lòng cài đặt pdfplumber: pip install pdfplumber
[2026-07-13 17:42:19] INFO [src.ingestion.document_loader.load_document:48]: Đang trích xuất: Artificial_Intelligence_2008.03900v2_Wikidata Constraints on MARS _Extended T.pdf
[2026-07-13 17:42:19] ERROR [src.ingestion.document_loader.load_directory:71]: Bỏ qua file Artificial_Intelligence_2008.03900v2_Wikidata Constraints on MARS _Extended T.pdf do lỗi: Vui lòng cài đặt pdfplumber: pip install pdfplumber
[2026-07-13 17:42:19] INFO [src.ingestion.document_loader.load_document:48]: Đang trích xuất: Artificial_Intelligence_2008.04105v1_Distributed Deep Reinforcement Learning .pdf
[2026-07-13 17:42:19] ERROR [src.ingestion.document_loader.load_directory:71]: Bỏ qua file Artificial_Intelligence_2008.04105v1_Distributed Deep Reinforcement Learning .pdf do lỗi: Vui lòng cài đặt pdfplumber: pip install pdfplumber
[2026-07-13 17:42:19] INFO [src.ingestion.document_loader.load_document:48]: Đang trích xuất: Artificial_Intelligence_2008.04165v2_Proof-Carrying Plans_ a Resource Logic f.pdf
[2026-07-13 17:42:19] ERROR [src.ingestion.document_loader.load_directory:71]: Bỏ qua file Artificial_Intelligence_2008.04165v2_Proof-Carrying Plans_ a Resource Logic f.pdf do lỗi: Vui lòng cài đặt pdfplumber: pip install pdfplumber
[2026-07-13 17:42:19] INFO [src.ingestion.document_loader.load_document:48]: Đang trích xuất: Artificial_Intelligence_2008.04256v1_Purely Bayesian counterfactuals versus N.pdf
[2026-07-13 17:42:19] ERROR [src.ingestion.document_loader.load_directory:71]: Bỏ qua file Artificial_Intelligence_2008.04256v1_Purely Bayesian counterfactuals versus N.pdf do lỗi: Vui lòng cài đặt pdfplumber: pip install pdfplumber
[2026-07-13 17:42:19] INFO [src.ingestion.document_loader.load_document:48]: Đang trích xuất: Artificial_Intelligence_2008.04407v1_Fault-Tolerant Control of Degrading Syst.pdf
[2026-07-13 17:42:19] ERROR [src.ingestion.document_loader.load_directory:71]: Bỏ qua file Artificial_Intelligence_2008.04407v1_Fault-Tolerant Control of Degrading Syst.pdf do lỗi: Vui lòng cài đặt pdfplumber: pip install pdfplumber
[2026-07-13 17:42:19] INFO [src.ingestion.document_loader.load_document:48]: Đang trích xuất: Artificial_Intelligence_2008.04774v2_SMT-based Safety Verification of Paramet.pdf
[2026-07-13 17:42:19] ERROR [src.ingestion.document_loader.load_directory:71]: Bỏ qua file Artificial_Intelligence_2008.04774v2_SMT-based Safety Verification of Paramet.pdf do lỗi: Vui lòng cài đặt pdfplumber: pip install pdfplumber
[2026-07-13 17:42:19] INFO [src.ingestion.document_loader.load_document:48]: Đang trích xuất: Artificial_Intelligence_2008.04970v1_Metaheuristics for the operating theater.pdf
[2026-07-13 17:42:19] ERROR [src.ingestion.document_loader.load_directory:71]: Bỏ qua file Artificial_Intelligence_2008.04970v1_Metaheuristics for the operating theater.pdf do lỗi: Vui lòng cài đặt pdfplumber: pip install pdfplumber
[2026-07-13 17:42:19] INFO [src.ingestion.document_loader.load_document:48]: Đang trích xuất: Artificial_Intelligence_2008.05239v3_A Knowledge Graph for Assessing Aggressi.pdf
[2026-07-13 17:42:19] ERROR [src.ingestion.document_loader.load_directory:71]: Bỏ qua file Artificial_Intelligence_2008.05239v3_A Knowledge Graph for Assessing Aggressi.pdf do lỗi: Vui lòng cài đặt pdfplumber: pip install pdfplumber
[2026-07-13 17:42:19] INFO [src.ingestion.document_loader.load_document:48]: Đang trích xuất: Artificial_Intelligence_2008.05580v1_Toward the quantification of cognition.pdf
[2026-07-13 17:42:19] ERROR [src.ingestion.document_loader.load_directory:71]: Bỏ qua file Artificial_Intelligence_2008.05580v1_Toward the quantification of cognition.pdf do lỗi: Vui lòng cài đặt pdfplumber: pip install pdfplumber
[2026-07-13 17:42:19] INFO [src.ingestion.document_loader.load_document:48]: Đang trích xuất: Artificial_Intelligence_2008.05789v1_Look_ Listen_ and Attend_ Co-Attention N.pdf
[2026-07-13 17:42:19] ERROR [src.ingestion.document_loader.load_directory:71]: Bỏ qua file Artificial_Intelligence_2008.05789v1_Look_ Listen_ and Attend_ Co-Attention N.pdf do lỗi: Vui lòng cài đặt pdfplumber: pip install pdfplumber
[2026-07-13 17:42:19] INFO [src.ingestion.document_loader.load_document:48]: Đang trích xuất: Artificial_Intelligence_2008.06073v1_Visuomotor Mechanical Search_ Learning t.pdf
[2026-07-13 17:42:19] ERROR [src.ingestion.document_loader.load_directory:71]: Bỏ qua file Artificial_Intelligence_2008.06073v1_Visuomotor Mechanical Search_ Learning t.pdf do lỗi: Vui lòng cài đặt pdfplumber: pip install pdfplumber
[2026-07-13 17:42:19] INFO [src.ingestion.document_loader.load_document:48]: Đang trích xuất: Artificial_Intelligence_2008.06626v1_Safe Reinforcement Learning in Constrain.pdf
[2026-07-13 17:42:19] ERROR [src.ingestion.document_loader.load_directory:71]: Bỏ qua file Artificial_Intelligence_2008.06626v1_Safe Reinforcement Learning in Constrain.pdf do lỗi: Vui lòng cài đặt pdfplumber: pip install pdfplumber
[2026-07-13 17:42:19] INFO [src.ingestion.document_loader.load_document:48]: Đang trích xuất: Artificial_Intelligence_2008.06693v4_Explainability in Deep Reinforcement Lea.pdf
[2026-07-13 17:42:19] ERROR [src.ingestion.document_loader.load_directory:71]: Bỏ qua file Artificial_Intelligence_2008.06693v4_Explainability in Deep Reinforcement Lea.pdf do lỗi: Vui lòng cài đặt pdfplumber: pip install pdfplumber
[2026-07-13 17:42:19] INFO [src.ingestion.document_loader.load_document:48]: Đang trích xuất: Artificial_Intelligence_2008.06696v1_Autonomous Braking and Throttle System_ .pdf
[2026-07-13 17:42:19] ERROR [src.ingestion.document_loader.load_directory:71]: Bỏ qua file Artificial_Intelligence_2008.06696v1_Autonomous Braking and Throttle System_ .pdf do lỗi: Vui lòng cài đặt pdfplumber: pip install pdfplumber
[2026-07-13 17:42:19] INFO [src.ingestion.document_loader.load_document:48]: Đang trích xuất: Artificial_Intelligence_2008.06775v1_Model Patching_ Closing the Subgroup Per.pdf
[2026-07-13 17:42:19] ERROR [src.ingestion.document_loader.load_directory:71]: Bỏ qua file Artificial_Intelligence_2008.06775v1_Model Patching_ Closing the Subgroup Per.pdf do lỗi: Vui lòng cài đặt pdfplumber: pip install pdfplumber
[2026-07-13 17:42:19] INFO [src.ingestion.document_loader.load_document:48]: Đang trích xuất: Artificial_Intelligence_2008.07328v1_An Ontological AI-and-Law Framework for .pdf
[2026-07-13 17:42:19] ERROR [src.ingestion.document_loader.load_directory:71]: Bỏ qua file Artificial_Intelligence_2008.07328v1_An Ontological AI-and-Law Framework for .pdf do lỗi: Vui lòng cài đặt pdfplumber: pip install pdfplumber
[2026-07-13 17:42:19] INFO [src.ingestion.document_loader.load_document:48]: Đang trích xuất: Artificial_Intelligence_2012.11903v1_Modelling Human Routines_ Conceptualisin.pdf
[2026-07-13 17:42:19] ERROR [src.ingestion.document_loader.load_directory:71]: Bỏ qua file Artificial_Intelligence_2012.11903v1_Modelling Human Routines_ Conceptualisin.pdf do lỗi: Vui lòng cài đặt pdfplumber: pip install pdfplumber
[2026-07-13 17:42:19] INFO [src.ingestion.document_loader.load_document:48]: Đang trích xuất: Artificial_Intelligence_2012.12104v1_A Deep Reinforcement Learning Approach f.pdf
[2026-07-13 17:42:19] ERROR [src.ingestion.document_loader.load_directory:71]: Bỏ qua file Artificial_Intelligence_2012.12104v1_A Deep Reinforcement Learning Approach f.pdf do lỗi: Vui lòng cài đặt pdfplumber: pip install pdfplumber
[2026-07-13 17:42:19] INFO [src.ingestion.document_loader.load_document:48]: Đang trích xuất: Artificial_Intelligence_2012.12447v1_Skeleton-based Approaches based on Machi.pdf
[2026-07-13 17:42:19] ERROR [src.ingestion.document_loader.load_directory:71]: Bỏ qua file Artificial_Intelligence_2012.12447v1_Skeleton-based Approaches based on Machi.pdf do lỗi: Vui lòng cài đặt pdfplumber: pip install pdfplumber
[2026-07-13 17:42:19] INFO [src.ingestion.document_loader.load_document:48]: Đang trích xuất: Artificial_Intelligence_2012.12634v1_Overview of FPGA deep learning accelerat.pdf
[2026-07-13 17:42:19] ERROR [src.ingestion.document_loader.load_directory:71]: Bỏ qua file Artificial_Intelligence_2012.12634v1_Overview of FPGA deep learning accelerat.pdf do lỗi: Vui lòng cài đặt pdfplumber: pip install pdfplumber
[2026-07-13 17:42:19] INFO [src.ingestion.document_loader.load_document:48]: Đang trích xuất: Artificial_Intelligence_2012.12718v1_Compliance Generation for Privacy Docume.pdf
[2026-07-13 17:42:19] ERROR [src.ingestion.document_loader.load_directory:71]: Bỏ qua file Artificial_Intelligence_2012.12718v1_Compliance Generation for Privacy Docume.pdf do lỗi: Vui lòng cài đặt pdfplumber: pip install pdfplumber
[2026-07-13 17:42:19] INFO [src.ingestion.document_loader.load_document:48]: Đang trích xuất: Artificial_Intelligence_2012.13026v1_Rethink AI-based Power Grid Control_ Div.pdf
[2026-07-13 17:42:19] ERROR [src.ingestion.document_loader.load_directory:71]: Bỏ qua file Artificial_Intelligence_2012.13026v1_Rethink AI-based Power Grid Control_ Div.pdf do lỗi: Vui lòng cài đặt pdfplumber: pip install pdfplumber
[2026-07-13 17:42:19] INFO [src.ingestion.document_loader.load_document:48]: Đang trích xuất: Artificial_Intelligence_2012.13293v1_Fuzzy Commitments Offer Insufficient Pro.pdf
[2026-07-13 17:42:19] ERROR [src.ingestion.document_loader.load_directory:71]: Bỏ qua file Artificial_Intelligence_2012.13293v1_Fuzzy Commitments Offer Insufficient Pro.pdf do lỗi: Vui lòng cài đặt pdfplumber: pip install pdfplumber
[2026-07-13 17:42:19] INFO [src.ingestion.document_loader.load_document:48]: Đang trích xuất: Artificial_Intelligence_2012.13315v1_Generalization in portfolio-based algori.pdf
[2026-07-13 17:42:19] ERROR [src.ingestion.document_loader.load_directory:71]: Bỏ qua file Artificial_Intelligence_2012.13315v1_Generalization in portfolio-based algori.pdf do lỗi: Vui lòng cài đặt pdfplumber: pip install pdfplumber
[2026-07-13 17:42:19] INFO [src.ingestion.document_loader.load_document:48]: Đang trích xuất: Artificial_Intelligence_2012.13391v2_I like fish_ especially dolphins_ Addres.pdf
[2026-07-13 17:42:19] ERROR [src.ingestion.document_loader.load_directory:71]: Bỏ qua file Artificial_Intelligence_2012.13391v2_I like fish_ especially dolphins_ Addres.pdf do lỗi: Vui lòng cài đặt pdfplumber: pip install pdfplumber
[2026-07-13 17:42:19] INFO [src.ingestion.document_loader.load_document:48]: Đang trích xuất: Artificial_Intelligence_2012.13569v1_Dynamic-K Recommendation with Personaliz.pdf
[2026-07-13 17:42:19] ERROR [src.ingestion.document_loader.load_directory:71]: Bỏ qua file Artificial_Intelligence_2012.13569v1_Dynamic-K Recommendation with Personaliz.pdf do lỗi: Vui lòng cài đặt pdfplumber: pip install pdfplumber
[2026-07-13 17:42:19] INFO [src.ingestion.document_loader.load_document:48]: Đang trích xuất: Artificial_Intelligence_2012.13666v1_PaXNet_ Dental Caries Detection in Panor.pdf
[2026-07-13 17:42:19] ERROR [src.ingestion.document_loader.load_directory:71]: Bỏ qua file Artificial_Intelligence_2012.13666v1_PaXNet_ Dental Caries Detection in Panor.pdf do lỗi: Vui lòng cài đặt pdfplumber: pip install pdfplumber
[2026-07-13 17:42:19] INFO [src.ingestion.document_loader.load_document:48]: Đang trích xuất: Artificial_Intelligence_2012.13677v1_Toward Compact Data from Big Data.pdf
[2026-07-13 17:42:19] ERROR [src.ingestion.document_loader.load_directory:71]: Bỏ qua file Artificial_Intelligence_2012.13677v1_Toward Compact Data from Big Data.pdf do lỗi: Vui lòng cài đặt pdfplumber: pip install pdfplumber
[2026-07-13 17:42:19] INFO [src.ingestion.document_loader.load_document:48]: Đang trích xuất: Artificial_Intelligence_2012.13779v1_Towards sample-efficient episodic contro.pdf
[2026-07-13 17:42:19] ERROR [src.ingestion.document_loader.load_directory:71]: Bỏ qua file Artificial_Intelligence_2012.13779v1_Towards sample-efficient episodic contro.pdf do lỗi: Vui lòng cài đặt pdfplumber: pip install pdfplumber
[2026-07-13 17:42:19] INFO [src.ingestion.document_loader.load_document:48]: Đang trích xuất: Artificial_Intelligence_2012.14005v1_Neural document expansion for ad-hoc inf.pdf
[2026-07-13 17:42:19] ERROR [src.ingestion.document_loader.load_directory:71]: Bỏ qua file Artificial_Intelligence_2012.14005v1_Neural document expansion for ad-hoc inf.pdf do lỗi: Vui lòng cài đặt pdfplumber: pip install pdfplumber
[2026-07-13 17:42:19] INFO [src.ingestion.document_loader.load_document:48]: Đang trích xuất: Computer_Networks_1904.07956v3_An Efficient Framework for Network Code .pdf
[2026-07-13 17:42:19] ERROR [src.ingestion.document_loader.load_directory:71]: Bỏ qua file Computer_Networks_1904.07956v3_An Efficient Framework for Network Code .pdf do lỗi: Vui lòng cài đặt pdfplumber: pip install pdfplumber
[2026-07-13 17:42:19] INFO [src.ingestion.document_loader.load_document:48]: Đang trích xuất: Computer_Networks_1904.07962v1_System-Level Simulator of LTE Sidelink C.pdf
[2026-07-13 17:42:19] ERROR [src.ingestion.document_loader.load_directory:71]: Bỏ qua file Computer_Networks_1904.07962v1_System-Level Simulator of LTE Sidelink C.pdf do lỗi: Vui lòng cài đặt pdfplumber: pip install pdfplumber
[2026-07-13 17:42:19] INFO [src.ingestion.document_loader.load_document:48]: Đang trích xuất: Computer_Networks_1904.07963v1_On the Resource Utilization of Multi-Con.pdf
[2026-07-13 17:42:19] ERROR [src.ingestion.document_loader.load_directory:71]: Bỏ qua file Computer_Networks_1904.07963v1_On the Resource Utilization of Multi-Con.pdf do lỗi: Vui lòng cài đặt pdfplumber: pip install pdfplumber
[2026-07-13 17:42:19] INFO [src.ingestion.document_loader.load_document:48]: Đang trích xuất: Computer_Networks_1904.07973v1_Performances of C-V2X Communication on H.pdf
[2026-07-13 17:42:19] ERROR [src.ingestion.document_loader.load_directory:71]: Bỏ qua file Computer_Networks_1904.07973v1_Performances of C-V2X Communication on H.pdf do lỗi: Vui lòng cài đặt pdfplumber: pip install pdfplumber
[2026-07-13 17:42:19] INFO [src.ingestion.document_loader.load_document:48]: Đang trích xuất: Computer_Networks_1904.08179v1_Authenticated Preambles for Denial of Se.pdf
[2026-07-13 17:42:19] ERROR [src.ingestion.document_loader.load_directory:71]: Bỏ qua file Computer_Networks_1904.08179v1_Authenticated Preambles for Denial of Se.pdf do lỗi: Vui lòng cài đặt pdfplumber: pip install pdfplumber
[2026-07-13 17:42:19] INFO [src.ingestion.document_loader.load_document:48]: Đang trích xuất: Computer_Networks_1904.13029v1_On Coverage Probability With Type-II HAR.pdf
[2026-07-13 17:42:19] ERROR [src.ingestion.document_loader.load_directory:71]: Bỏ qua file Computer_Networks_1904.13029v1_On Coverage Probability With Type-II HAR.pdf do lỗi: Vui lòng cài đặt pdfplumber: pip install pdfplumber
[2026-07-13 17:42:19] INFO [src.ingestion.document_loader.load_document:48]: Đang trích xuất: Computer_Networks_1905.00152v5_Towards Smart and Reconfigurable Environ.pdf
[2026-07-13 17:42:19] ERROR [src.ingestion.document_loader.load_directory:71]: Bỏ qua file Computer_Networks_1905.00152v5_Towards Smart and Reconfigurable Environ.pdf do lỗi: Vui lòng cài đặt pdfplumber: pip install pdfplumber
[2026-07-13 17:42:19] INFO [src.ingestion.document_loader.load_document:48]: Đang trích xuất: Computer_Networks_1905.02178v1_Age of Information Scaling in Large Netw.pdf
[2026-07-13 17:42:19] ERROR [src.ingestion.document_loader.load_directory:71]: Bỏ qua file Computer_Networks_1905.02178v1_Age of Information Scaling in Large Netw.pdf do lỗi: Vui lòng cài đặt pdfplumber: pip install pdfplumber
[2026-07-13 17:42:19] INFO [src.ingestion.document_loader.load_document:48]: Đang trích xuất: Computer_Networks_1905.03519v1_Intelligent Scheduling and Power Control.pdf
[2026-07-13 17:42:19] ERROR [src.ingestion.document_loader.load_directory:71]: Bỏ qua file Computer_Networks_1905.03519v1_Intelligent Scheduling and Power Control.pdf do lỗi: Vui lòng cài đặt pdfplumber: pip install pdfplumber
[2026-07-13 17:42:19] INFO [src.ingestion.document_loader.load_document:48]: Đang trích xuất: Computer_Networks_1906.00679v1_The Adversarial Machine Learning Conundr.pdf
[2026-07-13 17:42:19] ERROR [src.ingestion.document_loader.load_directory:71]: Bỏ qua file Computer_Networks_1906.00679v1_The Adversarial Machine Learning Conundr.pdf do lỗi: Vui lòng cài đặt pdfplumber: pip install pdfplumber
[2026-07-13 17:42:19] INFO [src.ingestion.document_loader.load_document:48]: Đang trích xuất: Computer_Networks_1906.00749v1_Application Components Migration in NFV-.pdf
[2026-07-13 17:42:19] ERROR [src.ingestion.document_loader.load_directory:71]: Bỏ qua file Computer_Networks_1906.00749v1_Application Components Migration in NFV-.pdf do lỗi: Vui lòng cài đặt pdfplumber: pip install pdfplumber
[2026-07-13 17:42:19] INFO [src.ingestion.document_loader.load_document:48]: Đang trích xuất: Computer_Networks_1906.00750v1_Effects of Packet Loss and Jitter on VoL.pdf
[2026-07-13 17:42:19] ERROR [src.ingestion.document_loader.load_directory:71]: Bỏ qua file Computer_Networks_1906.00750v1_Effects of Packet Loss and Jitter on VoL.pdf do lỗi: Vui lòng cài đặt pdfplumber: pip install pdfplumber
[2026-07-13 17:42:19] INFO [src.ingestion.document_loader.load_document:48]: Đang trích xuất: Computer_Networks_1906.00760v1_Fuzzy Route Switching For Energy Preserv.pdf
[2026-07-13 17:42:19] ERROR [src.ingestion.document_loader.load_directory:71]: Bỏ qua file Computer_Networks_1906.00760v1_Fuzzy Route Switching For Energy Preserv.pdf do lỗi: Vui lòng cài đặt pdfplumber: pip install pdfplumber
[2026-07-13 17:42:19] INFO [src.ingestion.document_loader.load_document:48]: Đang trích xuất: Computer_Networks_1906.00864v1_A Proactive Design to Detect Denial of S.pdf
[2026-07-13 17:42:19] ERROR [src.ingestion.document_loader.load_directory:71]: Bỏ qua file Computer_Networks_1906.00864v1_A Proactive Design to Detect Denial of S.pdf do lỗi: Vui lòng cài đặt pdfplumber: pip install pdfplumber
[2026-07-13 17:42:19] INFO [src.ingestion.document_loader.load_document:48]: Đang trích xuất: Computer_Networks_1906.00951v1_User Traffic Prediction for Proactive Re.pdf
[2026-07-13 17:42:19] ERROR [src.ingestion.document_loader.load_directory:71]: Bỏ qua file Computer_Networks_1906.00951v1_User Traffic Prediction for Proactive Re.pdf do lỗi: Vui lòng cài đặt pdfplumber: pip install pdfplumber
[2026-07-13 17:42:19] INFO [src.ingestion.document_loader.load_document:48]: Đang trích xuất: Computer_Networks_1906.01276v1_Anonymity Network Tor and Performance An.pdf
[2026-07-13 17:42:19] ERROR [src.ingestion.document_loader.load_directory:71]: Bỏ qua file Computer_Networks_1906.01276v1_Anonymity Network Tor and Performance An.pdf do lỗi: Vui lòng cài đặt pdfplumber: pip install pdfplumber
[2026-07-13 17:42:19] INFO [src.ingestion.document_loader.load_document:48]: Đang trích xuất: Computer_Networks_2005.09781v1_SwarmControl_ An Automated Distributed C.pdf
[2026-07-13 17:42:19] ERROR [src.ingestion.document_loader.load_directory:71]: Bỏ qua file Computer_Networks_2005.09781v1_SwarmControl_ An Automated Distributed C.pdf do lỗi: Vui lòng cài đặt pdfplumber: pip install pdfplumber
[2026-07-13 17:42:19] INFO [src.ingestion.document_loader.load_document:48]: Đang trích xuất: Computer_Networks_2005.10187v2_Do we need a Contact Tracing App_.pdf
[2026-07-13 17:42:19] ERROR [src.ingestion.document_loader.load_directory:71]: Bỏ qua file Computer_Networks_2005.10187v2_Do we need a Contact Tracing App_.pdf do lỗi: Vui lòng cài đặt pdfplumber: pip install pdfplumber
[2026-07-13 17:42:19] INFO [src.ingestion.document_loader.load_document:48]: Đang trích xuất: Computer_Networks_2005.10298v2_Sensor Networks TDOA Self-Calibration_ 2.pdf
[2026-07-13 17:42:19] ERROR [src.ingestion.document_loader.load_directory:71]: Bỏ qua file Computer_Networks_2005.10298v2_Sensor Networks TDOA Self-Calibration_ 2.pdf do lỗi: Vui lòng cài đặt pdfplumber: pip install pdfplumber
[2026-07-13 17:42:19] INFO [src.ingestion.document_loader.load_document:48]: Đang trích xuất: Computer_Networks_2005.12517v1_Information transfer based on precision .pdf
[2026-07-13 17:42:19] ERROR [src.ingestion.document_loader.load_directory:71]: Bỏ qua file Computer_Networks_2005.12517v1_Information transfer based on precision .pdf do lỗi: Vui lòng cài đặt pdfplumber: pip install pdfplumber
[2026-07-13 17:42:19] INFO [src.ingestion.document_loader.load_document:48]: Đang trích xuất: Computer_Networks_2005.12751v1_Modular WSS-based OXCs for Large-Scale O.pdf
[2026-07-13 17:42:19] ERROR [src.ingestion.document_loader.load_directory:71]: Bỏ qua file Computer_Networks_2005.12751v1_Modular WSS-based OXCs for Large-Scale O.pdf do lỗi: Vui lòng cài đặt pdfplumber: pip install pdfplumber
[2026-07-13 17:42:19] INFO [src.ingestion.document_loader.load_document:48]: Đang trích xuất: Computer_Networks_2005.13648v1_In-depth Real-World Evaluation of NB-IoT.pdf
[2026-07-13 17:42:19] ERROR [src.ingestion.document_loader.load_directory:71]: Bỏ qua file Computer_Networks_2005.13648v1_In-depth Real-World Evaluation of NB-IoT.pdf do lỗi: Vui lòng cài đặt pdfplumber: pip install pdfplumber
[2026-07-13 17:42:19] INFO [src.ingestion.document_loader.load_document:48]: Đang trích xuất: Computer_Networks_2005.13816v1_The Impact of the Physical Layer on the .pdf
[2026-07-13 17:42:19] ERROR [src.ingestion.document_loader.load_directory:71]: Bỏ qua file Computer_Networks_2005.13816v1_The Impact of the Physical Layer on the .pdf do lỗi: Vui lòng cài đặt pdfplumber: pip install pdfplumber
[2026-07-13 17:42:19] INFO [src.ingestion.document_loader.load_document:48]: Đang trích xuất: Computer_Networks_2005.13905v1_Modeling the Location Selection of Mirro.pdf
[2026-07-13 17:42:19] ERROR [src.ingestion.document_loader.load_directory:71]: Bỏ qua file Computer_Networks_2005.13905v1_Modeling the Location Selection of Mirro.pdf do lỗi: Vui lòng cài đặt pdfplumber: pip install pdfplumber
[2026-07-13 17:42:19] INFO [src.ingestion.document_loader.load_document:48]: Đang trích xuất: Computer_Networks_2005.14430v1_Energy Self-Sustainability in Full-Spect.pdf
[2026-07-13 17:42:19] ERROR [src.ingestion.document_loader.load_directory:71]: Bỏ qua file Computer_Networks_2005.14430v1_Energy Self-Sustainability in Full-Spect.pdf do lỗi: Vui lòng cài đặt pdfplumber: pip install pdfplumber
[2026-07-13 17:42:19] INFO [src.ingestion.document_loader.load_document:48]: Đang trích xuất: Computer_Networks_2005.14573v2_Time Scheduling and Energy Trading for H.pdf
[2026-07-13 17:42:19] ERROR [src.ingestion.document_loader.load_directory:71]: Bỏ qua file Computer_Networks_2005.14573v2_Time Scheduling and Energy Trading for H.pdf do lỗi: Vui lòng cài đặt pdfplumber: pip install pdfplumber
[2026-07-13 17:42:19] INFO [src.ingestion.document_loader.load_document:48]: Đang trích xuất: Computer_Networks_2005.14651v1_Implementation of Self-Organizing Networ.pdf
[2026-07-13 17:42:19] ERROR [src.ingestion.document_loader.load_directory:71]: Bỏ qua file Computer_Networks_2005.14651v1_Implementation of Self-Organizing Networ.pdf do lỗi: Vui lòng cài đặt pdfplumber: pip install pdfplumber
[2026-07-13 17:42:19] INFO [src.ingestion.document_loader.load_document:48]: Đang trích xuất: Computer_Networks_2006.00205v1_Opportunities of Optical Spectrum for Fu.pdf
[2026-07-13 17:42:19] ERROR [src.ingestion.document_loader.load_directory:71]: Bỏ qua file Computer_Networks_2006.00205v1_Opportunities of Optical Spectrum for Fu.pdf do lỗi: Vui lòng cài đặt pdfplumber: pip install pdfplumber
[2026-07-13 17:42:19] INFO [src.ingestion.document_loader.load_document:48]: Đang trích xuất: Computer_Networks_2006.00912v1_An Approach to Avoid the Unreal High Flo.pdf
[2026-07-13 17:42:19] ERROR [src.ingestion.document_loader.load_directory:71]: Bỏ qua file Computer_Networks_2006.00912v1_An Approach to Avoid the Unreal High Flo.pdf do lỗi: Vui lòng cài đặt pdfplumber: pip install pdfplumber
[2026-07-13 17:42:19] INFO [src.ingestion.document_loader.load_document:48]: Đang trích xuất: Computer_Networks_2006.00992v1_Game Theoretic Approaches in Vehicular N.pdf
[2026-07-13 17:42:19] ERROR [src.ingestion.document_loader.load_directory:71]: Bỏ qua file Computer_Networks_2006.00992v1_Game Theoretic Approaches in Vehicular N.pdf do lỗi: Vui lòng cài đặt pdfplumber: pip install pdfplumber
[2026-07-13 17:42:19] INFO [src.ingestion.document_loader.load_document:48]: Đang trích xuất: Computer_Networks_2006.01025v1_Coded Caching for Heterogeneous Wireless.pdf
[2026-07-13 17:42:19] ERROR [src.ingestion.document_loader.load_directory:71]: Bỏ qua file Computer_Networks_2006.01025v1_Coded Caching for Heterogeneous Wireless.pdf do lỗi: Vui lòng cài đặt pdfplumber: pip install pdfplumber
[2026-07-13 17:42:19] INFO [src.ingestion.document_loader.load_document:48]: Đang trích xuất: Computer_Networks_2006.01104v1_Uncertainty-Aware Resource Provisioning .pdf
[2026-07-13 17:42:19] ERROR [src.ingestion.document_loader.load_directory:71]: Bỏ qua file Computer_Networks_2006.01104v1_Uncertainty-Aware Resource Provisioning .pdf do lỗi: Vui lòng cài đặt pdfplumber: pip install pdfplumber
[2026-07-13 17:42:19] INFO [src.ingestion.document_loader.load_document:48]: Đang trích xuất: Computer_Networks_2006.01404v1_Trust-Based Winnow Linear Multiplicative.pdf
[2026-07-13 17:42:19] ERROR [src.ingestion.document_loader.load_directory:71]: Bỏ qua file Computer_Networks_2006.01404v1_Trust-Based Winnow Linear Multiplicative.pdf do lỗi: Vui lòng cài đặt pdfplumber: pip install pdfplumber
[2026-07-13 17:42:19] INFO [src.ingestion.document_loader.load_document:48]: Đang trích xuất: Computer_Networks_2006.01651v1_DAPES_ Named Data for Off-the-Grid File .pdf
[2026-07-13 17:42:19] ERROR [src.ingestion.document_loader.load_directory:71]: Bỏ qua file Computer_Networks_2006.01651v1_DAPES_ Named Data for Off-the-Grid File .pdf do lỗi: Vui lòng cài đặt pdfplumber: pip install pdfplumber
[2026-07-13 17:42:19] INFO [src.ingestion.document_loader.load_document:48]: Đang trích xuất: Computer_Networks_2006.01818v1_Securing Your Collaborative Jupyter Note.pdf
[2026-07-13 17:42:19] ERROR [src.ingestion.document_loader.load_directory:71]: Bỏ qua file Computer_Networks_2006.01818v1_Securing Your Collaborative Jupyter Note.pdf do lỗi: Vui lòng cài đặt pdfplumber: pip install pdfplumber
[2026-07-13 17:42:19] INFO [src.ingestion.document_loader.load_document:48]: Đang trích xuất: Computer_Networks_2006.02896v1_Jamming-Aware Control Plane in Elastic O.pdf
[2026-07-13 17:42:19] ERROR [src.ingestion.document_loader.load_directory:71]: Bỏ qua file Computer_Networks_2006.02896v1_Jamming-Aware Control Plane in Elastic O.pdf do lỗi: Vui lòng cài đặt pdfplumber: pip install pdfplumber
[2026-07-13 17:42:19] INFO [src.ingestion.document_loader.load_document:48]: Đang trích xuất: Computer_Networks_2006.03675v1_Publish_ subscribe_ and federate_.pdf
[2026-07-13 17:42:19] ERROR [src.ingestion.document_loader.load_directory:71]: Bỏ qua file Computer_Networks_2006.03675v1_Publish_ subscribe_ and federate_.pdf do lỗi: Vui lòng cài đặt pdfplumber: pip install pdfplumber
[2026-07-13 17:42:19] INFO [src.ingestion.document_loader.load_document:48]: Đang trích xuất: Computer_Networks_2006.04055v2_Green Resource Allocation and Energy Man.pdf
[2026-07-13 17:42:19] ERROR [src.ingestion.document_loader.load_directory:71]: Bỏ qua file Computer_Networks_2006.04055v2_Green Resource Allocation and Energy Man.pdf do lỗi: Vui lòng cài đặt pdfplumber: pip install pdfplumber
[2026-07-13 17:42:19] INFO [src.ingestion.document_loader.load_document:48]: Đang trích xuất: Computer_Networks_2006.04595v1_Softwarization_ Virtualization_ _ Machin.pdf
[2026-07-13 17:42:19] ERROR [src.ingestion.document_loader.load_directory:71]: Bỏ qua file Computer_Networks_2006.04595v1_Softwarization_ Virtualization_ _ Machin.pdf do lỗi: Vui lòng cài đặt pdfplumber: pip install pdfplumber
[2026-07-13 17:42:19] INFO [src.ingestion.document_loader.load_document:48]: Đang trích xuất: Computer_Networks_2006.06526v1_Recurrent Neural Networks for Handover M.pdf
[2026-07-13 17:42:19] ERROR [src.ingestion.document_loader.load_directory:71]: Bỏ qua file Computer_Networks_2006.06526v1_Recurrent Neural Networks for Handover M.pdf do lỗi: Vui lòng cài đặt pdfplumber: pip install pdfplumber
[2026-07-13 17:42:19] INFO [src.ingestion.document_loader.load_document:48]: Đang trích xuất: Computer_Networks_2006.08064v1_Timely Detection and Mitigation of Steal.pdf
[2026-07-13 17:42:19] ERROR [src.ingestion.document_loader.load_directory:71]: Bỏ qua file Computer_Networks_2006.08064v1_Timely Detection and Mitigation of Steal.pdf do lỗi: Vui lòng cài đặt pdfplumber: pip install pdfplumber
[2026-07-13 17:42:19] INFO [src.ingestion.document_loader.load_document:48]: Đang trích xuất: Computer_Networks_2006.08199v1_Reducing the total cost of ownership in .pdf
[2026-07-13 17:42:19] ERROR [src.ingestion.document_loader.load_directory:71]: Bỏ qua file Computer_Networks_2006.08199v1_Reducing the total cost of ownership in .pdf do lỗi: Vui lòng cài đặt pdfplumber: pip install pdfplumber
[2026-07-13 17:42:19] INFO [src.ingestion.document_loader.load_document:48]: Đang trích xuất: Computer_Networks_2007.04399v1_Epidemic Exposure Notification with Smar.pdf
[2026-07-13 17:42:19] ERROR [src.ingestion.document_loader.load_directory:71]: Bỏ qua file Computer_Networks_2007.04399v1_Epidemic Exposure Notification with Smar.pdf do lỗi: Vui lòng cài đặt pdfplumber: pip install pdfplumber
[2026-07-13 17:42:19] INFO [src.ingestion.document_loader.load_document:48]: Đang trích xuất: Computer_Networks_2007.07921v1_Performance analysis of a distributed al.pdf
[2026-07-13 17:42:19] ERROR [src.ingestion.document_loader.load_directory:71]: Bỏ qua file Computer_Networks_2007.07921v1_Performance analysis of a distributed al.pdf do lỗi: Vui lòng cài đặt pdfplumber: pip install pdfplumber
[2026-07-13 17:42:19] INFO [src.ingestion.document_loader.load_document:48]: Đang trích xuất: Computer_Networks_2007.08255v1_MaxSAT Evaluation 2020 -- Benchmark_ Ide.pdf
[2026-07-13 17:42:19] ERROR [src.ingestion.document_loader.load_directory:71]: Bỏ qua file Computer_Networks_2007.08255v1_MaxSAT Evaluation 2020 -- Benchmark_ Ide.pdf do lỗi: Vui lòng cài đặt pdfplumber: pip install pdfplumber
[2026-07-13 17:42:19] INFO [src.ingestion.document_loader.load_document:48]: Đang trích xuất: Computer_Networks_2007.08633v1_SRv6-PM_ Performance Monitoring of SRv6 .pdf
[2026-07-13 17:42:19] ERROR [src.ingestion.document_loader.load_directory:71]: Bỏ qua file Computer_Networks_2007.08633v1_SRv6-PM_ Performance Monitoring of SRv6 .pdf do lỗi: Vui lòng cài đặt pdfplumber: pip install pdfplumber
[2026-07-13 17:42:19] INFO [src.ingestion.document_loader.load_document:48]: Đang trích xuất: Computer_Networks_2007.08793v1_Towards Enabling Critical mMTC_ A Review.pdf
[2026-07-13 17:42:19] ERROR [src.ingestion.document_loader.load_directory:71]: Bỏ qua file Computer_Networks_2007.08793v1_Towards Enabling Critical mMTC_ A Review.pdf do lỗi: Vui lòng cài đặt pdfplumber: pip install pdfplumber
[2026-07-13 17:42:19] INFO [src.ingestion.document_loader.load_document:48]: Đang trích xuất: Computer_Networks_2007.08871v1_Overview of Security of Virtual Mobile N.pdf
[2026-07-13 17:42:19] ERROR [src.ingestion.document_loader.load_directory:71]: Bỏ qua file Computer_Networks_2007.08871v1_Overview of Security of Virtual Mobile N.pdf do lỗi: Vui lòng cài đặt pdfplumber: pip install pdfplumber
[2026-07-13 17:42:19] INFO [src.ingestion.document_loader.load_document:48]: Đang trích xuất: Computer_Networks_2007.09789v1_Adaptive Control Plane Load Balancing in.pdf
[2026-07-13 17:42:19] ERROR [src.ingestion.document_loader.load_directory:71]: Bỏ qua file Computer_Networks_2007.09789v1_Adaptive Control Plane Load Balancing in.pdf do lỗi: Vui lòng cài đặt pdfplumber: pip install pdfplumber
[2026-07-13 17:42:19] INFO [src.ingestion.document_loader.load_document:48]: Đang trích xuất: Computer_Networks_2007.10162v2_Inter-Mobile-Device Distance Estimation .pdf
[2026-07-13 17:42:19] ERROR [src.ingestion.document_loader.load_directory:71]: Bỏ qua file Computer_Networks_2007.10162v2_Inter-Mobile-Device Distance Estimation .pdf do lỗi: Vui lòng cài đặt pdfplumber: pip install pdfplumber
[2026-07-13 17:42:19] INFO [src.ingestion.document_loader.load_document:48]: Đang trích xuất: Computer_Networks_2007.10607v1_Cognitive IoT based Health Monitoring Sc.pdf
[2026-07-13 17:42:19] ERROR [src.ingestion.document_loader.load_directory:71]: Bỏ qua file Computer_Networks_2007.10607v1_Cognitive IoT based Health Monitoring Sc.pdf do lỗi: Vui lòng cài đặt pdfplumber: pip install pdfplumber
[2026-07-13 17:42:19] INFO [src.ingestion.document_loader.load_document:48]: Đang trích xuất: Computer_Networks_2007.11273v1_An Intelligent QoS Algorithm for Home Ne.pdf
[2026-07-13 17:42:19] ERROR [src.ingestion.document_loader.load_directory:71]: Bỏ qua file Computer_Networks_2007.11273v1_An Intelligent QoS Algorithm for Home Ne.pdf do lỗi: Vui lòng cài đặt pdfplumber: pip install pdfplumber
[2026-07-13 17:42:19] INFO [src.ingestion.document_loader.load_document:48]: Đang trích xuất: Computer_Networks_2007.11930v1_Blackout Resilient Optical Core Network.pdf
[2026-07-13 17:42:19] ERROR [src.ingestion.document_loader.load_directory:71]: Bỏ qua file Computer_Networks_2007.11930v1_Blackout Resilient Optical Core Network.pdf do lỗi: Vui lòng cài đặt pdfplumber: pip install pdfplumber
[2026-07-13 17:42:19] INFO [src.ingestion.document_loader.load_document:48]: Đang trích xuất: Computer_Networks_2007.12250v1_WiFi-based Crowd Monitoring and Workspac.pdf
[2026-07-13 17:42:19] ERROR [src.ingestion.document_loader.load_directory:71]: Bỏ qua file Computer_Networks_2007.12250v1_WiFi-based Crowd Monitoring and Workspac.pdf do lỗi: Vui lòng cài đặt pdfplumber: pip install pdfplumber
[2026-07-13 17:42:19] INFO [src.ingestion.document_loader.load_document:48]: Đang trích xuất: Computer_Networks_2007.12748v1_Low Earth Orbit Satellites Provide Conti.pdf
[2026-07-13 17:42:19] ERROR [src.ingestion.document_loader.load_directory:71]: Bỏ qua file Computer_Networks_2007.12748v1_Low Earth Orbit Satellites Provide Conti.pdf do lỗi: Vui lòng cài đặt pdfplumber: pip install pdfplumber
[2026-07-13 17:42:19] INFO [src.ingestion.document_loader.load_document:48]: Đang trích xuất: Computer_Networks_2007.13981v2_Farsighted Risk Mitigation of Lateral Mo.pdf
[2026-07-13 17:42:19] ERROR [src.ingestion.document_loader.load_directory:71]: Bỏ qua file Computer_Networks_2007.13981v2_Farsighted Risk Mitigation of Lateral Mo.pdf do lỗi: Vui lòng cài đặt pdfplumber: pip install pdfplumber
[2026-07-13 17:42:19] INFO [src.ingestion.document_loader.load_document:48]: Đang trích xuất: Computer_Networks_2007.15105v1_Energy-Efficient UAV-Assisted Mobile Edg.pdf
[2026-07-13 17:42:19] ERROR [src.ingestion.document_loader.load_directory:71]: Bỏ qua file Computer_Networks_2007.15105v1_Energy-Efficient UAV-Assisted Mobile Edg.pdf do lỗi: Vui lòng cài đặt pdfplumber: pip install pdfplumber
[2026-07-13 17:42:19] INFO [src.ingestion.document_loader.load_document:48]: Đang trích xuất: Computer_Networks_2007.15338v1_New approach to MPI program execution ti.pdf
[2026-07-13 17:42:19] ERROR [src.ingestion.document_loader.load_directory:71]: Bỏ qua file Computer_Networks_2007.15338v1_New approach to MPI program execution ti.pdf do lỗi: Vui lòng cài đặt pdfplumber: pip install pdfplumber
[2026-07-13 17:42:19] INFO [src.ingestion.document_loader.load_document:48]: Đang trích xuất: Computer_Networks_2007.15906v1_A Novel Emergency Light Based Smart Buil.pdf
[2026-07-13 17:42:19] ERROR [src.ingestion.document_loader.load_directory:71]: Bỏ qua file Computer_Networks_2007.15906v1_A Novel Emergency Light Based Smart Buil.pdf do lỗi: Vui lòng cài đặt pdfplumber: pip install pdfplumber
[2026-07-13 17:42:19] INFO [src.ingestion.document_loader.load_document:48]: Đang trích xuất: Computer_Networks_2008.00089v1_A Centralized Channel Allocation Method .pdf
[2026-07-13 17:42:19] ERROR [src.ingestion.document_loader.load_directory:71]: Bỏ qua file Computer_Networks_2008.00089v1_A Centralized Channel Allocation Method .pdf do lỗi: Vui lòng cài đặt pdfplumber: pip install pdfplumber
[2026-07-13 17:42:19] INFO [src.ingestion.document_loader.load_document:48]: Đang trích xuất: Computer_Networks_2008.00156v1_MIPS_ Instance Placement for Stream Proc.pdf
[2026-07-13 17:42:19] ERROR [src.ingestion.document_loader.load_directory:71]: Bỏ qua file Computer_Networks_2008.00156v1_MIPS_ Instance Placement for Stream Proc.pdf do lỗi: Vui lòng cài đặt pdfplumber: pip install pdfplumber
[2026-07-13 17:42:19] INFO [src.ingestion.document_loader.load_document:48]: Đang trích xuất: Computer_Networks_2008.00208v1_Service Chain Composition with Failures .pdf
[2026-07-13 17:42:19] ERROR [src.ingestion.document_loader.load_directory:71]: Bỏ qua file Computer_Networks_2008.00208v1_Service Chain Composition with Failures .pdf do lỗi: Vui lòng cài đặt pdfplumber: pip install pdfplumber
[2026-07-13 17:42:19] INFO [src.ingestion.document_loader.load_document:48]: Đang trích xuất: Computer_Networks_2008.01528v1_Throughput Maximization in Uncooperative.pdf
[2026-07-13 17:42:19] ERROR [src.ingestion.document_loader.load_directory:71]: Bỏ qua file Computer_Networks_2008.01528v1_Throughput Maximization in Uncooperative.pdf do lỗi: Vui lòng cài đặt pdfplumber: pip install pdfplumber
[2026-07-13 17:42:19] INFO [src.ingestion.document_loader.load_document:48]: Đang trích xuất: Computer_Networks_2008.01646v1_Joint Switch-Controller Association and .pdf
[2026-07-13 17:42:19] ERROR [src.ingestion.document_loader.load_directory:71]: Bỏ qua file Computer_Networks_2008.01646v1_Joint Switch-Controller Association and .pdf do lỗi: Vui lòng cài đặt pdfplumber: pip install pdfplumber
[2026-07-13 17:42:19] INFO [src.ingestion.document_loader.load_document:48]: Đang trích xuất: Computer_Networks_2008.01647v1_Online VNF Chaining and Predictive Sched.pdf
[2026-07-13 17:42:19] ERROR [src.ingestion.document_loader.load_directory:71]: Bỏ qua file Computer_Networks_2008.01647v1_Online VNF Chaining and Predictive Sched.pdf do lỗi: Vui lòng cài đặt pdfplumber: pip install pdfplumber
[2026-07-13 17:42:19] INFO [src.ingestion.document_loader.load_document:48]: Đang trích xuất: Computer_Networks_2008.02752v1_Internet-Scale Video Streaming over NDN.pdf
[2026-07-13 17:42:19] ERROR [src.ingestion.document_loader.load_directory:71]: Bỏ qua file Computer_Networks_2008.02752v1_Internet-Scale Video Streaming over NDN.pdf do lỗi: Vui lòng cài đặt pdfplumber: pip install pdfplumber
[2026-07-13 17:42:19] INFO [src.ingestion.document_loader.load_document:48]: Đang trích xuất: Computer_Networks_2008.02815v1_IEEE 802_11be_ Wi-Fi 7 Strikes Back.pdf
[2026-07-13 17:42:19] ERROR [src.ingestion.document_loader.load_directory:71]: Bỏ qua file Computer_Networks_2008.02815v1_IEEE 802_11be_ Wi-Fi 7 Strikes Back.pdf do lỗi: Vui lòng cài đặt pdfplumber: pip install pdfplumber
[2026-07-13 17:42:19] INFO [src.ingestion.document_loader.load_document:48]: Đang trích xuất: Computer_Networks_2008.02988v1_An Analytical Framework for Delay Optima.pdf
[2026-07-13 17:42:19] ERROR [src.ingestion.document_loader.load_directory:71]: Bỏ qua file Computer_Networks_2008.02988v1_An Analytical Framework for Delay Optima.pdf do lỗi: Vui lòng cài đặt pdfplumber: pip install pdfplumber
[2026-07-13 17:42:19] INFO [src.ingestion.document_loader.load_document:48]: Đang trích xuất: Computer_Networks_2008.03140v1_Mathematical model of LoRaWAN channel ac.pdf
[2026-07-13 17:42:19] ERROR [src.ingestion.document_loader.load_directory:71]: Bỏ qua file Computer_Networks_2008.03140v1_Mathematical model of LoRaWAN channel ac.pdf do lỗi: Vui lòng cài đặt pdfplumber: pip install pdfplumber
[2026-07-13 17:42:19] INFO [src.ingestion.document_loader.load_document:48]: Đang trích xuất: Computer_Networks_2008.03297v1_Multi-Stage Optimized Machine Learning F.pdf
[2026-07-13 17:42:19] ERROR [src.ingestion.document_loader.load_directory:71]: Bỏ qua file Computer_Networks_2008.03297v1_Multi-Stage Optimized Machine Learning F.pdf do lỗi: Vui lòng cài đặt pdfplumber: pip install pdfplumber
[2026-07-13 17:42:19] INFO [src.ingestion.document_loader.load_document:48]: Đang trích xuất: Computer_Networks_2008.03497v1_Optimizing Co-flows Scheduling and Routi.pdf
[2026-07-13 17:42:19] ERROR [src.ingestion.document_loader.load_directory:71]: Bỏ qua file Computer_Networks_2008.03497v1_Optimizing Co-flows Scheduling and Routi.pdf do lỗi: Vui lòng cài đặt pdfplumber: pip install pdfplumber
[2026-07-13 17:42:19] INFO [src.ingestion.document_loader.load_document:48]: Đang trích xuất: Computer_Networks_2008.03677v1_Enhancing Robustness Against Adversarial.pdf
[2026-07-13 17:42:19] ERROR [src.ingestion.document_loader.load_directory:71]: Bỏ qua file Computer_Networks_2008.03677v1_Enhancing Robustness Against Adversarial.pdf do lỗi: Vui lòng cài đặt pdfplumber: pip install pdfplumber
[2026-07-13 17:42:19] INFO [src.ingestion.document_loader.load_document:48]: Đang trích xuất: Computer_Networks_2008.04105v1_Distributed Deep Reinforcement Learning .pdf
[2026-07-13 17:42:19] ERROR [src.ingestion.document_loader.load_directory:71]: Bỏ qua file Computer_Networks_2008.04105v1_Distributed Deep Reinforcement Learning .pdf do lỗi: Vui lòng cài đặt pdfplumber: pip install pdfplumber
[2026-07-13 17:42:19] INFO [src.ingestion.document_loader.load_document:48]: Đang trích xuất: Computer_Networks_2008.04651v1_A Survey on Human-centric Communications.pdf
[2026-07-13 17:42:19] ERROR [src.ingestion.document_loader.load_directory:71]: Bỏ qua file Computer_Networks_2008.04651v1_A Survey on Human-centric Communications.pdf do lỗi: Vui lòng cài đặt pdfplumber: pip install pdfplumber
[2026-07-13 17:42:19] INFO [src.ingestion.document_loader.load_document:48]: Đang trích xuất: Computer_Networks_2008.05394v1_Overhead Control with Reliable Transmiss.pdf
[2026-07-13 17:42:19] ERROR [src.ingestion.document_loader.load_directory:71]: Bỏ qua file Computer_Networks_2008.05394v1_Overhead Control with Reliable Transmiss.pdf do lỗi: Vui lòng cài đặt pdfplumber: pip install pdfplumber
[2026-07-13 17:42:19] INFO [src.ingestion.document_loader.load_document:48]: Đang trích xuất: Computer_Networks_2008.05852v1_BeeCup_ A Bio-Inspired Energy-Efficient .pdf
[2026-07-13 17:42:19] ERROR [src.ingestion.document_loader.load_directory:71]: Bỏ qua file Computer_Networks_2008.05852v1_BeeCup_ A Bio-Inspired Energy-Efficient .pdf do lỗi: Vui lòng cài đặt pdfplumber: pip install pdfplumber
[2026-07-13 17:42:19] INFO [src.ingestion.document_loader.load_document:48]: Đang trích xuất: Computer_Networks_2008.07076v1_Certificate and Signature Free Anonymity.pdf
[2026-07-13 17:42:19] ERROR [src.ingestion.document_loader.load_directory:71]: Bỏ qua file Computer_Networks_2008.07076v1_Certificate and Signature Free Anonymity.pdf do lỗi: Vui lòng cài đặt pdfplumber: pip install pdfplumber
[2026-07-13 17:42:19] INFO [src.ingestion.document_loader.load_document:48]: Đang trích xuất: Computer_Networks_2008.07323v3_New CAP Reduction Mechanisms for IEEE 80.pdf
[2026-07-13 17:42:19] ERROR [src.ingestion.document_loader.load_directory:71]: Bỏ qua file Computer_Networks_2008.07323v3_New CAP Reduction Mechanisms for IEEE 80.pdf do lỗi: Vui lòng cài đặt pdfplumber: pip install pdfplumber
[2026-07-13 17:42:19] INFO [src.ingestion.document_loader.load_document:48]: Đang trích xuất: Computer_Networks_2010.03839v2_Strategies for Integrating Controls Flow.pdf
[2026-07-13 17:42:19] ERROR [src.ingestion.document_loader.load_directory:71]: Bỏ qua file Computer_Networks_2010.03839v2_Strategies for Integrating Controls Flow.pdf do lỗi: Vui lòng cài đặt pdfplumber: pip install pdfplumber
[2026-07-13 17:42:19] INFO [src.ingestion.document_loader.load_document:48]: Đang trích xuất: Computer_Networks_2010.03954v1_A Survey on Deep Neural Network Compress.pdf
[2026-07-13 17:42:19] ERROR [src.ingestion.document_loader.load_directory:71]: Bỏ qua file Computer_Networks_2010.03954v1_A Survey on Deep Neural Network Compress.pdf do lỗi: Vui lòng cài đặt pdfplumber: pip install pdfplumber
[2026-07-13 17:42:19] INFO [src.ingestion.document_loader.load_document:48]: Đang trích xuất: Computer_Networks_2010.04418v1_Embedding the Minimum Cost SFC with End-.pdf
[2026-07-13 17:42:19] ERROR [src.ingestion.document_loader.load_directory:71]: Bỏ qua file Computer_Networks_2010.04418v1_Embedding the Minimum Cost SFC with End-.pdf do lỗi: Vui lòng cài đặt pdfplumber: pip install pdfplumber
[2026-07-13 17:42:19] INFO [src.ingestion.document_loader.load_document:48]: Đang trích xuất: Computer_Networks_2010.04563v1_A Discussion on Context-awareness to Bet.pdf
[2026-07-13 17:42:19] ERROR [src.ingestion.document_loader.load_directory:71]: Bỏ qua file Computer_Networks_2010.04563v1_A Discussion on Context-awareness to Bet.pdf do lỗi: Vui lòng cài đặt pdfplumber: pip install pdfplumber
[2026-07-13 17:42:19] INFO [src.ingestion.document_loader.load_document:48]: Đang trích xuất: Computer_Networks_2010.04993v1_Fair Pricing In Heterogeneous Internet o.pdf
[2026-07-13 17:42:19] ERROR [src.ingestion.document_loader.load_directory:71]: Bỏ qua file Computer_Networks_2010.04993v1_Fair Pricing In Heterogeneous Internet o.pdf do lỗi: Vui lòng cài đặt pdfplumber: pip install pdfplumber
[2026-07-13 17:42:19] INFO [src.ingestion.document_loader.load_document:48]: Đang trích xuất: Computer_Networks_2010.05630v1_The Wireless Train Communication Network.pdf
[2026-07-13 17:42:19] ERROR [src.ingestion.document_loader.load_directory:71]: Bỏ qua file Computer_Networks_2010.05630v1_The Wireless Train Communication Network.pdf do lỗi: Vui lòng cài đặt pdfplumber: pip install pdfplumber
[2026-07-13 17:42:19] INFO [src.ingestion.document_loader.load_document:48]: Đang trích xuất: Computer_Networks_2010.14811v1_No Perfect Outdoors_ Towards A Deep Prof.pdf
[2026-07-13 17:42:19] ERROR [src.ingestion.document_loader.load_directory:71]: Bỏ qua file Computer_Networks_2010.14811v1_No Perfect Outdoors_ Towards A Deep Prof.pdf do lỗi: Vui lòng cài đặt pdfplumber: pip install pdfplumber
[2026-07-13 17:42:19] INFO [src.ingestion.document_loader.load_document:48]: Đang trích xuất: Computer_Networks_2010.15070v1_Improving Bitcoin Transaction Propagatio.pdf
[2026-07-13 17:42:19] ERROR [src.ingestion.document_loader.load_directory:71]: Bỏ qua file Computer_Networks_2010.15070v1_Improving Bitcoin Transaction Propagatio.pdf do lỗi: Vui lòng cài đặt pdfplumber: pip install pdfplumber
[2026-07-13 17:42:19] INFO [src.ingestion.document_loader.load_document:48]: Đang trích xuất: Computer_Networks_2010.15572v2_Experimental Analysis of Communication R.pdf
[2026-07-13 17:42:19] ERROR [src.ingestion.document_loader.load_directory:71]: Bỏ qua file Computer_Networks_2010.15572v2_Experimental Analysis of Communication R.pdf do lỗi: Vui lòng cài đặt pdfplumber: pip install pdfplumber
[2026-07-13 17:42:19] INFO [src.ingestion.document_loader.load_document:48]: Đang trích xuất: Computer_Networks_2010.15786v1_Light-Weight DDoS Mitigation at Network .pdf
[2026-07-13 17:42:19] ERROR [src.ingestion.document_loader.load_directory:71]: Bỏ qua file Computer_Networks_2010.15786v1_Light-Weight DDoS Mitigation at Network .pdf do lỗi: Vui lòng cài đặt pdfplumber: pip install pdfplumber
[2026-07-13 17:42:19] INFO [src.ingestion.document_loader.load_document:48]: Đang trích xuất: Computer_Networks_2011.00363v1_Increasing Transmission Distance in THz .pdf
[2026-07-13 17:42:19] ERROR [src.ingestion.document_loader.load_directory:71]: Bỏ qua file Computer_Networks_2011.00363v1_Increasing Transmission Distance in THz .pdf do lỗi: Vui lòng cài đặt pdfplumber: pip install pdfplumber
[2026-07-13 17:42:19] INFO [src.ingestion.document_loader.load_document:48]: Đang trích xuất: Computer_Networks_2011.00365v1_Analysis of the reliability of LoRa.pdf
[2026-07-13 17:42:19] ERROR [src.ingestion.document_loader.load_directory:71]: Bỏ qua file Computer_Networks_2011.00365v1_Analysis of the reliability of LoRa.pdf do lỗi: Vui lòng cài đặt pdfplumber: pip install pdfplumber
[2026-07-13 17:42:19] INFO [src.ingestion.document_loader.load_document:48]: Đang trích xuất: Computer_Networks_2011.01514v1_You Do _Not_ Belong Here_ Detecting DPI .pdf
[2026-07-13 17:42:19] ERROR [src.ingestion.document_loader.load_directory:71]: Bỏ qua file Computer_Networks_2011.01514v1_You Do _Not_ Belong Here_ Detecting DPI .pdf do lỗi: Vui lòng cài đặt pdfplumber: pip install pdfplumber
[2026-07-13 17:42:19] INFO [src.ingestion.document_loader.load_document:48]: Đang trích xuất: Computer_Networks_2012.11325v1_Detecting Botnet Attacks in IoT Environm.pdf
[2026-07-13 17:42:19] ERROR [src.ingestion.document_loader.load_directory:71]: Bỏ qua file Computer_Networks_2012.11325v1_Detecting Botnet Attacks in IoT Environm.pdf do lỗi: Vui lòng cài đặt pdfplumber: pip install pdfplumber
[2026-07-13 17:42:19] INFO [src.ingestion.document_loader.load_document:48]: Đang trích xuất: Computer_Networks_2012.11378v1_Partial Network Identifiability_ Theorem.pdf
[2026-07-13 17:42:19] ERROR [src.ingestion.document_loader.load_directory:71]: Bỏ qua file Computer_Networks_2012.11378v1_Partial Network Identifiability_ Theorem.pdf do lỗi: Vui lòng cài đặt pdfplumber: pip install pdfplumber
[2026-07-13 17:42:19] INFO [src.ingestion.document_loader.load_document:48]: Đang trích xuất: Computer_Networks_2012.11723v1_An Architecture for In-Vehicle Network.pdf
[2026-07-13 17:42:19] ERROR [src.ingestion.document_loader.load_directory:71]: Bỏ qua file Computer_Networks_2012.11723v1_An Architecture for In-Vehicle Network.pdf do lỗi: Vui lòng cài đặt pdfplumber: pip install pdfplumber
[2026-07-13 17:42:19] INFO [src.ingestion.document_loader.load_document:48]: Đang trích xuất: Computer_Networks_2012.11971v1_Predictive Ultra-Reliable Communication_.pdf
[2026-07-13 17:42:19] ERROR [src.ingestion.document_loader.load_directory:71]: Bỏ qua file Computer_Networks_2012.11971v1_Predictive Ultra-Reliable Communication_.pdf do lỗi: Vui lòng cài đặt pdfplumber: pip install pdfplumber
[2026-07-13 17:42:19] INFO [src.ingestion.document_loader.load_document:48]: Đang trích xuất: Computer_Networks_2012.12097v1_Providing Intermodal Route Alternatives.pdf
[2026-07-13 17:42:19] ERROR [src.ingestion.document_loader.load_directory:71]: Bỏ qua file Computer_Networks_2012.12097v1_Providing Intermodal Route Alternatives.pdf do lỗi: Vui lòng cài đặt pdfplumber: pip install pdfplumber
[2026-07-13 17:42:19] INFO [src.ingestion.document_loader.load_document:48]: Đang trích xuất: Computer_Networks_2012.12123v1_Machine Learning Algorithm for NLOS Mill.pdf
[2026-07-13 17:42:19] ERROR [src.ingestion.document_loader.load_directory:71]: Bỏ qua file Computer_Networks_2012.12123v1_Machine Learning Algorithm for NLOS Mill.pdf do lỗi: Vui lòng cài đặt pdfplumber: pip install pdfplumber
[2026-07-13 17:42:19] INFO [src.ingestion.document_loader.load_document:48]: Đang trích xuất: Computer_Networks_2012.13146v1_The effect of the toplolgy adaptation on.pdf
[2026-07-13 17:42:19] ERROR [src.ingestion.document_loader.load_directory:71]: Bỏ qua file Computer_Networks_2012.13146v1_The effect of the toplolgy adaptation on.pdf do lỗi: Vui lòng cài đặt pdfplumber: pip install pdfplumber
[2026-07-13 17:42:19] INFO [src.ingestion.document_loader.load_document:48]: Đang trích xuất: Computer_Networks_2012.13756v1_Online Distributed Job Dispatching with .pdf
[2026-07-13 17:42:19] ERROR [src.ingestion.document_loader.load_directory:71]: Bỏ qua file Computer_Networks_2012.13756v1_Online Distributed Job Dispatching with .pdf do lỗi: Vui lòng cài đặt pdfplumber: pip install pdfplumber
[2026-07-13 17:42:19] INFO [src.ingestion.document_loader.load_document:48]: Đang trích xuất: Computer_Networks_2012.14111v1_Implementation of Security Systems for D.pdf
[2026-07-13 17:42:19] ERROR [src.ingestion.document_loader.load_directory:71]: Bỏ qua file Computer_Networks_2012.14111v1_Implementation of Security Systems for D.pdf do lỗi: Vui lòng cài đặt pdfplumber: pip install pdfplumber
[2026-07-13 17:42:19] INFO [src.ingestion.document_loader.load_document:48]: Đang trích xuất: Computer_Vision_1904.07588v1_Patch alignment manifold matting.pdf
[2026-07-13 17:42:19] ERROR [src.ingestion.document_loader.load_directory:71]: Bỏ qua file Computer_Vision_1904.07588v1_Patch alignment manifold matting.pdf do lỗi: Vui lòng cài đặt pdfplumber: pip install pdfplumber
[2026-07-13 17:42:19] INFO [src.ingestion.document_loader.load_document:48]: Đang trích xuất: Computer_Vision_1904.07601v3_Relation-Shape Convolutional Neural Netw.pdf
[2026-07-13 17:42:19] ERROR [src.ingestion.document_loader.load_directory:71]: Bỏ qua file Computer_Vision_1904.07601v3_Relation-Shape Convolutional Neural Netw.pdf do lỗi: Vui lòng cài đặt pdfplumber: pip install pdfplumber
[2026-07-13 17:42:19] INFO [src.ingestion.document_loader.load_document:48]: Đang trích xuất: Computer_Vision_1904.07659v1_Semantically Aligned Bias Reducing Zero .pdf
[2026-07-13 17:42:19] ERROR [src.ingestion.document_loader.load_directory:71]: Bỏ qua file Computer_Vision_1904.07659v1_Semantically Aligned Bias Reducing Zero .pdf do lỗi: Vui lòng cài đặt pdfplumber: pip install pdfplumber
[2026-07-13 17:42:19] INFO [src.ingestion.document_loader.load_document:48]: Đang trích xuất: Computer_Vision_1904.07916v1_IAN_ Combining Generative Adversarial Ne.pdf
[2026-07-13 17:42:19] ERROR [src.ingestion.document_loader.load_directory:71]: Bỏ qua file Computer_Vision_1904.07916v1_IAN_ Combining Generative Adversarial Ne.pdf do lỗi: Vui lòng cài đặt pdfplumber: pip install pdfplumber
[2026-07-13 17:42:19] INFO [src.ingestion.document_loader.load_document:48]: Đang trích xuất: Computer_Vision_1904.07934v2_Devil is in the Edges_ Learning Semantic.pdf
[2026-07-13 17:42:19] ERROR [src.ingestion.document_loader.load_directory:71]: Bỏ qua file Computer_Vision_1904.07934v2_Devil is in the Edges_ Learning Semantic.pdf do lỗi: Vui lòng cài đặt pdfplumber: pip install pdfplumber
[2026-07-13 17:42:19] INFO [src.ingestion.document_loader.load_document:48]: Đang trích xuất: Computer_Vision_1904.07969v1_DNN Architecture for High Performance Pr.pdf
[2026-07-13 17:42:19] ERROR [src.ingestion.document_loader.load_directory:71]: Bỏ qua file Computer_Vision_1904.07969v1_DNN Architecture for High Performance Pr.pdf do lỗi: Vui lòng cài đặt pdfplumber: pip install pdfplumber
[2026-07-13 17:42:19] INFO [src.ingestion.document_loader.load_document:48]: Đang trích xuất: Computer_Vision_1904.08008v3_Clustered Object Detection in Aerial Ima.pdf
[2026-07-13 17:42:19] ERROR [src.ingestion.document_loader.load_directory:71]: Bỏ qua file Computer_Vision_1904.08008v3_Clustered Object Detection in Aerial Ima.pdf do lỗi: Vui lòng cài đặt pdfplumber: pip install pdfplumber
[2026-07-13 17:42:19] INFO [src.ingestion.document_loader.load_document:48]: Đang trích xuất: Computer_Vision_1904.08034v2_People infer recursive visual concepts f.pdf
[2026-07-13 17:42:19] ERROR [src.ingestion.document_loader.load_directory:71]: Bỏ qua file Computer_Vision_1904.08034v2_People infer recursive visual concepts f.pdf do lỗi: Vui lòng cài đặt pdfplumber: pip install pdfplumber
[2026-07-13 17:42:19] INFO [src.ingestion.document_loader.load_document:48]: Đang trích xuất: Computer_Vision_1904.08066v1_Collaboration Analysis Using Deep Learni.pdf
[2026-07-13 17:42:19] ERROR [src.ingestion.document_loader.load_directory:71]: Bỏ qua file Computer_Vision_1904.08066v1_Collaboration Analysis Using Deep Learni.pdf do lỗi: Vui lòng cài đặt pdfplumber: pip install pdfplumber
[2026-07-13 17:42:19] INFO [src.ingestion.document_loader.load_document:48]: Đang trích xuất: Computer_Vision_1904.08103v1_Multi-Scale Geometric Consistency Guided.pdf
[2026-07-13 17:42:19] ERROR [src.ingestion.document_loader.load_directory:71]: Bỏ qua file Computer_Vision_1904.08103v1_Multi-Scale Geometric Consistency Guided.pdf do lỗi: Vui lòng cài đặt pdfplumber: pip install pdfplumber
[2026-07-13 17:42:19] INFO [src.ingestion.document_loader.load_document:48]: Đang trích xuất: Computer_Vision_1904.08128v2_Automated Design of Deep Learning Method.pdf
[2026-07-13 17:42:19] ERROR [src.ingestion.document_loader.load_directory:71]: Bỏ qua file Computer_Vision_1904.08128v2_Automated Design of Deep Learning Method.pdf do lỗi: Vui lòng cài đặt pdfplumber: pip install pdfplumber
[2026-07-13 17:42:19] INFO [src.ingestion.document_loader.load_document:48]: Đang trích xuất: Computer_Vision_1904.08177v1_Downhole Track Detection via Multiscale .pdf
[2026-07-13 17:42:19] ERROR [src.ingestion.document_loader.load_directory:71]: Bỏ qua file Computer_Vision_1904.08177v1_Downhole Track Detection via Multiscale .pdf do lỗi: Vui lòng cài đặt pdfplumber: pip install pdfplumber
[2026-07-13 17:42:19] INFO [src.ingestion.document_loader.load_document:48]: Đang trích xuất: Computer_Vision_1904.08189v3_CenterNet_ Keypoint Triplets for Object .pdf
[2026-07-13 17:42:19] ERROR [src.ingestion.document_loader.load_directory:71]: Bỏ qua file Computer_Vision_1904.08189v3_CenterNet_ Keypoint Triplets for Object .pdf do lỗi: Vui lòng cài đặt pdfplumber: pip install pdfplumber
[2026-07-13 17:42:19] INFO [src.ingestion.document_loader.load_document:48]: Đang trích xuất: Computer_Vision_1904.08242v2_LO-Net_ Deep Real-time Lidar Odometry.pdf
[2026-07-13 17:42:19] ERROR [src.ingestion.document_loader.load_directory:71]: Bỏ qua file Computer_Vision_1904.08242v2_LO-Net_ Deep Real-time Lidar Odometry.pdf do lỗi: Vui lòng cài đặt pdfplumber: pip install pdfplumber
[2026-07-13 17:42:19] INFO [src.ingestion.document_loader.load_document:48]: Đang trích xuất: Computer_Vision_1904.08269v1_BS-Nets_ An End-to-End Framework For Ban.pdf
[2026-07-13 17:42:19] ERROR [src.ingestion.document_loader.load_directory:71]: Bỏ qua file Computer_Vision_1904.08269v1_BS-Nets_ An End-to-End Framework For Ban.pdf do lỗi: Vui lòng cài đặt pdfplumber: pip install pdfplumber
[2026-07-13 17:42:19] INFO [src.ingestion.document_loader.load_document:48]: Đang trích xuất: Computer_Vision_1904.12059v1_ARCHANGEL_ Tamper-proofing Video Archive.pdf
[2026-07-13 17:42:19] ERROR [src.ingestion.document_loader.load_directory:71]: Bỏ qua file Computer_Vision_1904.12059v1_ARCHANGEL_ Tamper-proofing Video Archive.pdf do lỗi: Vui lòng cài đặt pdfplumber: pip install pdfplumber
[2026-07-13 17:42:19] INFO [src.ingestion.document_loader.load_document:48]: Đang trích xuất: Computer_Vision_1904.12201v1_Human-Centered Emotion Recognition in An.pdf
[2026-07-13 17:42:19] ERROR [src.ingestion.document_loader.load_directory:71]: Bỏ qua file Computer_Vision_1904.12201v1_Human-Centered Emotion Recognition in An.pdf do lỗi: Vui lòng cài đặt pdfplumber: pip install pdfplumber
[2026-07-13 17:42:19] INFO [src.ingestion.document_loader.load_document:48]: Đang trích xuất: Computer_Vision_1904.12613v1_State Classification of Cooking Objects .pdf
[2026-07-13 17:42:19] ERROR [src.ingestion.document_loader.load_directory:71]: Bỏ qua file Computer_Vision_1904.12613v1_State Classification of Cooking Objects .pdf do lỗi: Vui lòng cài đặt pdfplumber: pip install pdfplumber
[2026-07-13 17:42:19] INFO [src.ingestion.document_loader.load_document:48]: Đang trích xuất: Computer_Vision_1904.12717v2_Globally optimal vertical direction esti.pdf
[2026-07-13 17:42:19] ERROR [src.ingestion.document_loader.load_directory:71]: Bỏ qua file Computer_Vision_1904.12717v2_Globally optimal vertical direction esti.pdf do lỗi: Vui lòng cài đặt pdfplumber: pip install pdfplumber
[2026-07-13 17:42:19] INFO [src.ingestion.document_loader.load_document:48]: Đang trích xuất: Computer_Vision_1904.12724v1_Solo or Ensemble_ Choosing a CNN Archite.pdf
[2026-07-13 17:42:19] ERROR [src.ingestion.document_loader.load_directory:71]: Bỏ qua file Computer_Vision_1904.12724v1_Solo or Ensemble_ Choosing a CNN Archite.pdf do lỗi: Vui lòng cài đặt pdfplumber: pip install pdfplumber
[2026-07-13 17:42:19] INFO [src.ingestion.document_loader.load_document:48]: Đang trích xuất: Computer_Vision_1904.12732v2_Multi-scale Microaneurysms Segmentation .pdf
[2026-07-13 17:42:19] ERROR [src.ingestion.document_loader.load_directory:71]: Bỏ qua file Computer_Vision_1904.12732v2_Multi-scale Microaneurysms Segmentation .pdf do lỗi: Vui lòng cài đặt pdfplumber: pip install pdfplumber
[2026-07-13 17:42:19] INFO [src.ingestion.document_loader.load_document:48]: Đang trích xuất: Computer_Vision_1904.12735v1_DeepHMap___ Combined Projection Grouping.pdf
[2026-07-13 17:42:19] ERROR [src.ingestion.document_loader.load_directory:71]: Bỏ qua file Computer_Vision_1904.12735v1_DeepHMap___ Combined Projection Grouping.pdf do lỗi: Vui lòng cài đặt pdfplumber: pip install pdfplumber
[2026-07-13 17:42:19] INFO [src.ingestion.document_loader.load_document:48]: Đang trích xuất: Computer_Vision_1904.12785v2_Style Transfer by Relaxed Optimal Transp.pdf
[2026-07-13 17:42:19] ERROR [src.ingestion.document_loader.load_directory:71]: Bỏ qua file Computer_Vision_1904.12785v2_Style Transfer by Relaxed Optimal Transp.pdf do lỗi: Vui lòng cài đặt pdfplumber: pip install pdfplumber
[2026-07-13 17:42:19] INFO [src.ingestion.document_loader.load_document:48]: Đang trích xuất: Computer_Vision_1904.12848v6_Unsupervised Data Augmentation for Consi.pdf
[2026-07-13 17:42:19] ERROR [src.ingestion.document_loader.load_directory:71]: Bỏ qua file Computer_Vision_1904.12848v6_Unsupervised Data Augmentation for Consi.pdf do lỗi: Vui lòng cài đặt pdfplumber: pip install pdfplumber
[2026-07-13 17:42:19] INFO [src.ingestion.document_loader.load_document:48]: Đang trích xuất: Computer_Vision_1904.12936v2_Learning to Find Common Objects Across F.pdf
[2026-07-13 17:42:19] ERROR [src.ingestion.document_loader.load_directory:71]: Bỏ qua file Computer_Vision_1904.12936v2_Learning to Find Common Objects Across F.pdf do lỗi: Vui lòng cài đặt pdfplumber: pip install pdfplumber
[2026-07-13 17:42:19] INFO [src.ingestion.document_loader.load_document:48]: Đang trích xuất: Computer_Vision_1904.13073v1_SurfelWarp_ Efficient Non-Volumetric Sin.pdf
[2026-07-13 17:42:19] ERROR [src.ingestion.document_loader.load_directory:71]: Bỏ qua file Computer_Vision_1904.13073v1_SurfelWarp_ Efficient Non-Volumetric Sin.pdf do lỗi: Vui lòng cài đặt pdfplumber: pip install pdfplumber
[2026-07-13 17:42:19] INFO [src.ingestion.document_loader.load_document:48]: Đang trích xuất: Computer_Vision_1904.13079v1_Anomaly Detection in Traffic Scenes via .pdf
[2026-07-13 17:42:19] ERROR [src.ingestion.document_loader.load_directory:71]: Bỏ qua file Computer_Vision_1904.13079v1_Anomaly Detection in Traffic Scenes via .pdf do lỗi: Vui lòng cài đặt pdfplumber: pip install pdfplumber
[2026-07-13 17:42:19] INFO [src.ingestion.document_loader.load_document:48]: Đang trích xuất: Computer_Vision_1904.13196v1_Semantic Referee_ A Neural-Symbolic Fram.pdf
[2026-07-13 17:42:19] ERROR [src.ingestion.document_loader.load_directory:71]: Bỏ qua file Computer_Vision_1904.13196v1_Semantic Referee_ A Neural-Symbolic Fram.pdf do lỗi: Vui lòng cài đặt pdfplumber: pip install pdfplumber
[2026-07-13 17:42:19] INFO [src.ingestion.document_loader.load_document:48]: Đang trích xuất: Computer_Vision_1904.13273v1_Detecting Reflections by Combining Seman.pdf
[2026-07-13 17:42:19] ERROR [src.ingestion.document_loader.load_directory:71]: Bỏ qua file Computer_Vision_1904.13273v1_Detecting Reflections by Combining Seman.pdf do lỗi: Vui lòng cài đặt pdfplumber: pip install pdfplumber
[2026-07-13 17:42:19] INFO [src.ingestion.document_loader.load_document:48]: Đang trích xuất: Computer_Vision_1904.13342v1_PYRO-NN_ Python Reconstruction Operators.pdf
[2026-07-13 17:42:19] ERROR [src.ingestion.document_loader.load_directory:71]: Bỏ qua file Computer_Vision_1904.13342v1_PYRO-NN_ Python Reconstruction Operators.pdf do lỗi: Vui lòng cài đặt pdfplumber: pip install pdfplumber
[2026-07-13 17:42:19] INFO [src.ingestion.document_loader.load_document:48]: Đang trích xuất: Computer_Vision_1905.00261v1_Automatic Dataset Augmentation Using Vir.pdf
[2026-07-13 17:42:19] ERROR [src.ingestion.document_loader.load_directory:71]: Bỏ qua file Computer_Vision_1905.00261v1_Automatic Dataset Augmentation Using Vir.pdf do lỗi: Vui lòng cài đặt pdfplumber: pip install pdfplumber
[2026-07-13 17:42:19] INFO [src.ingestion.document_loader.load_document:48]: Đang trích xuất: Computer_Vision_1905.00396v1_Sex-Prediction from Periocular Images ac.pdf
[2026-07-13 17:42:19] ERROR [src.ingestion.document_loader.load_directory:71]: Bỏ qua file Computer_Vision_1905.00396v1_Sex-Prediction from Periocular Images ac.pdf do lỗi: Vui lòng cài đặt pdfplumber: pip install pdfplumber
[2026-07-13 17:42:19] INFO [src.ingestion.document_loader.load_document:48]: Đang trích xuất: Computer_Vision_1905.02114v1_Visibility Constrained Generative Model .pdf
[2026-07-13 17:42:19] ERROR [src.ingestion.document_loader.load_directory:71]: Bỏ qua file Computer_Vision_1905.02114v1_Visibility Constrained Generative Model .pdf do lỗi: Vui lòng cài đặt pdfplumber: pip install pdfplumber
[2026-07-13 17:42:19] INFO [src.ingestion.document_loader.load_document:48]: Đang trích xuất: Computer_Vision_1905.02163v1_Simulating CRF with CNN for CNN.pdf
[2026-07-13 17:42:19] ERROR [src.ingestion.document_loader.load_directory:71]: Bỏ qua file Computer_Vision_1905.02163v1_Simulating CRF with CNN for CNN.pdf do lỗi: Vui lòng cài đặt pdfplumber: pip install pdfplumber
[2026-07-13 17:42:19] INFO [src.ingestion.document_loader.load_document:48]: Đang trích xuất: Computer_Vision_1905.02188v3_CARAFE_ Content-Aware ReAssembly of FEat.pdf
[2026-07-13 17:42:19] ERROR [src.ingestion.document_loader.load_directory:71]: Bỏ qua file Computer_Vision_1905.02188v3_CARAFE_ Content-Aware ReAssembly of FEat.pdf do lỗi: Vui lòng cài đặt pdfplumber: pip install pdfplumber
[2026-07-13 17:42:19] INFO [src.ingestion.document_loader.load_document:48]: Đang trích xuất: Computer_Vision_1905.02197v1_Back to the Future_ Predicting Traffic S.pdf
[2026-07-13 17:42:19] ERROR [src.ingestion.document_loader.load_directory:71]: Bỏ qua file Computer_Vision_1905.02197v1_Back to the Future_ Predicting Traffic S.pdf do lỗi: Vui lòng cài đặt pdfplumber: pip install pdfplumber
[2026-07-13 17:42:19] INFO [src.ingestion.document_loader.load_document:48]: Đang trích xuất: Computer_Vision_1905.02234v2_Image Matters_ Scalable Detection of Off.pdf
[2026-07-13 17:42:19] ERROR [src.ingestion.document_loader.load_directory:71]: Bỏ qua file Computer_Vision_1905.02234v2_Image Matters_ Scalable Detection of Off.pdf do lỗi: Vui lòng cài đặt pdfplumber: pip install pdfplumber
[2026-07-13 17:42:19] INFO [src.ingestion.document_loader.load_document:48]: Đang trích xuất: Computer_Vision_1905.02244v5_Searching for MobileNetV3.pdf
[2026-07-13 17:42:19] ERROR [src.ingestion.document_loader.load_directory:71]: Bỏ qua file Computer_Vision_1905.02244v5_Searching for MobileNetV3.pdf do lỗi: Vui lòng cài đặt pdfplumber: pip install pdfplumber
[2026-07-13 17:42:19] INFO [src.ingestion.document_loader.load_document:48]: Đang trích xuất: Computer_Vision_1905.02259v2_Source Generator Attribution via Inversi.pdf
[2026-07-13 17:42:19] ERROR [src.ingestion.document_loader.load_directory:71]: Bỏ qua file Computer_Vision_1905.02259v2_Source Generator Attribution via Inversi.pdf do lỗi: Vui lòng cài đặt pdfplumber: pip install pdfplumber
[2026-07-13 17:42:19] INFO [src.ingestion.document_loader.load_document:48]: Đang trích xuất: Computer_Vision_1905.02292v1_Frame-wise Motion and Appearance for Rea.pdf
[2026-07-13 17:42:19] ERROR [src.ingestion.document_loader.load_directory:71]: Bỏ qua file Computer_Vision_1905.02292v1_Frame-wise Motion and Appearance for Rea.pdf do lỗi: Vui lòng cài đặt pdfplumber: pip install pdfplumber
[2026-07-13 17:42:19] INFO [src.ingestion.document_loader.load_document:48]: Đang trích xuất: Computer_Vision_1905.02706v2_Learning Unsupervised Multi-View Stereop.pdf
[2026-07-13 17:42:19] ERROR [src.ingestion.document_loader.load_directory:71]: Bỏ qua file Computer_Vision_1905.02706v2_Learning Unsupervised Multi-View Stereop.pdf do lỗi: Vui lòng cài đặt pdfplumber: pip install pdfplumber
[2026-07-13 17:42:19] INFO [src.ingestion.document_loader.load_document:48]: Đang trích xuất: Computer_Vision_1905.02749v1_DeepSWIR_ A Deep Learning Based Approach.pdf
[2026-07-13 17:42:19] ERROR [src.ingestion.document_loader.load_directory:71]: Bỏ qua file Computer_Vision_1905.02749v1_DeepSWIR_ A Deep Learning Based Approach.pdf do lỗi: Vui lòng cài đặt pdfplumber: pip install pdfplumber
[2026-07-13 17:42:19] INFO [src.ingestion.document_loader.load_document:48]: Đang trích xuất: Computer_Vision_1905.02781v1_Robust Dense Mapping for Large-Scale Dyn.pdf
[2026-07-13 17:42:19] ERROR [src.ingestion.document_loader.load_directory:71]: Bỏ qua file Computer_Vision_1905.02781v1_Robust Dense Mapping for Large-Scale Dyn.pdf do lỗi: Vui lòng cài đặt pdfplumber: pip install pdfplumber
[2026-07-13 17:42:19] INFO [src.ingestion.document_loader.load_document:48]: Đang trích xuất: Computer_Vision_1905.02845v1_Feature Selection and Feature Extraction.pdf
[2026-07-13 17:42:19] ERROR [src.ingestion.document_loader.load_directory:71]: Bỏ qua file Computer_Vision_1905.02845v1_Feature Selection and Feature Extraction.pdf do lỗi: Vui lòng cài đặt pdfplumber: pip install pdfplumber
[2026-07-13 17:42:19] INFO [src.ingestion.document_loader.load_document:48]: Đang trích xuất: Computer_Vision_1905.02925v1_ShapeGlot_ Learning Language for Shape D.pdf
[2026-07-13 17:42:19] ERROR [src.ingestion.document_loader.load_directory:71]: Bỏ qua file Computer_Vision_1905.02925v1_ShapeGlot_ Learning Language for Shape D.pdf do lỗi: Vui lòng cài đặt pdfplumber: pip install pdfplumber
[2026-07-13 17:42:19] INFO [src.ingestion.document_loader.load_document:48]: Đang trích xuất: Computer_Vision_1905.03046v1_PiNet_ A Permutation Invariant Graph Neu.pdf
[2026-07-13 17:42:19] ERROR [src.ingestion.document_loader.load_directory:71]: Bỏ qua file Computer_Vision_1905.03046v1_PiNet_ A Permutation Invariant Graph Neu.pdf do lỗi: Vui lòng cài đặt pdfplumber: pip install pdfplumber
[2026-07-13 17:42:19] INFO [src.ingestion.document_loader.load_document:48]: Đang trích xuất: Computer_Vision_1905.03066v3_Training a Fast Object Detector for LiDA.pdf
[2026-07-13 17:42:19] ERROR [src.ingestion.document_loader.load_directory:71]: Bỏ qua file Computer_Vision_1905.03066v3_Training a Fast Object Detector for LiDA.pdf do lỗi: Vui lòng cài đặt pdfplumber: pip install pdfplumber
[2026-07-13 17:42:19] INFO [src.ingestion.document_loader.load_document:48]: Đang trích xuất: Computer_Vision_1905.03229v3_Image-based reconstruction for the impac.pdf
[2026-07-13 17:42:19] ERROR [src.ingestion.document_loader.load_directory:71]: Bỏ qua file Computer_Vision_1905.03229v3_Image-based reconstruction for the impac.pdf do lỗi: Vui lòng cài đặt pdfplumber: pip install pdfplumber
[2026-07-13 17:42:19] INFO [src.ingestion.document_loader.load_document:48]: Đang trích xuất: Computer_Vision_1905.03421v3_Adversarial Image Translation_ Unrestric.pdf
[2026-07-13 17:42:19] ERROR [src.ingestion.document_loader.load_directory:71]: Bỏ qua file Computer_Vision_1905.03421v3_Adversarial Image Translation_ Unrestric.pdf do lỗi: Vui lòng cài đặt pdfplumber: pip install pdfplumber
[2026-07-13 17:42:19] INFO [src.ingestion.document_loader.load_document:48]: Đang trích xuất: Computer_Vision_1905.03445v1_Two-Stage Convolutional Neural Network A.pdf
[2026-07-13 17:42:19] ERROR [src.ingestion.document_loader.load_directory:71]: Bỏ qua file Computer_Vision_1905.03445v1_Two-Stage Convolutional Neural Network A.pdf do lỗi: Vui lòng cài đặt pdfplumber: pip install pdfplumber
[2026-07-13 17:42:19] INFO [src.ingestion.document_loader.load_document:48]: Đang trích xuất: Computer_Vision_1906.00495v1_Truncated Cauchy Non-negative Matrix Fac.pdf
[2026-07-13 17:42:19] ERROR [src.ingestion.document_loader.load_directory:71]: Bỏ qua file Computer_Vision_1906.00495v1_Truncated Cauchy Non-negative Matrix Fac.pdf do lỗi: Vui lòng cài đặt pdfplumber: pip install pdfplumber
[2026-07-13 17:42:19] INFO [src.ingestion.document_loader.load_document:48]: Đang trích xuất: Computer_Vision_1906.00629v2_Computing Valid p-values for Image Segme.pdf
[2026-07-13 17:42:19] ERROR [src.ingestion.document_loader.load_directory:71]: Bỏ qua file Computer_Vision_1906.00629v2_Computing Valid p-values for Image Segme.pdf do lỗi: Vui lòng cài đặt pdfplumber: pip install pdfplumber
[2026-07-13 17:42:19] INFO [src.ingestion.document_loader.load_document:48]: Đang trích xuất: Computer_Vision_1906.00805v1_GazeCorrection_Self-Guided Eye Manipulat.pdf
[2026-07-13 17:42:19] ERROR [src.ingestion.document_loader.load_directory:71]: Bỏ qua file Computer_Vision_1906.00805v1_GazeCorrection_Self-Guided Eye Manipulat.pdf do lỗi: Vui lòng cài đặt pdfplumber: pip install pdfplumber
[2026-07-13 17:42:19] INFO [src.ingestion.document_loader.load_document:48]: Đang trích xuất: Computer_Vision_1906.00825v1_Self-supervised Body Image Acquisition U.pdf
[2026-07-13 17:42:19] ERROR [src.ingestion.document_loader.load_directory:71]: Bỏ qua file Computer_Vision_1906.00825v1_Self-supervised Body Image Acquisition U.pdf do lỗi: Vui lòng cài đặt pdfplumber: pip install pdfplumber
[2026-07-13 17:42:19] INFO [src.ingestion.document_loader.load_document:48]: Đang trích xuất: Computer_Vision_1906.00872v1_From Words to Sentences_ A Progressive L.pdf
[2026-07-13 17:42:19] ERROR [src.ingestion.document_loader.load_directory:71]: Bỏ qua file Computer_Vision_1906.00872v1_From Words to Sentences_ A Progressive L.pdf do lỗi: Vui lòng cài đặt pdfplumber: pip install pdfplumber
[2026-07-13 17:42:19] INFO [src.ingestion.document_loader.load_document:48]: Đang trích xuất: Computer_Vision_1906.01028v1_A Hybrid RNN-HMM Approach for Weakly Sup.pdf
[2026-07-13 17:42:19] ERROR [src.ingestion.document_loader.load_directory:71]: Bỏ qua file Computer_Vision_1906.01028v1_A Hybrid RNN-HMM Approach for Weakly Sup.pdf do lỗi: Vui lòng cài đặt pdfplumber: pip install pdfplumber
[2026-07-13 17:42:19] INFO [src.ingestion.document_loader.load_document:48]: Đang trích xuất: Computer_Vision_1906.01160v1_Transfer Learning with intelligent train.pdf
[2026-07-13 17:42:19] ERROR [src.ingestion.document_loader.load_directory:71]: Bỏ qua file Computer_Vision_1906.01160v1_Transfer Learning with intelligent train.pdf do lỗi: Vui lòng cài đặt pdfplumber: pip install pdfplumber
[2026-07-13 17:42:19] INFO [src.ingestion.document_loader.load_document:48]: Đang trích xuất: Computer_Vision_1906.01272v1_Evaluation of an AI system for the autom.pdf
[2026-07-13 17:42:19] ERROR [src.ingestion.document_loader.load_directory:71]: Bỏ qua file Computer_Vision_1906.01272v1_Evaluation of an AI system for the autom.pdf do lỗi: Vui lòng cài đặt pdfplumber: pip install pdfplumber
[2026-07-13 17:42:19] INFO [src.ingestion.document_loader.load_document:48]: Đang trích xuất: Computer_Vision_1906.01288v3_Information Competing Process for Learni.pdf
[2026-07-13 17:42:19] ERROR [src.ingestion.document_loader.load_directory:71]: Bỏ qua file Computer_Vision_1906.01288v3_Information Competing Process for Learni.pdf do lỗi: Vui lòng cài đặt pdfplumber: pip install pdfplumber
[2026-07-13 17:42:19] INFO [src.ingestion.document_loader.load_document:48]: Đang trích xuất: Computer_Vision_1906.01290v1_Relational Reasoning using Prior Knowled.pdf
[2026-07-13 17:42:19] ERROR [src.ingestion.document_loader.load_directory:71]: Bỏ qua file Computer_Vision_1906.01290v1_Relational Reasoning using Prior Knowled.pdf do lỗi: Vui lòng cài đặt pdfplumber: pip install pdfplumber
[2026-07-13 17:42:19] INFO [src.ingestion.document_loader.load_document:48]: Đang trích xuất: Computer_Vision_1906.01292v1_Optimal Unsupervised Domain Translation.pdf
[2026-07-13 17:42:19] ERROR [src.ingestion.document_loader.load_directory:71]: Bỏ qua file Computer_Vision_1906.01292v1_Optimal Unsupervised Domain Translation.pdf do lỗi: Vui lòng cài đặt pdfplumber: pip install pdfplumber
[2026-07-13 17:42:19] INFO [src.ingestion.document_loader.load_document:48]: Đang trích xuất: Computer_Vision_1906.01357v1_State-aware Re-identification Feature fo.pdf
[2026-07-13 17:42:19] ERROR [src.ingestion.document_loader.load_directory:71]: Bỏ qua file Computer_Vision_1906.01357v1_State-aware Re-identification Feature fo.pdf do lỗi: Vui lòng cài đặt pdfplumber: pip install pdfplumber
[2026-07-13 17:42:19] INFO [src.ingestion.document_loader.load_document:48]: Đang trích xuất: Computer_Vision_1906.01452v1_Reconstruct and Represent Video Contents.pdf
[2026-07-13 17:42:19] ERROR [src.ingestion.document_loader.load_directory:71]: Bỏ qua file Computer_Vision_1906.01452v1_Reconstruct and Represent Video Contents.pdf do lỗi: Vui lòng cài đặt pdfplumber: pip install pdfplumber
[2026-07-13 17:42:19] INFO [src.ingestion.document_loader.load_document:48]: Đang trích xuất: Computer_Vision_1906.01524v1_Text-based Editing of Talking-head Video.pdf
[2026-07-13 17:42:19] ERROR [src.ingestion.document_loader.load_directory:71]: Bỏ qua file Computer_Vision_1906.01524v1_Text-based Editing of Talking-head Video.pdf do lỗi: Vui lòng cài đặt pdfplumber: pip install pdfplumber
[2026-07-13 17:42:19] INFO [src.ingestion.document_loader.load_document:48]: Đang trích xuất: Computer_Vision_1906.01737v2_Geo-Aware Networks for Fine-Grained Reco.pdf
[2026-07-13 17:42:19] ERROR [src.ingestion.document_loader.load_directory:71]: Bỏ qua file Computer_Vision_1906.01737v2_Geo-Aware Networks for Fine-Grained Reco.pdf do lỗi: Vui lòng cài đặt pdfplumber: pip install pdfplumber
[2026-07-13 17:42:19] INFO [src.ingestion.document_loader.load_document:48]: Đang trích xuất: Computer_Vision_2005.13366v1_Weakly Supervised Vessel Segmentation in.pdf
[2026-07-13 17:42:19] ERROR [src.ingestion.document_loader.load_directory:71]: Bỏ qua file Computer_Vision_2005.13366v1_Weakly Supervised Vessel Segmentation in.pdf do lỗi: Vui lòng cài đặt pdfplumber: pip install pdfplumber
[2026-07-13 17:42:19] INFO [src.ingestion.document_loader.load_document:48]: Đang trích xuất: Computer_Vision_2005.14169v1_Self-supervised Modal and View Invariant.pdf
[2026-07-13 17:42:19] ERROR [src.ingestion.document_loader.load_directory:71]: Bỏ qua file Computer_Vision_2005.14169v1_Self-supervised Modal and View Invariant.pdf do lỗi: Vui lòng cài đặt pdfplumber: pip install pdfplumber
[2026-07-13 17:42:19] INFO [src.ingestion.document_loader.load_document:48]: Đang trích xuất: Computer_Vision_2012.10066v1_PointINet_ Point Cloud Frame Interpolati.pdf
[2026-07-13 17:42:19] ERROR [src.ingestion.document_loader.load_directory:71]: Bỏ qua file Computer_Vision_2012.10066v1_PointINet_ Point Cloud Frame Interpolati.pdf do lỗi: Vui lòng cài đặt pdfplumber: pip install pdfplumber
[2026-07-13 17:42:19] INFO [src.ingestion.document_loader.load_document:48]: Đang trích xuất: Computer_Vision_2012.10992v1_Deep Continuous Fusion for Multi-Sensor .pdf
[2026-07-13 17:42:19] ERROR [src.ingestion.document_loader.load_directory:71]: Bỏ qua file Computer_Vision_2012.10992v1_Deep Continuous Fusion for Multi-Sensor .pdf do lỗi: Vui lòng cài đặt pdfplumber: pip install pdfplumber
[2026-07-13 17:42:19] INFO [src.ingestion.document_loader.load_document:48]: Đang trích xuất: Computer_Vision_2012.11002v1_Deep Bingham Networks_ Dealing with Unce.pdf
[2026-07-13 17:42:19] ERROR [src.ingestion.document_loader.load_directory:71]: Bỏ qua file Computer_Vision_2012.11002v1_Deep Bingham Networks_ Dealing with Unce.pdf do lỗi: Vui lòng cài đặt pdfplumber: pip install pdfplumber
[2026-07-13 17:42:19] INFO [src.ingestion.document_loader.load_document:48]: Đang trích xuất: Computer_Vision_2012.11101v1_ResizeMix_ Mixing Data with Preserved Ob.pdf
[2026-07-13 17:42:19] ERROR [src.ingestion.document_loader.load_directory:71]: Bỏ qua file Computer_Vision_2012.11101v1_ResizeMix_ Mixing Data with Preserved Ob.pdf do lỗi: Vui lòng cài đặt pdfplumber: pip install pdfplumber
[2026-07-13 17:42:19] INFO [src.ingestion.document_loader.load_document:48]: Đang trích xuất: Computer_Vision_2012.11486v1_Leaf Segmentation and Counting with Deep.pdf
[2026-07-13 17:42:19] ERROR [src.ingestion.document_loader.load_directory:71]: Bỏ qua file Computer_Vision_2012.11486v1_Leaf Segmentation and Counting with Deep.pdf do lỗi: Vui lòng cài đặt pdfplumber: pip install pdfplumber
[2026-07-13 17:42:19] INFO [src.ingestion.document_loader.load_document:48]: Đang trích xuất: Computer_Vision_2012.11745v1_Training DNNs in O_1_ memory with MEM-DF.pdf
[2026-07-13 17:42:19] ERROR [src.ingestion.document_loader.load_directory:71]: Bỏ qua file Computer_Vision_2012.11745v1_Training DNNs in O_1_ memory with MEM-DF.pdf do lỗi: Vui lòng cài đặt pdfplumber: pip install pdfplumber
[2026-07-13 17:42:19] INFO [src.ingestion.document_loader.load_document:48]: Đang trích xuất: Computer_Vision_2012.12089v1_Prediction of Chronic Kidney Disease Usi.pdf
[2026-07-13 17:42:19] ERROR [src.ingestion.document_loader.load_directory:71]: Bỏ qua file Computer_Vision_2012.12089v1_Prediction of Chronic Kidney Disease Usi.pdf do lỗi: Vui lòng cài đặt pdfplumber: pip install pdfplumber
[2026-07-13 17:42:19] INFO [src.ingestion.document_loader.load_document:48]: Đang trích xuất: Computer_Vision_2012.12104v1_A Deep Reinforcement Learning Approach f.pdf
[2026-07-13 17:42:19] ERROR [src.ingestion.document_loader.load_directory:71]: Bỏ qua file Computer_Vision_2012.12104v1_A Deep Reinforcement Learning Approach f.pdf do lỗi: Vui lòng cài đặt pdfplumber: pip install pdfplumber
[2026-07-13 17:42:19] INFO [src.ingestion.document_loader.load_document:48]: Đang trích xuất: Computer_Vision_2012.12139v1_Image to Bengali Caption Generation Usin.pdf
[2026-07-13 17:42:19] ERROR [src.ingestion.document_loader.load_directory:71]: Bỏ qua file Computer_Vision_2012.12139v1_Image to Bengali Caption Generation Usin.pdf do lỗi: Vui lòng cài đặt pdfplumber: pip install pdfplumber
[2026-07-13 17:42:19] INFO [src.ingestion.document_loader.load_document:48]: Đang trích xuất: Computer_Vision_2012.12258v1_Underwater image filtering_ methods_ dat.pdf
[2026-07-13 17:42:19] ERROR [src.ingestion.document_loader.load_directory:71]: Bỏ qua file Computer_Vision_2012.12258v1_Underwater image filtering_ methods_ dat.pdf do lỗi: Vui lòng cài đặt pdfplumber: pip install pdfplumber
[2026-07-13 17:42:19] INFO [src.ingestion.document_loader.load_document:48]: Đang trích xuất: Computer_Vision_2012.12302v1_Flexible deep transfer learning by separ.pdf
[2026-07-13 17:42:19] ERROR [src.ingestion.document_loader.load_directory:71]: Bỏ qua file Computer_Vision_2012.12302v1_Flexible deep transfer learning by separ.pdf do lỗi: Vui lòng cài đặt pdfplumber: pip install pdfplumber
[2026-07-13 17:42:19] INFO [src.ingestion.document_loader.load_document:48]: Đang trích xuất: Computer_Vision_2012.12308v1_Randomized RX for target detection.pdf
[2026-07-13 17:42:19] ERROR [src.ingestion.document_loader.load_directory:71]: Bỏ qua file Computer_Vision_2012.12308v1_Randomized RX for target detection.pdf do lỗi: Vui lòng cài đặt pdfplumber: pip install pdfplumber
[2026-07-13 17:42:19] INFO [src.ingestion.document_loader.load_document:48]: Đang trích xuất: Computer_Vision_2012.12397v1_Multi-Task Multi-Sensor Fusion for 3D Ob.pdf
[2026-07-13 17:42:19] ERROR [src.ingestion.document_loader.load_directory:71]: Bỏ qua file Computer_Vision_2012.12397v1_Multi-Task Multi-Sensor Fusion for 3D Ob.pdf do lỗi: Vui lòng cài đặt pdfplumber: pip install pdfplumber
[2026-07-13 17:42:19] INFO [src.ingestion.document_loader.load_document:48]: Đang trích xuất: Computer_Vision_2012.12432v2_Multi-Contrast Computed Tomography Healt.pdf
[2026-07-13 17:42:19] ERROR [src.ingestion.document_loader.load_directory:71]: Bỏ qua file Computer_Vision_2012.12432v2_Multi-Contrast Computed Tomography Healt.pdf do lỗi: Vui lòng cài đặt pdfplumber: pip install pdfplumber
[2026-07-13 17:42:19] INFO [src.ingestion.document_loader.load_document:48]: Đang trích xuất: Computer_Vision_2012.12447v1_Skeleton-based Approaches based on Machi.pdf
[2026-07-13 17:42:19] ERROR [src.ingestion.document_loader.load_directory:71]: Bỏ qua file Computer_Vision_2012.12447v1_Skeleton-based Approaches based on Machi.pdf do lỗi: Vui lòng cài đặt pdfplumber: pip install pdfplumber
[2026-07-13 17:42:19] INFO [src.ingestion.document_loader.load_document:48]: Đang trích xuất: Computer_Vision_2012.12453v1_CholecSeg8k_ A Semantic Segmentation Dat.pdf
[2026-07-13 17:42:19] ERROR [src.ingestion.document_loader.load_directory:71]: Bỏ qua file Computer_Vision_2012.12453v1_CholecSeg8k_ A Semantic Segmentation Dat.pdf do lỗi: Vui lòng cài đặt pdfplumber: pip install pdfplumber
[2026-07-13 17:42:19] INFO [src.ingestion.document_loader.load_document:48]: Đang trích xuất: Computer_Vision_2012.12545v1_Unsupervised Domain Adaptation for Seman.pdf
[2026-07-13 17:42:19] ERROR [src.ingestion.document_loader.load_directory:71]: Bỏ qua file Computer_Vision_2012.12545v1_Unsupervised Domain Adaptation for Seman.pdf do lỗi: Vui lòng cài đặt pdfplumber: pip install pdfplumber
[2026-07-13 17:42:19] INFO [src.ingestion.document_loader.load_document:48]: Đang trích xuất: Computer_Vision_2012.12890v1_ANR_ Articulated Neural Rendering for Vi.pdf
[2026-07-13 17:42:19] ERROR [src.ingestion.document_loader.load_directory:71]: Bỏ qua file Computer_Vision_2012.12890v1_ANR_ Articulated Neural Rendering for Vi.pdf do lỗi: Vui lòng cài đặt pdfplumber: pip install pdfplumber
[2026-07-13 17:42:19] INFO [src.ingestion.document_loader.load_document:48]: Đang trích xuất: Computer_Vision_2012.13028v1_General Domain Adaptation Through Propor.pdf
[2026-07-13 17:42:19] ERROR [src.ingestion.document_loader.load_directory:71]: Bỏ qua file Computer_Vision_2012.13028v1_General Domain Adaptation Through Propor.pdf do lỗi: Vui lòng cài đặt pdfplumber: pip install pdfplumber
[2026-07-13 17:42:19] INFO [src.ingestion.document_loader.load_document:48]: Đang trích xuất: Computer_Vision_2012.13191v1_Appearance-Invariant 6-DoF Visual Locali.pdf
[2026-07-13 17:42:19] ERROR [src.ingestion.document_loader.load_directory:71]: Bỏ qua file Computer_Vision_2012.13191v1_Appearance-Invariant 6-DoF Visual Locali.pdf do lỗi: Vui lòng cài đặt pdfplumber: pip install pdfplumber
[2026-07-13 17:42:19] INFO [src.ingestion.document_loader.load_document:48]: Đang trích xuất: Computer_Vision_2012.13340v1_Joint super-resolution and synthesis of .pdf
[2026-07-13 17:42:19] ERROR [src.ingestion.document_loader.load_directory:71]: Bỏ qua file Computer_Vision_2012.13340v1_Joint super-resolution and synthesis of .pdf do lỗi: Vui lòng cài đặt pdfplumber: pip install pdfplumber
[2026-07-13 17:42:19] INFO [src.ingestion.document_loader.load_document:48]: Đang trích xuất: Computer_Vision_2012.13364v1_Spatio-temporal Multi-task Learning for .pdf
[2026-07-13 17:42:19] ERROR [src.ingestion.document_loader.load_directory:71]: Bỏ qua file Computer_Vision_2012.13364v1_Spatio-temporal Multi-task Learning for .pdf do lỗi: Vui lòng cài đặt pdfplumber: pip install pdfplumber
[2026-07-13 17:42:19] INFO [src.ingestion.document_loader.load_document:48]: Đang trích xuất: Computer_Vision_2012.13666v1_PaXNet_ Dental Caries Detection in Panor.pdf
[2026-07-13 17:42:19] ERROR [src.ingestion.document_loader.load_directory:71]: Bỏ qua file Computer_Vision_2012.13666v1_PaXNet_ Dental Caries Detection in Panor.pdf do lỗi: Vui lòng cài đặt pdfplumber: pip install pdfplumber
[2026-07-13 17:42:19] INFO [src.ingestion.document_loader.load_document:48]: Đang trích xuất: Computer_Vision_2012.13690v1_One-Shot Object Localization Using Learn.pdf
[2026-07-13 17:42:19] ERROR [src.ingestion.document_loader.load_directory:71]: Bỏ qua file Computer_Vision_2012.13690v1_One-Shot Object Localization Using Learn.pdf do lỗi: Vui lòng cài đặt pdfplumber: pip install pdfplumber
[2026-07-13 17:42:19] INFO [src.ingestion.document_loader.load_document:48]: Đang trích xuất: Computer_Vision_2012.13716v1_Hybrid and Non-Uniform quantization meth.pdf
[2026-07-13 17:42:19] ERROR [src.ingestion.document_loader.load_directory:71]: Bỏ qua file Computer_Vision_2012.13716v1_Hybrid and Non-Uniform quantization meth.pdf do lỗi: Vui lòng cài đặt pdfplumber: pip install pdfplumber
[2026-07-13 17:42:19] INFO [src.ingestion.document_loader.load_document:48]: Đang trích xuất: Computer_Vision_2012.13736v1_Image Synthesis with Adversarial Network.pdf
[2026-07-13 17:42:19] ERROR [src.ingestion.document_loader.load_directory:71]: Bỏ qua file Computer_Vision_2012.13736v1_Image Synthesis with Adversarial Network.pdf do lỗi: Vui lòng cài đặt pdfplumber: pip install pdfplumber
[2026-07-13 17:42:19] INFO [src.ingestion.document_loader.load_document:48]: Đang trích xuất: Computer_Vision_2012.14092v1_Model Optimization for Deep Space Explor.pdf
[2026-07-13 17:42:19] ERROR [src.ingestion.document_loader.load_directory:71]: Bỏ qua file Computer_Vision_2012.14092v1_Model Optimization for Deep Space Explor.pdf do lỗi: Vui lòng cài đặt pdfplumber: pip install pdfplumber
[2026-07-13 17:42:19] INFO [src.ingestion.document_loader.load_document:48]: Đang trích xuất: Computer_Vision_2012.14106v1_Diagnosis_Prognosis of COVID-19 Images_ .pdf
[2026-07-13 17:42:19] ERROR [src.ingestion.document_loader.load_directory:71]: Bỏ qua file Computer_Vision_2012.14106v1_Diagnosis_Prognosis of COVID-19 Images_ .pdf do lỗi: Vui lòng cài đặt pdfplumber: pip install pdfplumber
[2026-07-13 17:42:19] INFO [src.ingestion.document_loader.load_document:48]: Đang trích xuất: Computer_Vision_2012.14130v1_Joint Intensity-Gradient Guided Generati.pdf
[2026-07-13 17:42:19] ERROR [src.ingestion.document_loader.load_directory:71]: Bỏ qua file Computer_Vision_2012.14130v1_Joint Intensity-Gradient Guided Generati.pdf do lỗi: Vui lòng cài đặt pdfplumber: pip install pdfplumber
[2026-07-13 17:42:19] INFO [src.ingestion.document_loader.load_document:48]: Đang trích xuất: Computer_Vision_2012.14142v1_Perception Consistency Ultrasound Image .pdf
[2026-07-13 17:42:19] ERROR [src.ingestion.document_loader.load_directory:71]: Bỏ qua file Computer_Vision_2012.14142v1_Perception Consistency Ultrasound Image .pdf do lỗi: Vui lòng cài đặt pdfplumber: pip install pdfplumber
[2026-07-13 17:42:19] INFO [src.ingestion.document_loader.load_document:48]: Đang trích xuất: Computer_Vision_2012.14186v1_Action Recognition with Kernel-based Gra.pdf
[2026-07-13 17:42:19] ERROR [src.ingestion.document_loader.load_directory:71]: Bỏ qua file Computer_Vision_2012.14186v1_Action Recognition with Kernel-based Gra.pdf do lỗi: Vui lòng cài đặt pdfplumber: pip install pdfplumber
[2026-07-13 17:42:19] INFO [src.ingestion.document_loader.load_document:48]: Đang trích xuất: Computer_Vision_2012.14207v1_Combining CNN and Hybrid Active Contours.pdf
[2026-07-13 17:42:19] ERROR [src.ingestion.document_loader.load_directory:71]: Bỏ qua file Computer_Vision_2012.14207v1_Combining CNN and Hybrid Active Contours.pdf do lỗi: Vui lòng cài đặt pdfplumber: pip install pdfplumber
[2026-07-13 17:42:19] INFO [src.ingestion.document_loader.load_document:48]: Đang trích xuất: Database_1805.12503v1_Practical Study of Deterministic Regular.pdf
[2026-07-13 17:42:19] ERROR [src.ingestion.document_loader.load_directory:71]: Bỏ qua file Database_1805.12503v1_Practical Study of Deterministic Regular.pdf do lỗi: Vui lòng cài đặt pdfplumber: pip install pdfplumber
[2026-07-13 17:42:19] INFO [src.ingestion.document_loader.load_document:48]: Đang trích xuất: Database_1806.01217v1_Efficient Genomic Interval Queries Using.pdf
[2026-07-13 17:42:19] ERROR [src.ingestion.document_loader.load_directory:71]: Bỏ qua file Database_1806.01217v1_Efficient Genomic Interval Queries Using.pdf do lỗi: Vui lòng cài đặt pdfplumber: pip install pdfplumber
[2026-07-13 17:42:19] INFO [src.ingestion.document_loader.load_document:48]: Đang trích xuất: Database_1806.04467v1_Next generation portal for federated tes.pdf
[2026-07-13 17:42:19] ERROR [src.ingestion.document_loader.load_directory:71]: Bỏ qua file Database_1806.04467v1_Next generation portal for federated tes.pdf do lỗi: Vui lòng cài đặt pdfplumber: pip install pdfplumber
[2026-07-13 17:42:19] INFO [src.ingestion.document_loader.load_document:48]: Đang trích xuất: Database_1806.04761v1_Performance evaluation for CRUD operatio.pdf
[2026-07-13 17:42:19] ERROR [src.ingestion.document_loader.load_directory:71]: Bỏ qua file Database_1806.04761v1_Performance evaluation for CRUD operatio.pdf do lỗi: Vui lòng cài đặt pdfplumber: pip install pdfplumber
[2026-07-13 17:42:19] INFO [src.ingestion.document_loader.load_document:48]: Đang trích xuất: Database_1806.05983v3_Online Variant of Parcel Allocation in L.pdf
[2026-07-13 17:42:19] ERROR [src.ingestion.document_loader.load_directory:71]: Bỏ qua file Database_1806.05983v3_Online Variant of Parcel Allocation in L.pdf do lỗi: Vui lòng cài đặt pdfplumber: pip install pdfplumber
[2026-07-13 17:42:19] INFO [src.ingestion.document_loader.load_document:48]: Đang trích xuất: Database_1806.06205v1_TrQuery_ An Embedding-based Framework fo.pdf
[2026-07-13 17:42:19] ERROR [src.ingestion.document_loader.load_directory:71]: Bỏ qua file Database_1806.06205v1_TrQuery_ An Embedding-based Framework fo.pdf do lỗi: Vui lòng cài đặt pdfplumber: pip install pdfplumber
[2026-07-13 17:42:19] INFO [src.ingestion.document_loader.load_document:48]: Đang trích xuất: Database_1806.06452v1_Utilizing Provenance in Reusable Researc.pdf
[2026-07-13 17:42:19] ERROR [src.ingestion.document_loader.load_directory:71]: Bỏ qua file Database_1806.06452v1_Utilizing Provenance in Reusable Researc.pdf do lỗi: Vui lòng cài đặt pdfplumber: pip install pdfplumber
[2026-07-13 17:42:19] INFO [src.ingestion.document_loader.load_document:48]: Đang trích xuất: Database_1806.09793v1_A NoSQL Data-based Personalized Recommen.pdf
[2026-07-13 17:42:19] ERROR [src.ingestion.document_loader.load_directory:71]: Bỏ qua file Database_1806.09793v1_A NoSQL Data-based Personalized Recommen.pdf do lỗi: Vui lòng cài đặt pdfplumber: pip install pdfplumber
[2026-07-13 17:42:19] INFO [src.ingestion.document_loader.load_document:48]: Đang trích xuất: Database_1806.09967v1_A Tensor Based Data Model for Polystore_.pdf
[2026-07-13 17:42:19] ERROR [src.ingestion.document_loader.load_directory:71]: Bỏ qua file Database_1806.09967v1_A Tensor Based Data Model for Polystore_.pdf do lỗi: Vui lòng cài đặt pdfplumber: pip install pdfplumber
[2026-07-13 17:42:19] INFO [src.ingestion.document_loader.load_document:48]: Đang trích xuất: Database_1806.10078v2_A General Framework for Anytime Approxim.pdf
[2026-07-13 17:42:19] ERROR [src.ingestion.document_loader.load_directory:71]: Bỏ qua file Database_1806.10078v2_A General Framework for Anytime Approxim.pdf do lỗi: Vui lòng cài đặt pdfplumber: pip install pdfplumber
[2026-07-13 17:42:19] INFO [src.ingestion.document_loader.load_document:48]: Đang trích xuất: Database_1807.00602v1_Semantic Query Language for Temporal Gen.pdf
[2026-07-13 17:42:19] ERROR [src.ingestion.document_loader.load_directory:71]: Bỏ qua file Database_1807.00602v1_Semantic Query Language for Temporal Gen.pdf do lỗi: Vui lòng cài đặt pdfplumber: pip install pdfplumber
[2026-07-13 17:42:19] INFO [src.ingestion.document_loader.load_document:48]: Đang trích xuất: Database_1807.00607v3_Probabilistic Databases with an Infinite.pdf
[2026-07-13 17:42:19] ERROR [src.ingestion.document_loader.load_directory:71]: Bỏ qua file Database_1807.00607v3_Probabilistic Databases with an Infinite.pdf do lỗi: Vui lòng cài đặt pdfplumber: pip install pdfplumber
[2026-07-13 17:42:19] INFO [src.ingestion.document_loader.load_document:48]: Đang trích xuất: Database_1807.01016v2_Industrial Big Data Analytics_ Challenge.pdf
[2026-07-13 17:42:19] ERROR [src.ingestion.document_loader.load_directory:71]: Bỏ qua file Database_1807.01016v2_Industrial Big Data Analytics_ Challenge.pdf do lỗi: Vui lòng cài đặt pdfplumber: pip install pdfplumber
[2026-07-13 17:42:19] INFO [src.ingestion.document_loader.load_document:48]: Đang trích xuất: Database_1807.01706v1_Mining Periodic Patterns with a MDL Crit.pdf
[2026-07-13 17:42:19] ERROR [src.ingestion.document_loader.load_directory:71]: Bỏ qua file Database_1807.01706v1_Mining Periodic Patterns with a MDL Crit.pdf do lỗi: Vui lòng cài đặt pdfplumber: pip install pdfplumber
[2026-07-13 17:42:19] INFO [src.ingestion.document_loader.load_document:48]: Đang trích xuất: Database_1807.02258v1_Scalable Formal Concept Analysis algorit.pdf
[2026-07-13 17:42:19] ERROR [src.ingestion.document_loader.load_directory:71]: Bỏ qua file Database_1807.02258v1_Scalable Formal Concept Analysis algorit.pdf do lỗi: Vui lòng cài đặt pdfplumber: pip install pdfplumber
[2026-07-13 17:42:19] INFO [src.ingestion.document_loader.load_document:48]: Đang trích xuất: Database_1807.06996v1_Evolving Large-Scale Data Stream Analyti.pdf
[2026-07-13 17:42:19] ERROR [src.ingestion.document_loader.load_directory:71]: Bỏ qua file Database_1807.06996v1_Evolving Large-Scale Data Stream Analyti.pdf do lỗi: Vui lòng cài đặt pdfplumber: pip install pdfplumber
[2026-07-13 17:42:19] INFO [src.ingestion.document_loader.load_document:48]: Đang trích xuất: Database_1807.09899v1_Validation and Inference of Schema-Level.pdf
[2026-07-13 17:42:19] ERROR [src.ingestion.document_loader.load_directory:71]: Bỏ qua file Database_1807.09899v1_Validation and Inference of Schema-Level.pdf do lỗi: Vui lòng cài đặt pdfplumber: pip install pdfplumber
[2026-07-13 17:42:19] INFO [src.ingestion.document_loader.load_document:48]: Đang trích xuất: Database_1807.11634v1_Interactive Summarization and Exploratio.pdf
[2026-07-13 17:42:19] ERROR [src.ingestion.document_loader.load_directory:71]: Bỏ qua file Database_1807.11634v1_Interactive Summarization and Exploratio.pdf do lỗi: Vui lòng cài đặt pdfplumber: pip install pdfplumber
[2026-07-13 17:42:19] INFO [src.ingestion.document_loader.load_document:48]: Đang trích xuất: Database_1808.01624v1_On the Fairness of Quality-based Data Ma.pdf
[2026-07-13 17:42:19] ERROR [src.ingestion.document_loader.load_directory:71]: Bỏ qua file Database_1808.01624v1_On the Fairness of Quality-based Data Ma.pdf do lỗi: Vui lòng cài đặt pdfplumber: pip install pdfplumber
[2026-07-13 17:42:19] INFO [src.ingestion.document_loader.load_document:48]: Đang trích xuất: Database_1808.03537v1_Optimizing error of high-dimensional sta.pdf
[2026-07-13 17:42:19] ERROR [src.ingestion.document_loader.load_directory:71]: Bỏ qua file Database_1808.03537v1_Optimizing error of high-dimensional sta.pdf do lỗi: Vui lòng cài đặt pdfplumber: pip install pdfplumber
[2026-07-13 17:42:19] INFO [src.ingestion.document_loader.load_document:48]: Đang trích xuất: Database_1808.04663v2_Evaluating Datalog via Tree Automata and.pdf
[2026-07-13 17:42:19] ERROR [src.ingestion.document_loader.load_directory:71]: Bỏ qua file Database_1808.04663v2_Evaluating Datalog via Tree Automata and.pdf do lỗi: Vui lòng cài đặt pdfplumber: pip install pdfplumber
[2026-07-13 17:42:19] INFO [src.ingestion.document_loader.load_document:48]: Đang trích xuất: Database_1808.05138v1_Database Operations in D4M_jl.pdf
[2026-07-13 17:42:19] ERROR [src.ingestion.document_loader.load_directory:71]: Bỏ qua file Database_1808.05138v1_Database Operations in D4M_jl.pdf do lỗi: Vui lòng cài đặt pdfplumber: pip install pdfplumber
[2026-07-13 17:42:19] INFO [src.ingestion.document_loader.load_document:48]: Đang trích xuất: Database_1808.05199v5_A Blockchain Database Application Platfo.pdf
[2026-07-13 17:42:19] ERROR [src.ingestion.document_loader.load_directory:71]: Bỏ qua file Database_1808.05199v5_A Blockchain Database Application Platfo.pdf do lỗi: Vui lòng cài đặt pdfplumber: pip install pdfplumber
[2026-07-13 17:42:19] INFO [src.ingestion.document_loader.load_document:48]: Đang trích xuất: Database_1808.05448v1_Automatic Generation of a Hybrid Query E.pdf
[2026-07-13 17:42:19] ERROR [src.ingestion.document_loader.load_directory:71]: Bỏ qua file Database_1808.05448v1_Automatic Generation of a Hybrid Query E.pdf do lỗi: Vui lòng cài đặt pdfplumber: pip install pdfplumber
[2026-07-13 17:42:19] INFO [src.ingestion.document_loader.load_document:48]: Đang trích xuất: Database_1808.06298v1_FedMark_ A Marketplace for Federated Dat.pdf
[2026-07-13 17:42:19] ERROR [src.ingestion.document_loader.load_directory:71]: Bỏ qua file Database_1808.06298v1_FedMark_ A Marketplace for Federated Dat.pdf do lỗi: Vui lòng cài đặt pdfplumber: pip install pdfplumber
[2026-07-13 17:42:19] INFO [src.ingestion.document_loader.load_document:48]: Đang trích xuất: Database_1808.07603v1_Privacy-Preserving Synthetic Datasets Ov.pdf
[2026-07-13 17:42:19] ERROR [src.ingestion.document_loader.load_directory:71]: Bỏ qua file Database_1808.07603v1_Privacy-Preserving Synthetic Datasets Ov.pdf do lỗi: Vui lòng cài đặt pdfplumber: pip install pdfplumber
[2026-07-13 17:42:19] INFO [src.ingestion.document_loader.load_document:48]: Đang trích xuất: Database_1808.09267v2_Creating a surrogate commuter network fr.pdf
[2026-07-13 17:42:19] ERROR [src.ingestion.document_loader.load_directory:71]: Bỏ qua file Database_1808.09267v2_Creating a surrogate commuter network fr.pdf do lỗi: Vui lòng cài đặt pdfplumber: pip install pdfplumber
[2026-07-13 17:42:19] INFO [src.ingestion.document_loader.load_document:48]: Đang trích xuất: Database_1809.00974v1_Performing energy modelling exercises in.pdf
[2026-07-13 17:42:19] ERROR [src.ingestion.document_loader.load_directory:71]: Bỏ qua file Database_1809.00974v1_Performing energy modelling exercises in.pdf do lỗi: Vui lòng cài đặt pdfplumber: pip install pdfplumber
[2026-07-13 17:42:19] INFO [src.ingestion.document_loader.load_document:48]: Đang trích xuất: Database_1809.03261v1_The Skiplist-Based LSM Tree.pdf
[2026-07-13 17:42:19] ERROR [src.ingestion.document_loader.load_directory:71]: Bỏ qua file Database_1809.03261v1_The Skiplist-Based LSM Tree.pdf do lỗi: Vui lòng cài đặt pdfplumber: pip install pdfplumber
[2026-07-13 17:42:19] INFO [src.ingestion.document_loader.load_document:48]: Đang trích xuất: Database_1809.10212v2_Towards a Hands-Free Query Optimizer thr.pdf
[2026-07-13 17:42:19] ERROR [src.ingestion.document_loader.load_directory:71]: Bỏ qua file Database_1809.10212v2_Towards a Hands-Free Query Optimizer thr.pdf do lỗi: Vui lòng cài đặt pdfplumber: pip install pdfplumber
[2026-07-13 17:42:19] INFO [src.ingestion.document_loader.load_document:48]: Đang trích xuất: Database_1810.05570v1_Characterization and extraction of conde.pdf
[2026-07-13 17:42:19] ERROR [src.ingestion.document_loader.load_directory:71]: Bỏ qua file Database_1810.05570v1_Characterization and extraction of conde.pdf do lỗi: Vui lòng cài đặt pdfplumber: pip install pdfplumber
[2026-07-13 17:42:19] INFO [src.ingestion.document_loader.load_document:48]: Đang trích xuất: Database_1811.06224v1_Model-based Approximate Query Processing.pdf
[2026-07-13 17:42:19] ERROR [src.ingestion.document_loader.load_directory:71]: Bỏ qua file Database_1811.06224v1_Model-based Approximate Query Processing.pdf do lỗi: Vui lòng cài đặt pdfplumber: pip install pdfplumber
[2026-07-13 17:42:19] INFO [src.ingestion.document_loader.load_document:48]: Đang trích xuất: Database_1811.09529v1_Competency Questions and SPARQL-OWL Quer.pdf
[2026-07-13 17:42:19] ERROR [src.ingestion.document_loader.load_directory:71]: Bỏ qua file Database_1811.09529v1_Competency Questions and SPARQL-OWL Quer.pdf do lỗi: Vui lòng cài đặt pdfplumber: pip install pdfplumber
[2026-07-13 17:42:19] INFO [src.ingestion.document_loader.load_document:48]: Đang trích xuất: Database_1812.07024v3_Data Lake Organization.pdf
[2026-07-13 17:42:19] ERROR [src.ingestion.document_loader.load_directory:71]: Bỏ qua file Database_1812.07024v3_Data Lake Organization.pdf do lỗi: Vui lòng cài đặt pdfplumber: pip install pdfplumber
[2026-07-13 17:42:19] INFO [src.ingestion.document_loader.load_document:48]: Đang trích xuất: Database_1812.07607v1_DeepLens_ Towards a Visual Data Manageme.pdf
[2026-07-13 17:42:19] ERROR [src.ingestion.document_loader.load_directory:71]: Bỏ qua file Database_1812.07607v1_DeepLens_ Towards a Visual Data Manageme.pdf do lỗi: Vui lòng cài đặt pdfplumber: pip install pdfplumber
[2026-07-13 17:42:19] INFO [src.ingestion.document_loader.load_document:48]: Đang trích xuất: Database_1812.10564v1_BlinkML_ Efficient Maximum Likelihood Es.pdf
[2026-07-13 17:42:19] ERROR [src.ingestion.document_loader.load_directory:71]: Bỏ qua file Database_1812.10564v1_BlinkML_ Efficient Maximum Likelihood Es.pdf do lỗi: Vui lòng cài đặt pdfplumber: pip install pdfplumber
[2026-07-13 17:42:19] INFO [src.ingestion.document_loader.load_document:48]: Đang trích xuất: Database_1812.10734v1_Facetize_ An Interactive Tool for Cleani.pdf
[2026-07-13 17:42:19] ERROR [src.ingestion.document_loader.load_directory:71]: Bỏ qua file Database_1812.10734v1_Facetize_ An Interactive Tool for Cleani.pdf do lỗi: Vui lòng cài đặt pdfplumber: pip install pdfplumber
[2026-07-13 17:42:19] INFO [src.ingestion.document_loader.load_document:48]: Đang trích xuất: Database_1812.10977v1_Compact and Efficient Representation of .pdf
[2026-07-13 17:42:19] ERROR [src.ingestion.document_loader.load_directory:71]: Bỏ qua file Database_1812.10977v1_Compact and Efficient Representation of .pdf do lỗi: Vui lòng cài đặt pdfplumber: pip install pdfplumber
[2026-07-13 17:42:19] INFO [src.ingestion.document_loader.load_document:48]: Đang trích xuất: Database_1901.00671v1_Une nouvelle approche de complétion des .pdf
[2026-07-13 17:42:19] ERROR [src.ingestion.document_loader.load_directory:71]: Bỏ qua file Database_1901.00671v1_Une nouvelle approche de complétion des .pdf do lỗi: Vui lòng cài đặt pdfplumber: pip install pdfplumber
[2026-07-13 17:42:19] INFO [src.ingestion.document_loader.load_document:48]: Đang trích xuất: Database_1901.02049v3_Guided Automated Learning for query work.pdf
[2026-07-13 17:42:19] ERROR [src.ingestion.document_loader.load_directory:71]: Bỏ qua file Database_1901.02049v3_Guided Automated Learning for query work.pdf do lỗi: Vui lòng cài đặt pdfplumber: pip install pdfplumber
[2026-07-13 17:42:19] INFO [src.ingestion.document_loader.load_document:48]: Đang trích xuất: Database_1901.03179v2_Popular SQL Server Database Encryption C.pdf
[2026-07-13 17:42:19] ERROR [src.ingestion.document_loader.load_directory:71]: Bỏ qua file Database_1901.03179v2_Popular SQL Server Database Encryption C.pdf do lỗi: Vui lòng cài đặt pdfplumber: pip install pdfplumber
[2026-07-13 17:42:19] INFO [src.ingestion.document_loader.load_document:48]: Đang trích xuất: Database_1901.03897v2_All-Instances Restricted Chase Terminati.pdf
[2026-07-13 17:42:19] ERROR [src.ingestion.document_loader.load_directory:71]: Bỏ qua file Database_1901.03897v2_All-Instances Restricted Chase Terminati.pdf do lỗi: Vui lòng cài đặt pdfplumber: pip install pdfplumber
[2026-07-13 17:42:19] INFO [src.ingestion.document_loader.load_document:48]: Đang trích xuất: Database_1901.04182v2_Complexity Bounds for Relational Algebra.pdf
[2026-07-13 17:42:19] ERROR [src.ingestion.document_loader.load_directory:71]: Bỏ qua file Database_1901.04182v2_Complexity Bounds for Relational Algebra.pdf do lỗi: Vui lòng cài đặt pdfplumber: pip install pdfplumber
[2026-07-13 17:42:19] INFO [src.ingestion.document_loader.load_document:48]: Đang trích xuất: Database_1901.05451v1_Exploring Communities in Large Profiled .pdf
[2026-07-13 17:42:19] ERROR [src.ingestion.document_loader.load_directory:71]: Bỏ qua file Database_1901.05451v1_Exploring Communities in Large Profiled .pdf do lỗi: Vui lòng cài đặt pdfplumber: pip install pdfplumber
[2026-07-13 17:42:19] INFO [src.ingestion.document_loader.load_document:48]: Đang trích xuất: Database_1901.07655v3_A Concentration of Measure Approach to D.pdf
[2026-07-13 17:42:19] ERROR [src.ingestion.document_loader.load_directory:71]: Bỏ qua file Database_1901.07655v3_A Concentration of Measure Approach to D.pdf do lỗi: Vui lòng cài đặt pdfplumber: pip install pdfplumber
[2026-07-13 17:42:19] INFO [src.ingestion.document_loader.load_document:48]: Đang trích xuất: Database_1901.07773v1_Boosting Frequent Itemset Mining via Ear.pdf
[2026-07-13 17:42:19] ERROR [src.ingestion.document_loader.load_directory:71]: Bỏ qua file Database_1901.07773v1_Boosting Frequent Itemset Mining via Ear.pdf do lỗi: Vui lòng cài đặt pdfplumber: pip install pdfplumber
[2026-07-13 17:42:19] INFO [src.ingestion.document_loader.load_document:48]: Đang trích xuất: Database_1901.08666v1_HRDBMS_ Combining the Best of Modern and.pdf
[2026-07-13 17:42:19] ERROR [src.ingestion.document_loader.load_directory:71]: Bỏ qua file Database_1901.08666v1_HRDBMS_ Combining the Best of Modern and.pdf do lỗi: Vui lòng cài đặt pdfplumber: pip install pdfplumber
[2026-07-13 17:42:19] INFO [src.ingestion.document_loader.load_document:48]: Đang trích xuất: Database_1902.02392v1_Finding Good Itemsets by Packing Data.pdf
[2026-07-13 17:42:19] ERROR [src.ingestion.document_loader.load_directory:71]: Bỏ qua file Database_1902.02392v1_Finding Good Itemsets by Packing Data.pdf do lỗi: Vui lòng cài đặt pdfplumber: pip install pdfplumber
[2026-07-13 17:42:19] INFO [src.ingestion.document_loader.load_document:48]: Đang trích xuất: Database_1902.04129v1_CPOI_ A Compact Method to Archive Versio.pdf
[2026-07-13 17:42:19] ERROR [src.ingestion.document_loader.load_directory:71]: Bỏ qua file Database_1902.04129v1_CPOI_ A Compact Method to Archive Versio.pdf do lỗi: Vui lòng cài đặt pdfplumber: pip install pdfplumber
[2026-07-13 17:42:19] INFO [src.ingestion.document_loader.load_document:48]: Đang trích xuất: Database_1904.08010v1_How to define co-occurrence in different.pdf
[2026-07-13 17:42:19] ERROR [src.ingestion.document_loader.load_directory:71]: Bỏ qua file Database_1904.08010v1_How to define co-occurrence in different.pdf do lỗi: Vui lòng cài đặt pdfplumber: pip install pdfplumber
[2026-07-13 17:42:19] INFO [src.ingestion.document_loader.load_document:48]: Đang trích xuất: Database_1904.08223v1_Estimating Cardinalities with Deep Sketc.pdf
[2026-07-13 17:42:19] ERROR [src.ingestion.document_loader.load_directory:71]: Bỏ qua file Database_1904.08223v1_Estimating Cardinalities with Deep Sketc.pdf do lỗi: Vui lòng cài đặt pdfplumber: pip install pdfplumber
[2026-07-13 17:42:19] INFO [src.ingestion.document_loader.load_document:48]: Đang trích xuất: Database_1904.12068v3_Authenticated Key-Value Stores with Hard.pdf
[2026-07-13 17:42:19] ERROR [src.ingestion.document_loader.load_directory:71]: Bỏ qua file Database_1904.12068v3_Authenticated Key-Value Stores with Hard.pdf do lỗi: Vui lòng cài đặt pdfplumber: pip install pdfplumber
[2026-07-13 17:42:19] INFO [src.ingestion.document_loader.load_document:48]: Đang trích xuất: Database_1905.02304v1_CrossTrainer_ Practical Domain Adaptatio.pdf
[2026-07-13 17:42:19] ERROR [src.ingestion.document_loader.load_directory:71]: Bỏ qua file Database_1905.02304v1_CrossTrainer_ Practical Domain Adaptatio.pdf do lỗi: Vui lòng cài đặt pdfplumber: pip install pdfplumber
[2026-07-13 17:42:19] INFO [src.ingestion.document_loader.load_document:48]: Đang trích xuất: Database_1905.02828v1_A SAT-based System for Consistent Query .pdf
[2026-07-13 17:42:19] ERROR [src.ingestion.document_loader.load_directory:71]: Bỏ qua file Database_1905.02828v1_A SAT-based System for Consistent Query .pdf do lỗi: Vui lòng cài đặt pdfplumber: pip install pdfplumber
[2026-07-13 17:42:19] INFO [src.ingestion.document_loader.load_document:48]: Đang trích xuất: Database_1905.03061v1_Generalized formal model of big data.pdf
[2026-07-13 17:42:19] ERROR [src.ingestion.document_loader.load_directory:71]: Bỏ qua file Database_1905.03061v1_Generalized formal model of big data.pdf do lỗi: Vui lòng cài đặt pdfplumber: pip install pdfplumber
[2026-07-13 17:42:19] INFO [src.ingestion.document_loader.load_document:48]: Đang trích xuất: Database_1912.04820v1_ChainifyDB_ How to Blockchainify any Dat.pdf
[2026-07-13 17:42:19] ERROR [src.ingestion.document_loader.load_directory:71]: Bỏ qua file Database_1912.04820v1_ChainifyDB_ How to Blockchainify any Dat.pdf do lỗi: Vui lòng cài đặt pdfplumber: pip install pdfplumber
[2026-07-13 17:42:19] INFO [src.ingestion.document_loader.load_document:48]: Đang trích xuất: Database_2001.04907v2_Bio-Inspired Hashing for Unsupervised Si.pdf
[2026-07-13 17:42:19] ERROR [src.ingestion.document_loader.load_directory:71]: Bỏ qua file Database_2001.04907v2_Bio-Inspired Hashing for Unsupervised Si.pdf do lỗi: Vui lòng cài đặt pdfplumber: pip install pdfplumber
[2026-07-13 17:42:19] INFO [src.ingestion.document_loader.load_document:48]: Đang trích xuất: Database_2005.10917v2_Succinct Trit-array Trie for Scalable Tr.pdf
[2026-07-13 17:42:19] ERROR [src.ingestion.document_loader.load_directory:71]: Bỏ qua file Database_2005.10917v2_Succinct Trit-array Trie for Scalable Tr.pdf do lỗi: Vui lòng cài đặt pdfplumber: pip install pdfplumber
[2026-07-13 17:42:19] INFO [src.ingestion.document_loader.load_document:48]: Đang trích xuất: Database_2005.11264v1_OBDA for the Web_ Creating Virtual RDF G.pdf
[2026-07-13 17:42:19] ERROR [src.ingestion.document_loader.load_directory:71]: Bỏ qua file Database_2005.11264v1_OBDA for the Web_ Creating Virtual RDF G.pdf do lỗi: Vui lòng cài đặt pdfplumber: pip install pdfplumber
[2026-07-13 17:42:19] INFO [src.ingestion.document_loader.load_document:48]: Đang trích xuất: Database_2006.04658v1_Toward a Better Understanding and Evalua.pdf
[2026-07-13 17:42:19] ERROR [src.ingestion.document_loader.load_directory:71]: Bỏ qua file Database_2006.04658v1_Toward a Better Understanding and Evalua.pdf do lỗi: Vui lòng cài đặt pdfplumber: pip install pdfplumber
[2026-07-13 17:42:19] INFO [src.ingestion.document_loader.load_document:48]: Đang trích xuất: Database_2006.05134v1_Dynamic Interleaving of Content and Stru.pdf
[2026-07-13 17:42:19] ERROR [src.ingestion.document_loader.load_directory:71]: Bỏ qua file Database_2006.05134v1_Dynamic Interleaving of Content and Stru.pdf do lỗi: Vui lòng cài đặt pdfplumber: pip install pdfplumber
[2026-07-13 17:42:19] INFO [src.ingestion.document_loader.load_document:48]: Đang trích xuất: Database_2006.16984v2_Mining Documentation to Extract Hyperpar.pdf
[2026-07-13 17:42:19] ERROR [src.ingestion.document_loader.load_directory:71]: Bỏ qua file Database_2006.16984v2_Mining Documentation to Extract Hyperpar.pdf do lỗi: Vui lòng cài đặt pdfplumber: pip install pdfplumber
[2026-07-13 17:42:19] INFO [src.ingestion.document_loader.load_document:48]: Đang trích xuất: Database_2007.04450v1_T-REx_ Table Repair Explanations.pdf
[2026-07-13 17:42:19] ERROR [src.ingestion.document_loader.load_directory:71]: Bỏ qua file Database_2007.04450v1_T-REx_ Table Repair Explanations.pdf do lỗi: Vui lòng cài đặt pdfplumber: pip install pdfplumber
[2026-07-13 17:42:19] INFO [src.ingestion.document_loader.load_document:48]: Đang trích xuất: Database_2007.04453v1_Just in Time_ Personal Temporal Insights.pdf
[2026-07-13 17:42:19] ERROR [src.ingestion.document_loader.load_directory:71]: Bỏ qua file Database_2007.04453v1_Just in Time_ Personal Temporal Insights.pdf do lỗi: Vui lòng cài đặt pdfplumber: pip install pdfplumber
[2026-07-13 17:42:19] INFO [src.ingestion.document_loader.load_document:48]: Đang trích xuất: Database_2007.05437v2_Truss-based Structural Diversity Search .pdf
[2026-07-13 17:42:19] ERROR [src.ingestion.document_loader.load_directory:71]: Bỏ qua file Database_2007.05437v2_Truss-based Structural Diversity Search .pdf do lỗi: Vui lòng cài đặt pdfplumber: pip install pdfplumber
[2026-07-13 17:42:19] INFO [src.ingestion.document_loader.load_document:48]: Đang trích xuất: Database_2007.05651v2_Deep or Simple Models for Semantic Taggi.pdf
[2026-07-13 17:42:19] ERROR [src.ingestion.document_loader.load_directory:71]: Bỏ qua file Database_2007.05651v2_Deep or Simple Models for Semantic Taggi.pdf do lỗi: Vui lòng cài đặt pdfplumber: pip install pdfplumber
[2026-07-13 17:42:19] INFO [src.ingestion.document_loader.load_document:48]: Đang trích xuất: Database_2007.06292v1_Knowledge Graph Driven Approach to Repre.pdf
[2026-07-13 17:42:19] ERROR [src.ingestion.document_loader.load_directory:71]: Bỏ qua file Database_2007.06292v1_Knowledge Graph Driven Approach to Repre.pdf do lỗi: Vui lòng cài đặt pdfplumber: pip install pdfplumber
[2026-07-13 17:42:19] INFO [src.ingestion.document_loader.load_document:48]: Đang trích xuất: Database_2007.08292v1_Detecting Optimization Bugs in Database .pdf
[2026-07-13 17:42:19] ERROR [src.ingestion.document_loader.load_directory:71]: Bỏ qua file Database_2007.08292v1_Detecting Optimization Bugs in Database .pdf do lỗi: Vui lòng cài đặt pdfplumber: pip install pdfplumber
[2026-07-13 17:42:19] INFO [src.ingestion.document_loader.load_document:48]: Đang trích xuất: Database_2007.12488v2_Graph integration of structured_ semistr.pdf
[2026-07-13 17:42:19] ERROR [src.ingestion.document_loader.load_directory:71]: Bỏ qua file Database_2007.12488v2_Graph integration of structured_ semistr.pdf do lỗi: Vui lòng cài đặt pdfplumber: pip install pdfplumber
[2026-07-13 17:42:19] INFO [src.ingestion.document_loader.load_document:48]: Đang trích xuất: Database_2007.12799v2_Score-Based Explanations in Data Managem.pdf
[2026-07-13 17:42:19] ERROR [src.ingestion.document_loader.load_directory:71]: Bỏ qua file Database_2007.12799v2_Score-Based Explanations in Data Managem.pdf do lỗi: Vui lòng cài đặt pdfplumber: pip install pdfplumber
[2026-07-13 17:42:19] INFO [src.ingestion.document_loader.load_document:48]: Đang trích xuất: Database_2008.04045v1_Towards Integrated and Open COVID-19 Dat.pdf
[2026-07-13 17:42:19] ERROR [src.ingestion.document_loader.load_directory:71]: Bỏ qua file Database_2008.04045v1_Towards Integrated and Open COVID-19 Dat.pdf do lỗi: Vui lòng cài đặt pdfplumber: pip install pdfplumber
[2026-07-13 17:42:19] INFO [src.ingestion.document_loader.load_document:48]: Đang trích xuất: Database_2008.05103v3_Sampling Based Approximate Skyline Calcu.pdf
[2026-07-13 17:42:19] ERROR [src.ingestion.document_loader.load_directory:71]: Bỏ qua file Database_2008.05103v3_Sampling Based Approximate Skyline Calcu.pdf do lỗi: Vui lòng cài đặt pdfplumber: pip install pdfplumber
[2026-07-13 17:42:19] INFO [src.ingestion.document_loader.load_document:48]: Đang trích xuất: Database_2008.05239v3_A Knowledge Graph for Assessing Aggressi.pdf
[2026-07-13 17:42:19] ERROR [src.ingestion.document_loader.load_directory:71]: Bỏ qua file Database_2008.05239v3_A Knowledge Graph for Assessing Aggressi.pdf do lỗi: Vui lòng cài đặt pdfplumber: pip install pdfplumber
[2026-07-13 17:42:19] INFO [src.ingestion.document_loader.load_document:48]: Đang trích xuất: Database_2008.06265v1_Towards Querying in Decentralized Enviro.pdf
[2026-07-13 17:42:19] ERROR [src.ingestion.document_loader.load_directory:71]: Bỏ qua file Database_2008.06265v1_Towards Querying in Decentralized Enviro.pdf do lỗi: Vui lòng cài đặt pdfplumber: pip install pdfplumber
[2026-07-13 17:42:19] INFO [src.ingestion.document_loader.load_document:48]: Đang trích xuất: Database_2008.07504v1_Multi-Party Private Set Intersection_ An.pdf
[2026-07-13 17:42:19] ERROR [src.ingestion.document_loader.load_directory:71]: Bỏ qua file Database_2008.07504v1_Multi-Party Private Set Intersection_ An.pdf do lỗi: Vui lòng cài đặt pdfplumber: pip install pdfplumber
[2026-07-13 17:42:19] INFO [src.ingestion.document_loader.load_document:48]: Đang trích xuất: Database_2008.08285v1_Scalable Blocking for Very Large Databas.pdf
[2026-07-13 17:42:19] ERROR [src.ingestion.document_loader.load_directory:71]: Bỏ qua file Database_2008.08285v1_Scalable Blocking for Very Large Databas.pdf do lỗi: Vui lòng cài đặt pdfplumber: pip install pdfplumber
[2026-07-13 17:42:19] INFO [src.ingestion.document_loader.load_document:48]: Đang trích xuất: Database_2008.08989v1_Towards Inferring Queries from Simple an.pdf
[2026-07-13 17:42:19] ERROR [src.ingestion.document_loader.load_directory:71]: Bỏ qua file Database_2008.08989v1_Towards Inferring Queries from Simple an.pdf do lỗi: Vui lòng cài đặt pdfplumber: pip install pdfplumber
[2026-07-13 17:42:19] INFO [src.ingestion.document_loader.load_document:48]: Đang trích xuất: Database_2008.10569v1_Approximate Partition Selection for Big-.pdf
[2026-07-13 17:42:19] ERROR [src.ingestion.document_loader.load_directory:71]: Bỏ qua file Database_2008.10569v1_Approximate Partition Selection for Big-.pdf do lỗi: Vui lòng cài đặt pdfplumber: pip install pdfplumber
[2026-07-13 17:42:19] INFO [src.ingestion.document_loader.load_document:48]: Đang trích xuất: Database_2008.11900v2_A Brief Survey on Replica Consistency in.pdf
[2026-07-13 17:42:19] ERROR [src.ingestion.document_loader.load_directory:71]: Bỏ qua file Database_2008.11900v2_A Brief Survey on Replica Consistency in.pdf do lỗi: Vui lòng cài đặt pdfplumber: pip install pdfplumber
[2026-07-13 17:42:19] INFO [src.ingestion.document_loader.load_document:48]: Đang trích xuất: Database_2008.12763v1_Relational Data Synthesis using Generati.pdf
[2026-07-13 17:42:19] ERROR [src.ingestion.document_loader.load_directory:71]: Bỏ qua file Database_2008.12763v1_Relational Data Synthesis using Generati.pdf do lỗi: Vui lòng cài đặt pdfplumber: pip install pdfplumber
[2026-07-13 17:42:19] INFO [src.ingestion.document_loader.load_document:48]: Đang trích xuất: Database_2009.00035v1_The Data Station_ Combining Data_ Comput.pdf
[2026-07-13 17:42:19] ERROR [src.ingestion.document_loader.load_directory:71]: Bỏ qua file Database_2009.00035v1_The Data Station_ Combining Data_ Comput.pdf do lỗi: Vui lòng cài đặt pdfplumber: pip install pdfplumber
[2026-07-13 17:42:19] INFO [src.ingestion.document_loader.load_document:48]: Đang trích xuất: Database_2009.01614v1_Data Series Indexing Gone Parallel.pdf
[2026-07-13 17:42:19] ERROR [src.ingestion.document_loader.load_directory:71]: Bỏ qua file Database_2009.01614v1_Data Series Indexing Gone Parallel.pdf do lỗi: Vui lòng cài đặt pdfplumber: pip install pdfplumber
[2026-07-13 17:42:19] INFO [src.ingestion.document_loader.load_document:48]: Đang trích xuất: Database_2009.02678v2_Universal Layout Emulation for Long-Term.pdf
[2026-07-13 17:42:19] ERROR [src.ingestion.document_loader.load_directory:71]: Bỏ qua file Database_2009.02678v2_Universal Layout Emulation for Long-Term.pdf do lỗi: Vui lòng cài đặt pdfplumber: pip install pdfplumber
[2026-07-13 17:42:19] INFO [src.ingestion.document_loader.load_document:48]: Đang trích xuất: Database_2009.06194v1_SPARQL with XQuery-based Filtering.pdf
[2026-07-13 17:42:19] ERROR [src.ingestion.document_loader.load_directory:71]: Bỏ qua file Database_2009.06194v1_SPARQL with XQuery-based Filtering.pdf do lỗi: Vui lòng cài đặt pdfplumber: pip install pdfplumber
[2026-07-13 17:42:19] INFO [src.ingestion.document_loader.load_document:48]: Đang trích xuất: Database_2009.07770v1_Faster Property Testers in a Variation o.pdf
[2026-07-13 17:42:19] ERROR [src.ingestion.document_loader.load_directory:71]: Bỏ qua file Database_2009.07770v1_Faster Property Testers in a Variation o.pdf do lỗi: Vui lòng cài đặt pdfplumber: pip install pdfplumber
[2026-07-13 17:42:19] INFO [src.ingestion.document_loader.load_document:48]: Đang trích xuất: Database_2009.08150v2_Extensible Data Skipping.pdf
[2026-07-13 17:42:19] ERROR [src.ingestion.document_loader.load_directory:71]: Bỏ qua file Database_2009.08150v2_Extensible Data Skipping.pdf do lỗi: Vui lòng cài đặt pdfplumber: pip install pdfplumber
[2026-07-13 17:42:19] INFO [src.ingestion.document_loader.load_document:48]: Đang trích xuất: Database_2009.10989v1_Towards a Flexible Embedding Learning Fr.pdf
[2026-07-13 17:42:19] ERROR [src.ingestion.document_loader.load_directory:71]: Bỏ qua file Database_2009.10989v1_Towards a Flexible Embedding Learning Fr.pdf do lỗi: Vui lòng cài đặt pdfplumber: pip install pdfplumber
[2026-07-13 17:42:19] INFO [src.ingestion.document_loader.load_document:48]: Đang trích xuất: Database_2009.11543v1_Compressed Key Sort and Fast Index Recon.pdf
[2026-07-13 17:42:19] ERROR [src.ingestion.document_loader.load_directory:71]: Bỏ qua file Database_2009.11543v1_Compressed Key Sort and Fast Index Recon.pdf do lỗi: Vui lòng cài đặt pdfplumber: pip install pdfplumber
[2026-07-13 17:42:19] INFO [src.ingestion.document_loader.load_document:48]: Đang trích xuất: Database_2009.11648v1_Effective and Efficient Variable-Length .pdf
[2026-07-13 17:42:19] ERROR [src.ingestion.document_loader.load_directory:71]: Bỏ qua file Database_2009.11648v1_Effective and Efficient Variable-Length .pdf do lỗi: Vui lòng cài đặt pdfplumber: pip install pdfplumber
[2026-07-13 17:42:19] INFO [src.ingestion.document_loader.load_document:48]: Đang trích xuất: Database_2009.13768v1_In-Order Sliding-Window Aggregation in W.pdf
[2026-07-13 17:42:19] ERROR [src.ingestion.document_loader.load_directory:71]: Bỏ qua file Database_2009.13768v1_In-Order Sliding-Window Aggregation in W.pdf do lỗi: Vui lòng cài đặt pdfplumber: pip install pdfplumber
[2026-07-13 17:42:19] INFO [src.ingestion.document_loader.load_document:48]: Đang trích xuất: Database_2009.14821v2_A Systematic Method for On-The-Fly Denor.pdf
[2026-07-13 17:42:19] ERROR [src.ingestion.document_loader.load_directory:71]: Bỏ qua file Database_2009.14821v2_A Systematic Method for On-The-Fly Denor.pdf do lỗi: Vui lòng cài đặt pdfplumber: pip install pdfplumber
[2026-07-13 17:42:19] INFO [src.ingestion.document_loader.load_document:48]: Đang trích xuất: Database_2010.07213v2_Data Readiness Report.pdf
[2026-07-13 17:42:19] ERROR [src.ingestion.document_loader.load_directory:71]: Bỏ qua file Database_2010.07213v2_Data Readiness Report.pdf do lỗi: Vui lòng cài đặt pdfplumber: pip install pdfplumber
[2026-07-13 17:42:19] INFO [src.ingestion.document_loader.load_document:48]: Đang trích xuất: Database_2010.08807v1_MithraDetective_ A System for Cherry-pic.pdf
[2026-07-13 17:42:19] ERROR [src.ingestion.document_loader.load_directory:71]: Bỏ qua file Database_2010.08807v1_MithraDetective_ A System for Cherry-pic.pdf do lỗi: Vui lòng cài đặt pdfplumber: pip install pdfplumber
[2026-07-13 17:42:19] INFO [src.ingestion.document_loader.load_document:48]: Đang trích xuất: Database_2010.11538v1_Efficient RDF Graph Storage based on Rei.pdf
[2026-07-13 17:42:19] ERROR [src.ingestion.document_loader.load_directory:71]: Bỏ qua file Database_2010.11538v1_Efficient RDF Graph Storage based on Rei.pdf do lỗi: Vui lòng cài đặt pdfplumber: pip install pdfplumber
[2026-07-13 17:42:19] INFO [src.ingestion.document_loader.load_document:48]: Đang trích xuất: Database_2010.11848v1_From Conjunctive Queries to Instance Que.pdf
[2026-07-13 17:42:19] ERROR [src.ingestion.document_loader.load_directory:71]: Bỏ qua file Database_2010.11848v1_From Conjunctive Queries to Instance Que.pdf do lỗi: Vui lòng cài đặt pdfplumber: pip install pdfplumber
[2026-07-13 17:42:19] INFO [src.ingestion.document_loader.load_document:48]: Đang trích xuất: Database_2010.12597v1_DBLog_ A Watermark Based Change-Data-Cap.pdf
[2026-07-13 17:42:19] ERROR [src.ingestion.document_loader.load_directory:71]: Bỏ qua file Database_2010.12597v1_DBLog_ A Watermark Based Change-Data-Cap.pdf do lỗi: Vui lòng cài đặt pdfplumber: pip install pdfplumber
[2026-07-13 17:42:19] INFO [src.ingestion.document_loader.load_document:48]: Đang trích xuất: Database_2010.14189v2_Jiffy_ A Fast_ Memory Efficient_ Wait-Fr.pdf
[2026-07-13 17:42:19] ERROR [src.ingestion.document_loader.load_directory:71]: Bỏ qua file Database_2010.14189v2_Jiffy_ A Fast_ Memory Efficient_ Wait-Fr.pdf do lỗi: Vui lòng cài đặt pdfplumber: pip install pdfplumber
[2026-07-13 17:42:19] INFO [src.ingestion.document_loader.load_document:48]: Đang trích xuất: Database_2010.14959v1_Galvanalyser_ A Battery Test Database.pdf
[2026-07-13 17:42:19] ERROR [src.ingestion.document_loader.load_directory:71]: Bỏ qua file Database_2010.14959v1_Galvanalyser_ A Battery Test Database.pdf do lỗi: Vui lòng cài đặt pdfplumber: pip install pdfplumber
[2026-07-13 17:42:19] INFO [src.ingestion.document_loader.load_document:48]: Đang trích xuất: Database_2012.13677v1_Toward Compact Data from Big Data.pdf
[2026-07-13 17:42:19] ERROR [src.ingestion.document_loader.load_directory:71]: Bỏ qua file Database_2012.13677v1_Toward Compact Data from Big Data.pdf do lỗi: Vui lòng cài đặt pdfplumber: pip install pdfplumber
[2026-07-13 17:42:19] INFO [src.ingestion.document_loader.load_document:48]: Đang trích xuất: Database_2012.14234v1_Recommending Courses in MOOCs for Jobs_ .pdf
[2026-07-13 17:42:19] ERROR [src.ingestion.document_loader.load_directory:71]: Bỏ qua file Database_2012.14234v1_Recommending Courses in MOOCs for Jobs_ .pdf do lỗi: Vui lòng cài đặt pdfplumber: pip install pdfplumber
[2026-07-13 17:42:19] INFO [src.ingestion.document_loader.load_document:48]: Đang trích xuất: Deep_Learning_1404.1559v1_Sparse Coding_ A Deep Learning using Unl.pdf
[2026-07-13 17:42:19] ERROR [src.ingestion.document_loader.load_directory:71]: Bỏ qua file Deep_Learning_1404.1559v1_Sparse Coding_ A Deep Learning using Unl.pdf do lỗi: Vui lòng cài đặt pdfplumber: pip install pdfplumber
[2026-07-13 17:42:19] INFO [src.ingestion.document_loader.load_document:48]: Đang trích xuất: Deep_Learning_1603.07704v2_Probabilistic Reasoning via Deep Learnin.pdf
[2026-07-13 17:42:19] ERROR [src.ingestion.document_loader.load_directory:71]: Bỏ qua file Deep_Learning_1603.07704v2_Probabilistic Reasoning via Deep Learnin.pdf do lỗi: Vui lòng cài đặt pdfplumber: pip install pdfplumber
[2026-07-13 17:42:19] INFO [src.ingestion.document_loader.load_document:48]: Đang trích xuất: Deep_Learning_1610.01076v1_Tutorial on Answering Questions about Im.pdf
[2026-07-13 17:42:19] ERROR [src.ingestion.document_loader.load_directory:71]: Bỏ qua file Deep_Learning_1610.01076v1_Tutorial on Answering Questions about Im.pdf do lỗi: Vui lòng cài đặt pdfplumber: pip install pdfplumber
[2026-07-13 17:42:19] INFO [src.ingestion.document_loader.load_document:48]: Đang trích xuất: Deep_Learning_1705.03071v1_Geometry of Optimization and Implicit Re.pdf
[2026-07-13 17:42:19] ERROR [src.ingestion.document_loader.load_directory:71]: Bỏ qua file Deep_Learning_1705.03071v1_Geometry of Optimization and Implicit Re.pdf do lỗi: Vui lòng cài đặt pdfplumber: pip install pdfplumber
[2026-07-13 17:42:19] INFO [src.ingestion.document_loader.load_document:48]: Đang trích xuất: Deep_Learning_1705.03921v1_Why _ When Deep Learning Works_ Looking .pdf
[2026-07-13 17:42:19] ERROR [src.ingestion.document_loader.load_directory:71]: Bỏ qua file Deep_Learning_1705.03921v1_Why _ When Deep Learning Works_ Looking .pdf do lỗi: Vui lòng cài đặt pdfplumber: pip install pdfplumber
[2026-07-13 17:42:19] INFO [src.ingestion.document_loader.load_document:48]: Đang trích xuất: Deep_Learning_1706.09557v1_Machine listening intelligence.pdf
[2026-07-13 17:42:19] ERROR [src.ingestion.document_loader.load_directory:71]: Bỏ qua file Deep_Learning_1706.09557v1_Machine listening intelligence.pdf do lỗi: Vui lòng cài đặt pdfplumber: pip install pdfplumber
[2026-07-13 17:42:19] INFO [src.ingestion.document_loader.load_document:48]: Đang trích xuất: Deep_Learning_1709.01620v4_Deep Learning Techniques for Music Gener.pdf
[2026-07-13 17:42:19] ERROR [src.ingestion.document_loader.load_directory:71]: Bỏ qua file Deep_Learning_1709.01620v4_Deep Learning Techniques for Music Gener.pdf do lỗi: Vui lòng cài đặt pdfplumber: pip install pdfplumber
[2026-07-13 17:42:19] INFO [src.ingestion.document_loader.load_document:48]: Đang trích xuất: Deep_Learning_1710.05468v9_Generalization in Deep Learning.pdf
[2026-07-13 17:42:19] ERROR [src.ingestion.document_loader.load_directory:71]: Bỏ qua file Deep_Learning_1710.05468v9_Generalization in Deep Learning.pdf do lỗi: Vui lòng cài đặt pdfplumber: pip install pdfplumber
[2026-07-13 17:42:19] INFO [src.ingestion.document_loader.load_document:48]: Đang trích xuất: Deep_Learning_1711.00146v1_A multitask deep learning model for real.pdf
[2026-07-13 17:42:19] ERROR [src.ingestion.document_loader.load_directory:71]: Bỏ qua file Deep_Learning_1711.00146v1_A multitask deep learning model for real.pdf do lỗi: Vui lòng cài đặt pdfplumber: pip install pdfplumber
[2026-07-13 17:42:19] INFO [src.ingestion.document_loader.load_document:48]: Đang trích xuất: Deep_Learning_1711.03121v1_Deep Learning for Real-time Gravitationa.pdf
[2026-07-13 17:42:19] ERROR [src.ingestion.document_loader.load_directory:71]: Bỏ qua file Deep_Learning_1711.03121v1_Deep Learning for Real-time Gravitationa.pdf do lỗi: Vui lòng cài đặt pdfplumber: pip install pdfplumber
[2026-07-13 17:42:19] INFO [src.ingestion.document_loader.load_document:48]: Đang trích xuất: Deep_Learning_1712.04371v2_Music Generation by Deep Learning - Chal.pdf
[2026-07-13 17:42:19] ERROR [src.ingestion.document_loader.load_directory:71]: Bỏ qua file Deep_Learning_1712.04371v2_Music Generation by Deep Learning - Chal.pdf do lỗi: Vui lòng cài đặt pdfplumber: pip install pdfplumber
[2026-07-13 17:42:19] INFO [src.ingestion.document_loader.load_document:48]: Đang trích xuất: Deep_Learning_1801.04354v5_Black-box Generation of Adversarial Text.pdf
[2026-07-13 17:42:19] ERROR [src.ingestion.document_loader.load_directory:71]: Bỏ qua file Deep_Learning_1801.04354v5_Black-box Generation of Adversarial Text.pdf do lỗi: Vui lòng cài đặt pdfplumber: pip install pdfplumber
[2026-07-13 17:42:19] INFO [src.ingestion.document_loader.load_document:48]: Đang trích xuất: Deep_Learning_1802.10215v2_Var-CNN_ A Data-Efficient Website Finger.pdf
[2026-07-13 17:42:19] ERROR [src.ingestion.document_loader.load_directory:71]: Bỏ qua file Deep_Learning_1802.10215v2_Var-CNN_ A Data-Efficient Website Finger.pdf do lỗi: Vui lòng cài đặt pdfplumber: pip install pdfplumber
[2026-07-13 17:42:19] INFO [src.ingestion.document_loader.load_document:48]: Đang trích xuất: Deep_Learning_1805.04829v2_Spatial Uncertainty Sampling for End-to-.pdf
[2026-07-13 17:42:19] ERROR [src.ingestion.document_loader.load_directory:71]: Bỏ qua file Deep_Learning_1805.04829v2_Spatial Uncertainty Sampling for End-to-.pdf do lỗi: Vui lòng cài đặt pdfplumber: pip install pdfplumber
[2026-07-13 17:42:19] INFO [src.ingestion.document_loader.load_document:48]: Đang trích xuất: Deep_Learning_1808.05535v1_Combining time-series and textual data f.pdf
[2026-07-13 17:42:19] ERROR [src.ingestion.document_loader.load_directory:71]: Bỏ qua file Deep_Learning_1808.05535v1_Combining time-series and textual data f.pdf do lỗi: Vui lòng cài đặt pdfplumber: pip install pdfplumber
[2026-07-13 17:42:19] INFO [src.ingestion.document_loader.load_document:48]: Đang trích xuất: Deep_Learning_1809.03322v1_Guiding the Creation of Deep Learning-ba.pdf
[2026-07-13 17:42:19] ERROR [src.ingestion.document_loader.load_directory:71]: Bỏ qua file Deep_Learning_1809.03322v1_Guiding the Creation of Deep Learning-ba.pdf do lỗi: Vui lòng cài đặt pdfplumber: pip install pdfplumber
[2026-07-13 17:42:19] INFO [src.ingestion.document_loader.load_document:48]: Đang trích xuất: Deep_Learning_1809.07048v1_New approach for solar tracking systems .pdf
[2026-07-13 17:42:19] ERROR [src.ingestion.document_loader.load_directory:71]: Bỏ qua file Deep_Learning_1809.07048v1_New approach for solar tracking systems .pdf do lỗi: Vui lòng cài đặt pdfplumber: pip install pdfplumber
[2026-07-13 17:42:19] INFO [src.ingestion.document_loader.load_document:48]: Đang trích xuất: Deep_Learning_1810.07132v1_Improving Data Quality through Deep Lear.pdf
[2026-07-13 17:42:19] ERROR [src.ingestion.document_loader.load_directory:71]: Bỏ qua file Deep_Learning_1810.07132v1_Improving Data Quality through Deep Lear.pdf do lỗi: Vui lòng cài đặt pdfplumber: pip install pdfplumber
[2026-07-13 17:42:19] INFO [src.ingestion.document_loader.load_document:48]: Đang trích xuất: Deep_Learning_1811.00576v3_Connections between physics_ mathematics.pdf
[2026-07-13 17:42:19] ERROR [src.ingestion.document_loader.load_directory:71]: Bỏ qua file Deep_Learning_1811.00576v3_Connections between physics_ mathematics.pdf do lỗi: Vui lòng cài đặt pdfplumber: pip install pdfplumber
[2026-07-13 17:42:19] INFO [src.ingestion.document_loader.load_document:48]: Đang trích xuất: Deep_Learning_1811.03390v2_Bayesian Deep Learning for Exoplanet Atm.pdf
[2026-07-13 17:42:19] ERROR [src.ingestion.document_loader.load_directory:71]: Bỏ qua file Deep_Learning_1811.03390v2_Bayesian Deep Learning for Exoplanet Atm.pdf do lỗi: Vui lòng cài đặt pdfplumber: pip install pdfplumber
[2026-07-13 17:42:19] INFO [src.ingestion.document_loader.load_document:48]: Đang trích xuất: Deep_Learning_1811.09385v2_On the Importance of Strong Baselines in.pdf
[2026-07-13 17:42:19] ERROR [src.ingestion.document_loader.load_directory:71]: Bỏ qua file Deep_Learning_1811.09385v2_On the Importance of Strong Baselines in.pdf do lỗi: Vui lòng cài đặt pdfplumber: pip install pdfplumber
[2026-07-13 17:42:19] INFO [src.ingestion.document_loader.load_document:48]: Đang trích xuất: Deep_Learning_1812.01995v4_Deep Learning Model for Finding New Supe.pdf
[2026-07-13 17:42:19] ERROR [src.ingestion.document_loader.load_directory:71]: Bỏ qua file Deep_Learning_1812.01995v4_Deep Learning Model for Finding New Supe.pdf do lỗi: Vui lòng cài đặt pdfplumber: pip install pdfplumber
[2026-07-13 17:42:19] INFO [src.ingestion.document_loader.load_document:48]: Đang trích xuất: Deep_Learning_1812.06175v3_Can Deep Learning Predict Risky Retail I.pdf
[2026-07-13 17:42:19] ERROR [src.ingestion.document_loader.load_directory:71]: Bỏ qua file Deep_Learning_1812.06175v3_Can Deep Learning Predict Risky Retail I.pdf do lỗi: Vui lòng cài đặt pdfplumber: pip install pdfplumber
[2026-07-13 17:42:19] INFO [src.ingestion.document_loader.load_document:48]: Đang trích xuất: Deep_Learning_1902.00522v1_Deep Learning for Multi-Messenger Astrop.pdf
[2026-07-13 17:42:19] ERROR [src.ingestion.document_loader.load_directory:71]: Bỏ qua file Deep_Learning_1902.00522v1_Deep Learning for Multi-Messenger Astrop.pdf do lỗi: Vui lòng cài đặt pdfplumber: pip install pdfplumber
[2026-07-13 17:42:19] INFO [src.ingestion.document_loader.load_document:48]: Đang trích xuất: Deep_Learning_1903.03040v2_Deep learning observables in computation.pdf
[2026-07-13 17:42:19] ERROR [src.ingestion.document_loader.load_directory:71]: Bỏ qua file Deep_Learning_1903.03040v2_Deep learning observables in computation.pdf do lỗi: Vui lòng cài đặt pdfplumber: pip install pdfplumber
[2026-07-13 17:42:19] INFO [src.ingestion.document_loader.load_document:48]: Đang trích xuất: Deep_Learning_1903.04717v2_Activation Analysis of a Byte-Based Deep.pdf
[2026-07-13 17:42:19] ERROR [src.ingestion.document_loader.load_directory:71]: Bỏ qua file Deep_Learning_1903.04717v2_Activation Analysis of a Byte-Based Deep.pdf do lỗi: Vui lòng cài đặt pdfplumber: pip install pdfplumber
[2026-07-13 17:42:19] INFO [src.ingestion.document_loader.load_document:48]: Đang trích xuất: Deep_Learning_1904.10337v1_MinCall - MinION end2end convolutional d.pdf
[2026-07-13 17:42:19] ERROR [src.ingestion.document_loader.load_directory:71]: Bỏ qua file Deep_Learning_1904.10337v1_MinCall - MinION end2end convolutional d.pdf do lỗi: Vui lòng cài đặt pdfplumber: pip install pdfplumber
[2026-07-13 17:42:19] INFO [src.ingestion.document_loader.load_document:48]: Đang trích xuất: Deep_Learning_1904.10353v1_Read classification using semi-supervise.pdf
[2026-07-13 17:42:19] ERROR [src.ingestion.document_loader.load_directory:71]: Bỏ qua file Deep_Learning_1904.10353v1_Read classification using semi-supervise.pdf do lỗi: Vui lòng cài đặt pdfplumber: pip install pdfplumber
[2026-07-13 17:42:19] INFO [src.ingestion.document_loader.load_document:48]: Đang trích xuất: Deep_Learning_1905.02544v1_Ocular Diseases Diagnosis in Fundus Imag.pdf
[2026-07-13 17:42:19] ERROR [src.ingestion.document_loader.load_directory:71]: Bỏ qua file Deep_Learning_1905.02544v1_Ocular Diseases Diagnosis in Fundus Imag.pdf do lỗi: Vui lòng cài đặt pdfplumber: pip install pdfplumber
[2026-07-13 17:42:19] INFO [src.ingestion.document_loader.load_document:48]: Đang trích xuất: Deep_Learning_1905.04149v5_A Survey on Deep Learning-based Non-Inva.pdf
[2026-07-13 17:42:19] ERROR [src.ingestion.document_loader.load_directory:71]: Bỏ qua file Deep_Learning_1905.04149v5_A Survey on Deep Learning-based Non-Inva.pdf do lỗi: Vui lòng cài đặt pdfplumber: pip install pdfplumber
[2026-07-13 17:42:19] INFO [src.ingestion.document_loader.load_document:48]: Đang trích xuất: Deep_Learning_1908.06472v1_Training Deep Learning Models via Synthe.pdf
[2026-07-13 17:42:19] ERROR [src.ingestion.document_loader.load_directory:71]: Bỏ qua file Deep_Learning_1908.06472v1_Training Deep Learning Models via Synthe.pdf do lỗi: Vui lòng cài đặt pdfplumber: pip install pdfplumber
[2026-07-13 17:42:19] INFO [src.ingestion.document_loader.load_document:48]: Đang trích xuất: Deep_Learning_1909.01606v1_Model Asset eXchange_ Path to Ubiquitous.pdf
[2026-07-13 17:42:19] ERROR [src.ingestion.document_loader.load_directory:71]: Bỏ qua file Deep_Learning_1909.01606v1_Model Asset eXchange_ Path to Ubiquitous.pdf do lỗi: Vui lòng cài đặt pdfplumber: pip install pdfplumber
[2026-07-13 17:42:19] INFO [src.ingestion.document_loader.load_document:48]: Đang trích xuất: Deep_Learning_1910.01716v4_False Data Injection Attacks in Internet.pdf
[2026-07-13 17:42:19] ERROR [src.ingestion.document_loader.load_directory:71]: Bỏ qua file Deep_Learning_1910.01716v4_False Data Injection Attacks in Internet.pdf do lỗi: Vui lòng cài đặt pdfplumber: pip install pdfplumber
[2026-07-13 17:42:19] INFO [src.ingestion.document_loader.load_document:48]: Đang trích xuất: Deep_Learning_1910.11094v1_An application of a deep learning algori.pdf
[2026-07-13 17:42:19] ERROR [src.ingestion.document_loader.load_directory:71]: Bỏ qua file Deep_Learning_1910.11094v1_An application of a deep learning algori.pdf do lỗi: Vui lòng cài đặt pdfplumber: pip install pdfplumber
[2026-07-13 17:42:19] INFO [src.ingestion.document_loader.load_document:48]: Đang trích xuất: Deep_Learning_2001.03350v2_Two Applications of Deep Learning in the.pdf
[2026-07-13 17:42:19] ERROR [src.ingestion.document_loader.load_directory:71]: Bỏ qua file Deep_Learning_2001.03350v2_Two Applications of Deep Learning in the.pdf do lỗi: Vui lòng cài đặt pdfplumber: pip install pdfplumber
[2026-07-13 17:42:19] INFO [src.ingestion.document_loader.load_document:48]: Đang trích xuất: Deep_Learning_2001.03612v1_A Deep Learning Approach Towards Predict.pdf
[2026-07-13 17:42:19] ERROR [src.ingestion.document_loader.load_directory:71]: Bỏ qua file Deep_Learning_2001.03612v1_A Deep Learning Approach Towards Predict.pdf do lỗi: Vui lòng cài đặt pdfplumber: pip install pdfplumber
[2026-07-13 17:42:19] INFO [src.ingestion.document_loader.load_document:48]: Đang trích xuất: Deep_Learning_2002.07493v1_MapLUR_ Exploring a new Paradigm for Est.pdf
[2026-07-13 17:42:19] ERROR [src.ingestion.document_loader.load_directory:71]: Bỏ qua file Deep_Learning_2002.07493v1_MapLUR_ Exploring a new Paradigm for Est.pdf do lỗi: Vui lòng cài đặt pdfplumber: pip install pdfplumber
[2026-07-13 17:42:19] INFO [src.ingestion.document_loader.load_document:48]: Đang trích xuất: Deep_Learning_2004.03357v2_Deep learning approaches in food recogni.pdf
[2026-07-13 17:42:19] ERROR [src.ingestion.document_loader.load_directory:71]: Bỏ qua file Deep_Learning_2004.03357v2_Deep learning approaches in food recogni.pdf do lỗi: Vui lòng cài đặt pdfplumber: pip install pdfplumber
[2026-07-13 17:42:19] INFO [src.ingestion.document_loader.load_document:48]: Đang trích xuất: Deep_Learning_2004.03722v1_Challenges in Vessel Behavior and Anomal.pdf
[2026-07-13 17:42:19] ERROR [src.ingestion.document_loader.load_directory:71]: Bỏ qua file Deep_Learning_2004.03722v1_Challenges in Vessel Behavior and Anomal.pdf do lỗi: Vui lòng cài đặt pdfplumber: pip install pdfplumber
[2026-07-13 17:42:19] INFO [src.ingestion.document_loader.load_document:48]: Đang trích xuất: Deep_Learning_2004.14545v2_Explainable Deep Learning_ A Field Guide.pdf
[2026-07-13 17:42:19] ERROR [src.ingestion.document_loader.load_directory:71]: Bỏ qua file Deep_Learning_2004.14545v2_Explainable Deep Learning_ A Field Guide.pdf do lỗi: Vui lòng cài đặt pdfplumber: pip install pdfplumber
[2026-07-13 17:42:19] INFO [src.ingestion.document_loader.load_document:48]: Đang trích xuất: Deep_Learning_2006.00684v1_Symbol Spotting on Digital Architectural.pdf
[2026-07-13 17:42:19] ERROR [src.ingestion.document_loader.load_directory:71]: Bỏ qua file Deep_Learning_2006.00684v1_Symbol Spotting on Digital Architectural.pdf do lỗi: Vui lòng cài đặt pdfplumber: pip install pdfplumber
[2026-07-13 17:42:19] INFO [src.ingestion.document_loader.load_document:48]: Đang trích xuất: Deep_Learning_2006.01641v2_Unsupervised Deep Learning for Optimizin.pdf
[2026-07-13 17:42:19] ERROR [src.ingestion.document_loader.load_directory:71]: Bỏ qua file Deep_Learning_2006.01641v2_Unsupervised Deep Learning for Optimizin.pdf do lỗi: Vui lòng cài đặt pdfplumber: pip install pdfplumber
[2026-07-13 17:42:19] INFO [src.ingestion.document_loader.load_document:48]: Đang trích xuất: Deep_Learning_2006.12567v2_A Survey on Deep Learning for Localizati.pdf
[2026-07-13 17:42:19] ERROR [src.ingestion.document_loader.load_directory:71]: Bỏ qua file Deep_Learning_2006.12567v2_A Survey on Deep Learning for Localizati.pdf do lỗi: Vui lòng cài đặt pdfplumber: pip install pdfplumber
[2026-07-13 17:42:19] INFO [src.ingestion.document_loader.load_document:48]: Đang trích xuất: Deep_Learning_2006.12878v2_Direct Feedback Alignment Scales to Mode.pdf
[2026-07-13 17:42:19] ERROR [src.ingestion.document_loader.load_directory:71]: Bỏ qua file Deep_Learning_2006.12878v2_Direct Feedback Alignment Scales to Mode.pdf do lỗi: Vui lòng cài đặt pdfplumber: pip install pdfplumber
[2026-07-13 17:42:19] INFO [src.ingestion.document_loader.load_document:48]: Đang trích xuất: Deep_Learning_2009.08525v1_Deep Learning _ Software Engineering_ St.pdf
[2026-07-13 17:42:19] ERROR [src.ingestion.document_loader.load_directory:71]: Bỏ qua file Deep_Learning_2009.08525v1_Deep Learning _ Software Engineering_ St.pdf do lỗi: Vui lòng cài đặt pdfplumber: pip install pdfplumber
[2026-07-13 17:42:19] INFO [src.ingestion.document_loader.load_document:48]: Đang trích xuất: Deep_Learning_2009.10149v2_Crafting Adversarial Examples for Deep L.pdf
[2026-07-13 17:42:19] ERROR [src.ingestion.document_loader.load_directory:71]: Bỏ qua file Deep_Learning_2009.10149v2_Crafting Adversarial Examples for Deep L.pdf do lỗi: Vui lòng cài đặt pdfplumber: pip install pdfplumber
[2026-07-13 17:42:19] INFO [src.ingestion.document_loader.load_document:48]: Đang trích xuất: Deep_Learning_2011.05791v1_Interpretable and synergistic deep learn.pdf
[2026-07-13 17:42:19] ERROR [src.ingestion.document_loader.load_directory:71]: Bỏ qua file Deep_Learning_2011.05791v1_Interpretable and synergistic deep learn.pdf do lỗi: Vui lòng cài đặt pdfplumber: pip install pdfplumber
[2026-07-13 17:42:19] INFO [src.ingestion.document_loader.load_document:48]: Đang trích xuất: Deep_Learning_2011.06220v3_Artificial Neural Variability for Deep L.pdf
[2026-07-13 17:42:19] ERROR [src.ingestion.document_loader.load_directory:71]: Bỏ qua file Deep_Learning_2011.06220v3_Artificial Neural Variability for Deep L.pdf do lỗi: Vui lòng cài đặt pdfplumber: pip install pdfplumber
[2026-07-13 17:42:19] INFO [src.ingestion.document_loader.load_document:48]: Đang trích xuất: Deep_Learning_2011.12737v1_Ranking Deep Learning Generalization usi.pdf
[2026-07-13 17:42:19] ERROR [src.ingestion.document_loader.load_directory:71]: Bỏ qua file Deep_Learning_2011.12737v1_Ranking Deep Learning Generalization usi.pdf do lỗi: Vui lòng cài đặt pdfplumber: pip install pdfplumber
[2026-07-13 17:42:19] INFO [src.ingestion.document_loader.load_document:48]: Đang trích xuất: Deep_Learning_2012.02775v1_Representation Based Complexity Measures.pdf
[2026-07-13 17:42:19] ERROR [src.ingestion.document_loader.load_directory:71]: Bỏ qua file Deep_Learning_2012.02775v1_Representation Based Complexity Measures.pdf do lỗi: Vui lòng cài đặt pdfplumber: pip install pdfplumber
[2026-07-13 17:42:19] INFO [src.ingestion.document_loader.load_document:48]: Đang trích xuất: Deep_Learning_2101.05390v4_Universal Approximation Theorems for Dif.pdf
[2026-07-13 17:42:19] ERROR [src.ingestion.document_loader.load_directory:71]: Bỏ qua file Deep_Learning_2101.05390v4_Universal Approximation Theorems for Dif.pdf do lỗi: Vui lòng cài đặt pdfplumber: pip install pdfplumber
[2026-07-13 17:42:19] INFO [src.ingestion.document_loader.load_document:48]: Đang trích xuất: Deep_Learning_2102.07838v2_A Comparison of Deep-Learning Methods fo.pdf
[2026-07-13 17:42:19] ERROR [src.ingestion.document_loader.load_directory:71]: Bỏ qua file Deep_Learning_2102.07838v2_A Comparison of Deep-Learning Methods fo.pdf do lỗi: Vui lòng cài đặt pdfplumber: pip install pdfplumber
[2026-07-13 17:42:19] INFO [src.ingestion.document_loader.load_document:48]: Đang trích xuất: Deep_Learning_2103.01006v4_GaNDLF_ A Generally Nuanced Deep Learnin.pdf
[2026-07-13 17:42:19] ERROR [src.ingestion.document_loader.load_directory:71]: Bỏ qua file Deep_Learning_2103.01006v4_GaNDLF_ A Generally Nuanced Deep Learnin.pdf do lỗi: Vui lòng cài đặt pdfplumber: pip install pdfplumber
[2026-07-13 17:42:19] INFO [src.ingestion.document_loader.load_document:48]: Đang trích xuất: Deep_Learning_2103.10492v2_Recent Advances in Deep Learning Techniq.pdf
[2026-07-13 17:42:19] ERROR [src.ingestion.document_loader.load_directory:71]: Bỏ qua file Deep_Learning_2103.10492v2_Recent Advances in Deep Learning Techniq.pdf do lỗi: Vui lòng cài đặt pdfplumber: pip install pdfplumber
[2026-07-13 17:42:19] INFO [src.ingestion.document_loader.load_document:48]: Đang trích xuất: Deep_Learning_2104.00606v2_Model Selection_s Disparate Impact in Re.pdf
[2026-07-13 17:42:19] ERROR [src.ingestion.document_loader.load_directory:71]: Bỏ qua file Deep_Learning_2104.00606v2_Model Selection_s Disparate Impact in Re.pdf do lỗi: Vui lòng cài đặt pdfplumber: pip install pdfplumber
[2026-07-13 17:42:19] INFO [src.ingestion.document_loader.load_document:48]: Đang trích xuất: Deep_Learning_2105.04026v2_The Modern Mathematics of Deep Learning.pdf
[2026-07-13 17:42:19] ERROR [src.ingestion.document_loader.load_directory:71]: Bỏ qua file Deep_Learning_2105.04026v2_The Modern Mathematics of Deep Learning.pdf do lỗi: Vui lòng cài đặt pdfplumber: pip install pdfplumber
[2026-07-13 17:42:19] INFO [src.ingestion.document_loader.load_document:48]: Đang trích xuất: Deep_Learning_2105.09266v5_Copyright in Generative Deep Learning.pdf
[2026-07-13 17:42:19] ERROR [src.ingestion.document_loader.load_directory:71]: Bỏ qua file Deep_Learning_2105.09266v5_Copyright in Generative Deep Learning.pdf do lỗi: Vui lòng cài đặt pdfplumber: pip install pdfplumber
[2026-07-13 17:42:19] INFO [src.ingestion.document_loader.load_document:48]: Đang trích xuất: Deep_Learning_2106.06097v4_Neural Optimization Kernel_ Towards Robu.pdf
[2026-07-13 17:42:19] ERROR [src.ingestion.document_loader.load_directory:71]: Bỏ qua file Deep_Learning_2106.06097v4_Neural Optimization Kernel_ Towards Robu.pdf do lỗi: Vui lòng cài đặt pdfplumber: pip install pdfplumber
[2026-07-13 17:42:19] INFO [src.ingestion.document_loader.load_document:48]: Đang trích xuất: Deep_Learning_2106.14708v1_Weighted multi-level deep learning analy.pdf
[2026-07-13 17:42:19] ERROR [src.ingestion.document_loader.load_directory:71]: Bỏ qua file Deep_Learning_2106.14708v1_Weighted multi-level deep learning analy.pdf do lỗi: Vui lòng cài đặt pdfplumber: pip install pdfplumber
[2026-07-13 17:42:19] INFO [src.ingestion.document_loader.load_document:48]: Đang trích xuất: Deep_Learning_2109.05472v2_Compute and Energy Consumption Trends in.pdf
[2026-07-13 17:42:19] ERROR [src.ingestion.document_loader.load_directory:71]: Bỏ qua file Deep_Learning_2109.05472v2_Compute and Energy Consumption Trends in.pdf do lỗi: Vui lòng cài đặt pdfplumber: pip install pdfplumber
[2026-07-13 17:42:19] INFO [src.ingestion.document_loader.load_document:48]: Đang trích xuất: Deep_Learning_2109.07321v1_PoWareMatch_ a Quality-aware Deep Learni.pdf
[2026-07-13 17:42:19] ERROR [src.ingestion.document_loader.load_directory:71]: Bỏ qua file Deep_Learning_2109.07321v1_PoWareMatch_ a Quality-aware Deep Learni.pdf do lỗi: Vui lòng cài đặt pdfplumber: pip install pdfplumber
[2026-07-13 17:42:19] INFO [src.ingestion.document_loader.load_document:48]: Đang trích xuất: Deep_Learning_2112.05000v1_The Peril of Popular Deep Learning Uncer.pdf
[2026-07-13 17:42:19] ERROR [src.ingestion.document_loader.load_directory:71]: Bỏ qua file Deep_Learning_2112.05000v1_The Peril of Popular Deep Learning Uncer.pdf do lỗi: Vui lòng cài đặt pdfplumber: pip install pdfplumber
[2026-07-13 17:42:19] INFO [src.ingestion.document_loader.load_document:48]: Đang trích xuất: Deep_Learning_2201.02093v1_Deep Learning Based Classification Syste.pdf
[2026-07-13 17:42:19] ERROR [src.ingestion.document_loader.load_directory:71]: Bỏ qua file Deep_Learning_2201.02093v1_Deep Learning Based Classification Syste.pdf do lỗi: Vui lòng cài đặt pdfplumber: pip install pdfplumber
[2026-07-13 17:42:19] INFO [src.ingestion.document_loader.load_document:48]: Đang trích xuất: Deep_Learning_2202.07201v3_Holistic Adversarial Robustness of Deep .pdf
[2026-07-13 17:42:19] ERROR [src.ingestion.document_loader.load_directory:71]: Bỏ qua file Deep_Learning_2202.07201v3_Holistic Adversarial Robustness of Deep .pdf do lỗi: Vui lòng cài đặt pdfplumber: pip install pdfplumber
[2026-07-13 17:42:19] INFO [src.ingestion.document_loader.load_document:48]: Đang trích xuất: Deep_Learning_2206.14373v2_Theoretical Perspectives on Deep Learnin.pdf
[2026-07-13 17:42:19] ERROR [src.ingestion.document_loader.load_directory:71]: Bỏ qua file Deep_Learning_2206.14373v2_Theoretical Perspectives on Deep Learnin.pdf do lỗi: Vui lòng cài đặt pdfplumber: pip install pdfplumber
[2026-07-13 17:42:19] INFO [src.ingestion.document_loader.load_document:48]: Đang trích xuất: Deep_Learning_2207.07859v3_SenseFi_ A Library and Benchmark on Deep.pdf
[2026-07-13 17:42:19] ERROR [src.ingestion.document_loader.load_directory:71]: Bỏ qua file Deep_Learning_2207.07859v3_SenseFi_ A Library and Benchmark on Deep.pdf do lỗi: Vui lòng cài đặt pdfplumber: pip install pdfplumber
[2026-07-13 17:42:19] INFO [src.ingestion.document_loader.load_document:48]: Đang trích xuất: Deep_Learning_2212.00966v1_A Hybrid Deep Learning Anomaly Detection.pdf
[2026-07-13 17:42:19] ERROR [src.ingestion.document_loader.load_directory:71]: Bỏ qua file Deep_Learning_2212.00966v1_A Hybrid Deep Learning Anomaly Detection.pdf do lỗi: Vui lòng cài đặt pdfplumber: pip install pdfplumber
[2026-07-13 17:42:19] INFO [src.ingestion.document_loader.load_document:48]: Đang trích xuất: Deep_Learning_2301.00942v1_Deep Learning and Computational Physics .pdf
[2026-07-13 17:42:19] ERROR [src.ingestion.document_loader.load_directory:71]: Bỏ qua file Deep_Learning_2301.00942v1_Deep Learning and Computational Physics .pdf do lỗi: Vui lòng cài đặt pdfplumber: pip install pdfplumber
[2026-07-13 17:42:19] INFO [src.ingestion.document_loader.load_document:48]: Đang trích xuất: Deep_Learning_2301.04614v1_Real-time simulation of viscoelastic tis.pdf
[2026-07-13 17:42:19] ERROR [src.ingestion.document_loader.load_directory:71]: Bỏ qua file Deep_Learning_2301.04614v1_Real-time simulation of viscoelastic tis.pdf do lỗi: Vui lòng cài đặt pdfplumber: pip install pdfplumber
[2026-07-13 17:42:19] INFO [src.ingestion.document_loader.load_document:48]: Đang trích xuất: Deep_Learning_2302.12168v2_A comparative assessment of deep learnin.pdf
[2026-07-13 17:42:19] ERROR [src.ingestion.document_loader.load_directory:71]: Bỏ qua file Deep_Learning_2302.12168v2_A comparative assessment of deep learnin.pdf do lỗi: Vui lòng cài đặt pdfplumber: pip install pdfplumber
[2026-07-13 17:42:19] INFO [src.ingestion.document_loader.load_document:48]: Đang trích xuất: Deep_Learning_2303.08273v1_Towards a Deep Learning Pain-Level Detec.pdf
[2026-07-13 17:42:19] ERROR [src.ingestion.document_loader.load_directory:71]: Bỏ qua file Deep_Learning_2303.08273v1_Towards a Deep Learning Pain-Level Detec.pdf do lỗi: Vui lòng cài đặt pdfplumber: pip install pdfplumber
[2026-07-13 17:42:19] INFO [src.ingestion.document_loader.load_document:48]: Đang trích xuất: Deep_Learning_2303.13055v1_Reimagining Application User Interface _.pdf
[2026-07-13 17:42:19] ERROR [src.ingestion.document_loader.load_directory:71]: Bỏ qua file Deep_Learning_2303.13055v1_Reimagining Application User Interface _.pdf do lỗi: Vui lòng cài đặt pdfplumber: pip install pdfplumber
[2026-07-13 17:42:19] INFO [src.ingestion.document_loader.load_document:48]: Đang trích xuất: Deep_Learning_2306.11113v2_Learn to Accumulate Evidence from All Tr.pdf
[2026-07-13 17:42:19] ERROR [src.ingestion.document_loader.load_directory:71]: Bỏ qua file Deep_Learning_2306.11113v2_Learn to Accumulate Evidence from All Tr.pdf do lỗi: Vui lòng cài đặt pdfplumber: pip install pdfplumber
[2026-07-13 17:42:19] INFO [src.ingestion.document_loader.load_document:48]: Đang trích xuất: Deep_Learning_2306.13030v2_Online Self-Supervised Deep Learning for.pdf
[2026-07-13 17:42:19] ERROR [src.ingestion.document_loader.load_directory:71]: Bỏ qua file Deep_Learning_2306.13030v2_Online Self-Supervised Deep Learning for.pdf do lỗi: Vui lòng cài đặt pdfplumber: pip install pdfplumber
[2026-07-13 17:42:19] INFO [src.ingestion.document_loader.load_document:48]: Đang trích xuất: Deep_Learning_2307.02694v5_Loss Functions and Metrics in Deep Learn.pdf
[2026-07-13 17:42:19] ERROR [src.ingestion.document_loader.load_directory:71]: Bỏ qua file Deep_Learning_2307.02694v5_Loss Functions and Metrics in Deep Learn.pdf do lỗi: Vui lòng cài đặt pdfplumber: pip install pdfplumber
[2026-07-13 17:42:19] INFO [src.ingestion.document_loader.load_document:48]: Đang trích xuất: Deep_Learning_2309.08500v1_Deep-learning-powered data analysis in p.pdf
[2026-07-13 17:42:19] ERROR [src.ingestion.document_loader.load_directory:71]: Bỏ qua file Deep_Learning_2309.08500v1_Deep-learning-powered data analysis in p.pdf do lỗi: Vui lòng cài đặt pdfplumber: pip install pdfplumber
[2026-07-13 17:42:19] INFO [src.ingestion.document_loader.load_document:48]: Đang trích xuất: Deep_Learning_2311.16109v1_Transfer Learning between Motor Imagery .pdf
[2026-07-13 17:42:19] ERROR [src.ingestion.document_loader.load_directory:71]: Bỏ qua file Deep_Learning_2311.16109v1_Transfer Learning between Motor Imagery .pdf do lỗi: Vui lòng cài đặt pdfplumber: pip install pdfplumber
[2026-07-13 17:42:19] INFO [src.ingestion.document_loader.load_document:48]: Đang trích xuất: Deep_Learning_2402.09146v6_ResQuNNs_ Towards Enabling Deep Learning.pdf
[2026-07-13 17:42:19] ERROR [src.ingestion.document_loader.load_directory:71]: Bỏ qua file Deep_Learning_2402.09146v6_ResQuNNs_ Towards Enabling Deep Learning.pdf do lỗi: Vui lòng cài đặt pdfplumber: pip install pdfplumber
[2026-07-13 17:42:19] INFO [src.ingestion.document_loader.load_document:48]: Đang trích xuất: Deep_Learning_2403.12562v2_PePR_ Performance Per Resource Unit as a.pdf
[2026-07-13 17:42:19] ERROR [src.ingestion.document_loader.load_directory:71]: Bỏ qua file Deep_Learning_2403.12562v2_PePR_ Performance Per Resource Unit as a.pdf do lỗi: Vui lòng cài đặt pdfplumber: pip install pdfplumber
[2026-07-13 17:42:19] INFO [src.ingestion.document_loader.load_document:48]: Đang trích xuất: Deep_Learning_2406.02024v3_Verifying the Generalization of Deep Lea.pdf
[2026-07-13 17:42:19] ERROR [src.ingestion.document_loader.load_directory:71]: Bỏ qua file Deep_Learning_2406.02024v3_Verifying the Generalization of Deep Lea.pdf do lỗi: Vui lòng cài đặt pdfplumber: pip install pdfplumber
[2026-07-13 17:42:19] INFO [src.ingestion.document_loader.load_document:48]: Đang trích xuất: Deep_Learning_2406.14220v2_Evaluation of Deep Learning Semantic Seg.pdf
[2026-07-13 17:42:19] ERROR [src.ingestion.document_loader.load_directory:71]: Bỏ qua file Deep_Learning_2406.14220v2_Evaluation of Deep Learning Semantic Seg.pdf do lỗi: Vui lòng cài đặt pdfplumber: pip install pdfplumber
[2026-07-13 17:42:19] INFO [src.ingestion.document_loader.load_document:48]: Đang trích xuất: Deep_Learning_2408.00386v1_What comes after transformers_ -- A sele.pdf
[2026-07-13 17:42:19] ERROR [src.ingestion.document_loader.load_directory:71]: Bỏ qua file Deep_Learning_2408.00386v1_What comes after transformers_ -- A sele.pdf do lỗi: Vui lòng cài đặt pdfplumber: pip install pdfplumber
[2026-07-13 17:42:19] INFO [src.ingestion.document_loader.load_document:48]: Đang trích xuất: Deep_Learning_2408.07155v1_Integration of Genetic Algorithms and De.pdf
[2026-07-13 17:42:19] ERROR [src.ingestion.document_loader.load_directory:71]: Bỏ qua file Deep_Learning_2408.07155v1_Integration of Genetic Algorithms and De.pdf do lỗi: Vui lòng cài đặt pdfplumber: pip install pdfplumber
[2026-07-13 17:42:19] INFO [src.ingestion.document_loader.load_document:48]: Đang trích xuất: Deep_Learning_2410.01990v3_Deep Learning Alternatives of the Kolmog.pdf
[2026-07-13 17:42:19] ERROR [src.ingestion.document_loader.load_directory:71]: Bỏ qua file Deep_Learning_2410.01990v3_Deep Learning Alternatives of the Kolmog.pdf do lỗi: Vui lòng cài đặt pdfplumber: pip install pdfplumber
[2026-07-13 17:42:19] INFO [src.ingestion.document_loader.load_document:48]: Đang trích xuất: Deep_Learning_2410.02759v1_Forecasting Smog Clouds With Deep Learni.pdf
[2026-07-13 17:42:19] ERROR [src.ingestion.document_loader.load_directory:71]: Bỏ qua file Deep_Learning_2410.02759v1_Forecasting Smog Clouds With Deep Learni.pdf do lỗi: Vui lòng cài đặt pdfplumber: pip install pdfplumber
[2026-07-13 17:42:19] INFO [src.ingestion.document_loader.load_document:48]: Đang trích xuất: Deep_Learning_2411.02466v1_Weakly supervised deep learning model wi.pdf
[2026-07-13 17:42:19] ERROR [src.ingestion.document_loader.load_directory:71]: Bỏ qua file Deep_Learning_2411.02466v1_Weakly supervised deep learning model wi.pdf do lỗi: Vui lòng cài đặt pdfplumber: pip install pdfplumber
[2026-07-13 17:42:19] INFO [src.ingestion.document_loader.load_document:48]: Đang trích xuất: Deep_Learning_2411.11863v1_Longitudinal Wrist PPG Analysis for Reli.pdf
[2026-07-13 17:42:19] ERROR [src.ingestion.document_loader.load_directory:71]: Bỏ qua file Deep_Learning_2411.11863v1_Longitudinal Wrist PPG Analysis for Reli.pdf do lỗi: Vui lòng cài đặt pdfplumber: pip install pdfplumber
[2026-07-13 17:42:19] INFO [src.ingestion.document_loader.load_document:48]: Đang trích xuất: Deep_Learning_2501.06564v1_Natural Language Processing and Deep Lea.pdf
[2026-07-13 17:42:19] ERROR [src.ingestion.document_loader.load_directory:71]: Bỏ qua file Deep_Learning_2501.06564v1_Natural Language Processing and Deep Lea.pdf do lỗi: Vui lòng cài đặt pdfplumber: pip install pdfplumber
[2026-07-13 17:42:19] INFO [src.ingestion.document_loader.load_document:48]: Đang trích xuất: Deep_Learning_2501.07923v1_Aviation Safety Enhancement via NLP _ De.pdf
[2026-07-13 17:42:19] ERROR [src.ingestion.document_loader.load_directory:71]: Bỏ qua file Deep_Learning_2501.07923v1_Aviation Safety Enhancement via NLP _ De.pdf do lỗi: Vui lòng cài đặt pdfplumber: pip install pdfplumber
[2026-07-13 17:42:19] INFO [src.ingestion.document_loader.load_document:48]: Đang trích xuất: Deep_Learning_2501.11836v1_Data-driven Detection and Evaluation of .pdf
[2026-07-13 17:42:19] ERROR [src.ingestion.document_loader.load_directory:71]: Bỏ qua file Deep_Learning_2501.11836v1_Data-driven Detection and Evaluation of .pdf do lỗi: Vui lòng cài đặt pdfplumber: pip install pdfplumber
[2026-07-13 17:42:19] INFO [src.ingestion.document_loader.load_document:48]: Đang trích xuất: Deep_Learning_2507.13458v1_Domain-randomized deep learning for neur.pdf
[2026-07-13 17:42:19] ERROR [src.ingestion.document_loader.load_directory:71]: Bỏ qua file Deep_Learning_2507.13458v1_Domain-randomized deep learning for neur.pdf do lỗi: Vui lòng cài đặt pdfplumber: pip install pdfplumber
[2026-07-13 17:42:19] INFO [src.ingestion.document_loader.load_document:48]: Đang trích xuất: Deep_Learning_2509.20913v1_Deep Learning for Crime Forecasting_ The.pdf
[2026-07-13 17:42:19] ERROR [src.ingestion.document_loader.load_directory:71]: Bỏ qua file Deep_Learning_2509.20913v1_Deep Learning for Crime Forecasting_ The.pdf do lỗi: Vui lòng cài đặt pdfplumber: pip install pdfplumber
[2026-07-13 17:42:19] INFO [src.ingestion.document_loader.load_document:48]: Đang trích xuất: Deep_Learning_2510.02717v1_CST-AFNet_ A dual attention-based deep l.pdf
[2026-07-13 17:42:19] ERROR [src.ingestion.document_loader.load_directory:71]: Bỏ qua file Deep_Learning_2510.02717v1_CST-AFNet_ A dual attention-based deep l.pdf do lỗi: Vui lòng cài đặt pdfplumber: pip install pdfplumber
[2026-07-13 17:42:19] INFO [src.ingestion.document_loader.load_document:48]: Đang trích xuất: Deep_Learning_2512.13018v1_Comprehensive Deployment-Oriented Assess.pdf
[2026-07-13 17:42:19] ERROR [src.ingestion.document_loader.load_directory:71]: Bỏ qua file Deep_Learning_2512.13018v1_Comprehensive Deployment-Oriented Assess.pdf do lỗi: Vui lòng cài đặt pdfplumber: pip install pdfplumber
[2026-07-13 17:42:19] INFO [src.ingestion.document_loader.load_document:48]: Đang trích xuất: Deep_Learning_2512.19527v1_Deep Learning for Unrelated-Machines Sch.pdf
[2026-07-13 17:42:19] ERROR [src.ingestion.document_loader.load_directory:71]: Bỏ qua file Deep_Learning_2512.19527v1_Deep Learning for Unrelated-Machines Sch.pdf do lỗi: Vui lòng cài đặt pdfplumber: pip install pdfplumber
[2026-07-13 17:42:19] INFO [src.ingestion.document_loader.load_document:48]: Đang trích xuất: Deep_Learning_2512.23753v1_Generalized Regularized Evidential Deep .pdf
[2026-07-13 17:42:19] ERROR [src.ingestion.document_loader.load_directory:71]: Bỏ qua file Deep_Learning_2512.23753v1_Generalized Regularized Evidential Deep .pdf do lỗi: Vui lòng cài đặt pdfplumber: pip install pdfplumber
[2026-07-13 17:42:19] INFO [src.ingestion.document_loader.load_document:48]: Đang trích xuất: Deep_Learning_2602.07145v1_Convex Dominance in Deep Learning I_ A S.pdf
[2026-07-13 17:42:19] ERROR [src.ingestion.document_loader.load_directory:71]: Bỏ qua file Deep_Learning_2602.07145v1_Convex Dominance in Deep Learning I_ A S.pdf do lỗi: Vui lòng cài đặt pdfplumber: pip install pdfplumber
[2026-07-13 17:42:19] INFO [src.ingestion.document_loader.load_document:48]: Đang trích xuất: Deep_Learning_2605.08529v1_The Propagation Field_ A Geometric Subst.pdf
[2026-07-13 17:42:19] ERROR [src.ingestion.document_loader.load_directory:71]: Bỏ qua file Deep_Learning_2605.08529v1_The Propagation Field_ A Geometric Subst.pdf do lỗi: Vui lòng cài đặt pdfplumber: pip install pdfplumber
[2026-07-13 17:42:19] INFO [src.ingestion.document_loader.load_document:48]: Đang trích xuất: Machine_Learning_1904.07640v1_Medical device surveillance with electro.pdf
[2026-07-13 17:42:19] ERROR [src.ingestion.document_loader.load_directory:71]: Bỏ qua file Machine_Learning_1904.07640v1_Medical device surveillance with electro.pdf do lỗi: Vui lòng cài đặt pdfplumber: pip install pdfplumber
[2026-07-13 17:42:19] INFO [src.ingestion.document_loader.load_document:48]: Đang trích xuất: Machine_Learning_1904.07687v4_Advanced Customer Activity Prediction ba.pdf
[2026-07-13 17:42:19] ERROR [src.ingestion.document_loader.load_directory:71]: Bỏ qua file Machine_Learning_1904.07687v4_Advanced Customer Activity Prediction ba.pdf do lỗi: Vui lòng cài đặt pdfplumber: pip install pdfplumber
[2026-07-13 17:42:19] INFO [src.ingestion.document_loader.load_document:48]: Đang trích xuất: Machine_Learning_1904.07698v2_Multimodal Subspace Support Vector Data .pdf
[2026-07-13 17:42:19] ERROR [src.ingestion.document_loader.load_directory:71]: Bỏ qua file Machine_Learning_1904.07698v2_Multimodal Subspace Support Vector Data .pdf do lỗi: Vui lòng cài đặt pdfplumber: pip install pdfplumber
[2026-07-13 17:42:19] INFO [src.ingestion.document_loader.load_document:48]: Đang trích xuất: Machine_Learning_1904.07916v1_IAN_ Combining Generative Adversarial Ne.pdf
[2026-07-13 17:42:19] ERROR [src.ingestion.document_loader.load_directory:71]: Bỏ qua file Machine_Learning_1904.07916v1_IAN_ Combining Generative Adversarial Ne.pdf do lỗi: Vui lòng cài đặt pdfplumber: pip install pdfplumber
[2026-07-13 17:42:19] INFO [src.ingestion.document_loader.load_document:48]: Đang trích xuất: Machine_Learning_1904.07969v1_DNN Architecture for High Performance Pr.pdf
[2026-07-13 17:42:19] ERROR [src.ingestion.document_loader.load_directory:71]: Bỏ qua file Machine_Learning_1904.07969v1_DNN Architecture for High Performance Pr.pdf do lỗi: Vui lòng cài đặt pdfplumber: pip install pdfplumber
[2026-07-13 17:42:19] INFO [src.ingestion.document_loader.load_document:48]: Đang trích xuất: Machine_Learning_1904.07998v2_SynC_ A Unified Framework for Generating.pdf
[2026-07-13 17:42:19] ERROR [src.ingestion.document_loader.load_directory:71]: Bỏ qua file Machine_Learning_1904.07998v2_SynC_ A Unified Framework for Generating.pdf do lỗi: Vui lòng cài đặt pdfplumber: pip install pdfplumber
[2026-07-13 17:42:19] INFO [src.ingestion.document_loader.load_document:48]: Đang trích xuất: Machine_Learning_1904.08034v2_People infer recursive visual concepts f.pdf
[2026-07-13 17:42:19] ERROR [src.ingestion.document_loader.load_directory:71]: Bỏ qua file Machine_Learning_1904.08034v2_People infer recursive visual concepts f.pdf do lỗi: Vui lòng cài đặt pdfplumber: pip install pdfplumber
[2026-07-13 17:42:19] INFO [src.ingestion.document_loader.load_document:48]: Đang trích xuất: Machine_Learning_1904.08049v1_Neural Message Passing for Multi-Label C.pdf
[2026-07-13 17:42:19] ERROR [src.ingestion.document_loader.load_directory:71]: Bỏ qua file Machine_Learning_1904.08049v1_Neural Message Passing for Multi-Label C.pdf do lỗi: Vui lòng cài đặt pdfplumber: pip install pdfplumber
[2026-07-13 17:42:19] INFO [src.ingestion.document_loader.load_document:48]: Đang trích xuất: Machine_Learning_1904.08050v1_Sparseout_ Controlling Sparsity in Deep .pdf
[2026-07-13 17:42:19] ERROR [src.ingestion.document_loader.load_directory:71]: Bỏ qua file Machine_Learning_1904.08050v1_Sparseout_ Controlling Sparsity in Deep .pdf do lỗi: Vui lòng cài đặt pdfplumber: pip install pdfplumber
[2026-07-13 17:42:19] INFO [src.ingestion.document_loader.load_document:48]: Đang trích xuất: Machine_Learning_1904.08051v1_Posterior-regularized REINFORCE for Inst.pdf
[2026-07-13 17:42:19] ERROR [src.ingestion.document_loader.load_directory:71]: Bỏ qua file Machine_Learning_1904.08051v1_Posterior-regularized REINFORCE for Inst.pdf do lỗi: Vui lòng cài đặt pdfplumber: pip install pdfplumber
[2026-07-13 17:42:19] INFO [src.ingestion.document_loader.load_document:48]: Đang trích xuất: Machine_Learning_1904.08129v2_Rogue-Gym_ A New Challenge for Generaliz.pdf
[2026-07-13 17:42:19] ERROR [src.ingestion.document_loader.load_directory:71]: Bỏ qua file Machine_Learning_1904.08129v2_Rogue-Gym_ A New Challenge for Generaliz.pdf do lỗi: Vui lòng cài đặt pdfplumber: pip install pdfplumber
[2026-07-13 17:42:19] INFO [src.ingestion.document_loader.load_document:48]: Đang trích xuất: Machine_Learning_1904.08144v1_Predicting drug-target interaction using.pdf
[2026-07-13 17:42:19] ERROR [src.ingestion.document_loader.load_directory:71]: Bỏ qua file Machine_Learning_1904.08144v1_Predicting drug-target interaction using.pdf do lỗi: Vui lòng cài đặt pdfplumber: pip install pdfplumber
[2026-07-13 17:42:19] INFO [src.ingestion.document_loader.load_document:48]: Đang trích xuất: Machine_Learning_1904.08149v2_Bayesian policy selection using active i.pdf
[2026-07-13 17:42:19] ERROR [src.ingestion.document_loader.load_directory:71]: Bỏ qua file Machine_Learning_1904.08149v2_Bayesian policy selection using active i.pdf do lỗi: Vui lòng cài đặt pdfplumber: pip install pdfplumber
[2026-07-13 17:42:19] INFO [src.ingestion.document_loader.load_document:48]: Đang trích xuất: Machine_Learning_1904.08269v1_BS-Nets_ An End-to-End Framework For Ban.pdf
[2026-07-13 17:42:19] ERROR [src.ingestion.document_loader.load_directory:71]: Bỏ qua file Machine_Learning_1904.08269v1_BS-Nets_ An End-to-End Framework For Ban.pdf do lỗi: Vui lòng cài đặt pdfplumber: pip install pdfplumber
[2026-07-13 17:42:19] INFO [src.ingestion.document_loader.load_document:48]: Đang trích xuất: Machine_Learning_1904.12072v3_Flow-based generative models for Markov .pdf
[2026-07-13 17:42:19] ERROR [src.ingestion.document_loader.load_directory:71]: Bỏ qua file Machine_Learning_1904.12072v3_Flow-based generative models for Markov .pdf do lỗi: Vui lòng cài đặt pdfplumber: pip install pdfplumber
[2026-07-13 17:42:19] INFO [src.ingestion.document_loader.load_document:48]: Đang trích xuất: Machine_Learning_1904.12562v1_Soft edit distance for differentiable co.pdf
[2026-07-13 17:42:19] ERROR [src.ingestion.document_loader.load_directory:71]: Bỏ qua file Machine_Learning_1904.12562v1_Soft edit distance for differentiable co.pdf do lỗi: Vui lòng cài đặt pdfplumber: pip install pdfplumber
[2026-07-13 17:42:19] INFO [src.ingestion.document_loader.load_document:48]: Đang trích xuất: Machine_Learning_1904.12769v1_Localization_ Detection and Tracking of .pdf
[2026-07-13 17:42:19] ERROR [src.ingestion.document_loader.load_directory:71]: Bỏ qua file Machine_Learning_1904.12769v1_Localization_ Detection and Tracking of .pdf do lỗi: Vui lòng cài đặt pdfplumber: pip install pdfplumber
[2026-07-13 17:42:19] INFO [src.ingestion.document_loader.load_document:48]: Đang trích xuất: Machine_Learning_1904.12848v6_Unsupervised Data Augmentation for Consi.pdf
[2026-07-13 17:42:19] ERROR [src.ingestion.document_loader.load_directory:71]: Bỏ qua file Machine_Learning_1904.12848v6_Unsupervised Data Augmentation for Consi.pdf do lỗi: Vui lòng cài đặt pdfplumber: pip install pdfplumber
[2026-07-13 17:42:19] INFO [src.ingestion.document_loader.load_document:48]: Đang trích xuất: Machine_Learning_1904.12901v1_Challenges of Real-World Reinforcement L.pdf
[2026-07-13 17:42:19] ERROR [src.ingestion.document_loader.load_directory:71]: Bỏ qua file Machine_Learning_1904.12901v1_Challenges of Real-World Reinforcement L.pdf do lỗi: Vui lòng cài đặt pdfplumber: pip install pdfplumber
[2026-07-13 17:42:19] INFO [src.ingestion.document_loader.load_document:48]: Đang trích xuất: Machine_Learning_1904.12904v1_Neuromorphic Acceleration for Approximat.pdf
[2026-07-13 17:42:19] ERROR [src.ingestion.document_loader.load_directory:71]: Bỏ qua file Machine_Learning_1904.12904v1_Neuromorphic Acceleration for Approximat.pdf do lỗi: Vui lòng cài đặt pdfplumber: pip install pdfplumber
[2026-07-13 17:42:19] INFO [src.ingestion.document_loader.load_document:48]: Đang trích xuất: Machine_Learning_1904.13016v4_On Stationary-Point Hitting Time and Erg.pdf
[2026-07-13 17:42:19] ERROR [src.ingestion.document_loader.load_directory:71]: Bỏ qua file Machine_Learning_1904.13016v4_On Stationary-Point Hitting Time and Erg.pdf do lỗi: Vui lòng cài đặt pdfplumber: pip install pdfplumber
[2026-07-13 17:42:19] INFO [src.ingestion.document_loader.load_document:48]: Đang trích xuất: Machine_Learning_1904.13142v3_Incorporating Symbolic Sequential Modeli.pdf
[2026-07-13 17:42:19] ERROR [src.ingestion.document_loader.load_directory:71]: Bỏ qua file Machine_Learning_1904.13142v3_Incorporating Symbolic Sequential Modeli.pdf do lỗi: Vui lòng cài đặt pdfplumber: pip install pdfplumber
[2026-07-13 17:42:19] INFO [src.ingestion.document_loader.load_document:48]: Đang trích xuất: Machine_Learning_1904.13179v1_Weakly Supervised Open-set Domain Adapta.pdf
[2026-07-13 17:42:19] ERROR [src.ingestion.document_loader.load_directory:71]: Bỏ qua file Machine_Learning_1904.13179v1_Weakly Supervised Open-set Domain Adapta.pdf do lỗi: Vui lòng cài đặt pdfplumber: pip install pdfplumber
[2026-07-13 17:42:19] INFO [src.ingestion.document_loader.load_document:48]: Đang trích xuất: Machine_Learning_1904.13195v1_Test Selection for Deep Learning Systems.pdf
[2026-07-13 17:42:19] ERROR [src.ingestion.document_loader.load_directory:71]: Bỏ qua file Machine_Learning_1904.13195v1_Test Selection for Deep Learning Systems.pdf do lỗi: Vui lòng cài đặt pdfplumber: pip install pdfplumber
[2026-07-13 17:42:19] INFO [src.ingestion.document_loader.load_document:48]: Đang trích xuất: Machine_Learning_1904.13196v1_Semantic Referee_ A Neural-Symbolic Fram.pdf
[2026-07-13 17:42:19] ERROR [src.ingestion.document_loader.load_directory:71]: Bỏ qua file Machine_Learning_1904.13196v1_Semantic Referee_ A Neural-Symbolic Fram.pdf do lỗi: Vui lòng cài đặt pdfplumber: pip install pdfplumber
[2026-07-13 17:42:19] INFO [src.ingestion.document_loader.load_document:48]: Đang trích xuất: Machine_Learning_1904.13197v1_Investigation of Initialization Strategi.pdf
[2026-07-13 17:42:19] ERROR [src.ingestion.document_loader.load_directory:71]: Bỏ qua file Machine_Learning_1904.13197v1_Investigation of Initialization Strategi.pdf do lỗi: Vui lòng cài đặt pdfplumber: pip install pdfplumber
[2026-07-13 17:42:19] INFO [src.ingestion.document_loader.load_document:48]: Đang trích xuất: Machine_Learning_1904.13373v1_Gradient Coding Based on Block Designs f.pdf
[2026-07-13 17:42:19] ERROR [src.ingestion.document_loader.load_directory:71]: Bỏ qua file Machine_Learning_1904.13373v1_Gradient Coding Based on Block Designs f.pdf do lỗi: Vui lòng cài đặt pdfplumber: pip install pdfplumber
[2026-07-13 17:42:19] INFO [src.ingestion.document_loader.load_document:48]: Đang trích xuất: Machine_Learning_1905.00076v3_Ensemble Distribution Distillation.pdf
[2026-07-13 17:42:19] ERROR [src.ingestion.document_loader.load_directory:71]: Bỏ qua file Machine_Learning_1905.00076v3_Ensemble Distribution Distillation.pdf do lỗi: Vui lòng cài đặt pdfplumber: pip install pdfplumber
[2026-07-13 17:42:19] INFO [src.ingestion.document_loader.load_document:48]: Đang trích xuất: Machine_Learning_1905.00261v1_Automatic Dataset Augmentation Using Vir.pdf
[2026-07-13 17:42:19] ERROR [src.ingestion.document_loader.load_directory:71]: Bỏ qua file Machine_Learning_1905.00261v1_Automatic Dataset Augmentation Using Vir.pdf do lỗi: Vui lòng cài đặt pdfplumber: pip install pdfplumber
[2026-07-13 17:42:19] INFO [src.ingestion.document_loader.load_document:48]: Đang trích xuất: Machine_Learning_1905.00424v5_An ADMM Based Framework for AutoML Pipel.pdf
[2026-07-13 17:42:19] ERROR [src.ingestion.document_loader.load_directory:71]: Bỏ qua file Machine_Learning_1905.00424v5_An ADMM Based Framework for AutoML Pipel.pdf do lỗi: Vui lòng cài đặt pdfplumber: pip install pdfplumber
[2026-07-13 17:42:19] INFO [src.ingestion.document_loader.load_document:48]: Đang trích xuất: Machine_Learning_1905.00448v1_On Expected Accuracy.pdf
[2026-07-13 17:42:19] ERROR [src.ingestion.document_loader.load_directory:71]: Bỏ qua file Machine_Learning_1905.00448v1_On Expected Accuracy.pdf do lỗi: Vui lòng cài đặt pdfplumber: pip install pdfplumber
[2026-07-13 17:42:19] INFO [src.ingestion.document_loader.load_document:48]: Đang trích xuất: Machine_Learning_1905.01958v1_Text2Node_ a Cross-Domain System for Map.pdf
[2026-07-13 17:42:19] ERROR [src.ingestion.document_loader.load_directory:71]: Bỏ qua file Machine_Learning_1905.01958v1_Text2Node_ a Cross-Domain System for Map.pdf do lỗi: Vui lòng cài đặt pdfplumber: pip install pdfplumber
[2026-07-13 17:42:19] INFO [src.ingestion.document_loader.load_document:48]: Đang trích xuất: Machine_Learning_1905.01973v1_Who wrote this book_ A challenge for e-c.pdf
[2026-07-13 17:42:19] ERROR [src.ingestion.document_loader.load_directory:71]: Bỏ qua file Machine_Learning_1905.01973v1_Who wrote this book_ A challenge for e-c.pdf do lỗi: Vui lòng cài đặt pdfplumber: pip install pdfplumber
[2026-07-13 17:42:19] INFO [src.ingestion.document_loader.load_document:48]: Đang trích xuất: Machine_Learning_1905.01991v1_A Content-Based Approach to Email Triage.pdf
[2026-07-13 17:42:19] ERROR [src.ingestion.document_loader.load_directory:71]: Bỏ qua file Machine_Learning_1905.01991v1_A Content-Based Approach to Email Triage.pdf do lỗi: Vui lòng cài đặt pdfplumber: pip install pdfplumber
[2026-07-13 17:42:19] INFO [src.ingestion.document_loader.load_document:48]: Đang trích xuất: Machine_Learning_1905.01998v1_A Persona-based Multi-turn Conversation .pdf
[2026-07-13 17:42:19] ERROR [src.ingestion.document_loader.load_directory:71]: Bỏ qua file Machine_Learning_1905.01998v1_A Persona-based Multi-turn Conversation .pdf do lỗi: Vui lòng cài đặt pdfplumber: pip install pdfplumber
[2026-07-13 17:42:19] INFO [src.ingestion.document_loader.load_document:48]: Đang trích xuất: Machine_Learning_1905.02019v1_Conditioning LSTM Decoder and Bi-directi.pdf
[2026-07-13 17:42:19] ERROR [src.ingestion.document_loader.load_directory:71]: Bỏ qua file Machine_Learning_1905.02019v1_Conditioning LSTM Decoder and Bi-directi.pdf do lỗi: Vui lòng cài đặt pdfplumber: pip install pdfplumber
[2026-07-13 17:42:19] INFO [src.ingestion.document_loader.load_document:48]: Đang trích xuất: Machine_Learning_1905.02138v1_Is a Single Embedding Enough_ Learning N.pdf
[2026-07-13 17:42:19] ERROR [src.ingestion.document_loader.load_directory:71]: Bỏ qua file Machine_Learning_1905.02138v1_Is a Single Embedding Enough_ Learning N.pdf do lỗi: Vui lòng cài đặt pdfplumber: pip install pdfplumber
[2026-07-13 17:42:19] INFO [src.ingestion.document_loader.load_document:48]: Đang trích xuất: Machine_Learning_1905.02197v1_Back to the Future_ Predicting Traffic S.pdf
[2026-07-13 17:42:19] ERROR [src.ingestion.document_loader.load_directory:71]: Bỏ qua file Machine_Learning_1905.02197v1_Back to the Future_ Predicting Traffic S.pdf do lỗi: Vui lòng cài đặt pdfplumber: pip install pdfplumber
[2026-07-13 17:42:19] INFO [src.ingestion.document_loader.load_document:48]: Đang trích xuất: Machine_Learning_1905.02199v1_Nonlinear Approximation and _Deep_ ReLU .pdf
[2026-07-13 17:42:19] ERROR [src.ingestion.document_loader.load_directory:71]: Bỏ qua file Machine_Learning_1905.02199v1_Nonlinear Approximation and _Deep_ ReLU .pdf do lỗi: Vui lòng cài đặt pdfplumber: pip install pdfplumber
[2026-07-13 17:42:19] INFO [src.ingestion.document_loader.load_document:48]: Đang trích xuất: Machine_Learning_1905.02219v2_Lessons from Contextual Bandit Learning .pdf
[2026-07-13 17:42:19] ERROR [src.ingestion.document_loader.load_directory:71]: Bỏ qua file Machine_Learning_1905.02219v2_Lessons from Contextual Bandit Learning .pdf do lỗi: Vui lòng cài đặt pdfplumber: pip install pdfplumber
[2026-07-13 17:42:19] INFO [src.ingestion.document_loader.load_document:48]: Đang trích xuất: Machine_Learning_1905.02234v2_Image Matters_ Scalable Detection of Off.pdf
[2026-07-13 17:42:19] ERROR [src.ingestion.document_loader.load_directory:71]: Bỏ qua file Machine_Learning_1905.02234v2_Image Matters_ Scalable Detection of Off.pdf do lỗi: Vui lòng cài đặt pdfplumber: pip install pdfplumber
[2026-07-13 17:42:19] INFO [src.ingestion.document_loader.load_document:48]: Đang trích xuất: Machine_Learning_1905.02259v2_Source Generator Attribution via Inversi.pdf
[2026-07-13 17:42:19] ERROR [src.ingestion.document_loader.load_directory:71]: Bỏ qua file Machine_Learning_1905.02259v2_Source Generator Attribution via Inversi.pdf do lỗi: Vui lòng cài đặt pdfplumber: pip install pdfplumber
[2026-07-13 17:42:19] INFO [src.ingestion.document_loader.load_document:48]: Đang trích xuất: Machine_Learning_1905.02304v1_CrossTrainer_ Practical Domain Adaptatio.pdf
[2026-07-13 17:42:19] ERROR [src.ingestion.document_loader.load_directory:71]: Bỏ qua file Machine_Learning_1905.02304v1_CrossTrainer_ Practical Domain Adaptatio.pdf do lỗi: Vui lòng cài đặt pdfplumber: pip install pdfplumber
[2026-07-13 17:42:19] INFO [src.ingestion.document_loader.load_document:48]: Đang trích xuất: Machine_Learning_1905.02576v1_Regression Equilibrium.pdf
[2026-07-13 17:42:19] ERROR [src.ingestion.document_loader.load_directory:71]: Bỏ qua file Machine_Learning_1905.02576v1_Regression Equilibrium.pdf do lỗi: Vui lòng cài đặt pdfplumber: pip install pdfplumber
[2026-07-13 17:42:19] INFO [src.ingestion.document_loader.load_document:48]: Đang trích xuất: Machine_Learning_1905.02706v2_Learning Unsupervised Multi-View Stereop.pdf
[2026-07-13 17:42:19] ERROR [src.ingestion.document_loader.load_directory:71]: Bỏ qua file Machine_Learning_1905.02706v2_Learning Unsupervised Multi-View Stereop.pdf do lỗi: Vui lòng cài đặt pdfplumber: pip install pdfplumber
[2026-07-13 17:42:19] INFO [src.ingestion.document_loader.load_document:48]: Đang trích xuất: Machine_Learning_1905.02796v1_Collaborative and Privacy-Preserving Mac.pdf
[2026-07-13 17:42:19] ERROR [src.ingestion.document_loader.load_directory:71]: Bỏ qua file Machine_Learning_1905.02796v1_Collaborative and Privacy-Preserving Mac.pdf do lỗi: Vui lòng cài đặt pdfplumber: pip install pdfplumber
[2026-07-13 17:42:19] INFO [src.ingestion.document_loader.load_document:48]: Đang trích xuất: Machine_Learning_1905.02845v1_Feature Selection and Feature Extraction.pdf
[2026-07-13 17:42:19] ERROR [src.ingestion.document_loader.load_directory:71]: Bỏ qua file Machine_Learning_1905.02845v1_Feature Selection and Feature Extraction.pdf do lỗi: Vui lòng cài đặt pdfplumber: pip install pdfplumber
[2026-07-13 17:42:19] INFO [src.ingestion.document_loader.load_document:48]: Đang trích xuất: Machine_Learning_1905.02898v1_A Generative Model for Sampling High-Per.pdf
[2026-07-13 17:42:19] ERROR [src.ingestion.document_loader.load_directory:71]: Bỏ qua file Machine_Learning_1905.02898v1_A Generative Model for Sampling High-Per.pdf do lỗi: Vui lòng cài đặt pdfplumber: pip install pdfplumber
[2026-07-13 17:42:19] INFO [src.ingestion.document_loader.load_document:48]: Đang trích xuất: Machine_Learning_1905.02941v1_Robust Federated Training via Collaborat.pdf
[2026-07-13 17:42:19] ERROR [src.ingestion.document_loader.load_directory:71]: Bỏ qua file Machine_Learning_1905.02941v1_Robust Federated Training via Collaborat.pdf do lỗi: Vui lòng cài đặt pdfplumber: pip install pdfplumber
[2026-07-13 17:42:19] INFO [src.ingestion.document_loader.load_document:48]: Đang trích xuất: Machine_Learning_1905.03028v2_Deep Landscape Forecasting for Real-time.pdf
[2026-07-13 17:42:19] ERROR [src.ingestion.document_loader.load_directory:71]: Bỏ qua file Machine_Learning_1905.03028v2_Deep Landscape Forecasting for Real-time.pdf do lỗi: Vui lòng cài đặt pdfplumber: pip install pdfplumber
[2026-07-13 17:42:19] INFO [src.ingestion.document_loader.load_document:48]: Đang trích xuất: Machine_Learning_1905.03046v1_PiNet_ A Permutation Invariant Graph Neu.pdf
[2026-07-13 17:42:19] ERROR [src.ingestion.document_loader.load_directory:71]: Bỏ qua file Machine_Learning_1905.03046v1_PiNet_ A Permutation Invariant Graph Neu.pdf do lỗi: Vui lòng cài đặt pdfplumber: pip install pdfplumber
[2026-07-13 17:42:19] INFO [src.ingestion.document_loader.load_document:48]: Đang trích xuất: Machine_Learning_1905.03066v3_Training a Fast Object Detector for LiDA.pdf
[2026-07-13 17:42:19] ERROR [src.ingestion.document_loader.load_directory:71]: Bỏ qua file Machine_Learning_1905.03066v3_Training a Fast Object Detector for LiDA.pdf do lỗi: Vui lòng cài đặt pdfplumber: pip install pdfplumber
[2026-07-13 17:42:19] INFO [src.ingestion.document_loader.load_document:48]: Đang trích xuất: Machine_Learning_1905.03218v1_MetaPred_ Meta-Learning for Clinical Ris.pdf
[2026-07-13 17:42:19] ERROR [src.ingestion.document_loader.load_directory:71]: Bỏ qua file Machine_Learning_1905.03218v1_MetaPred_ Meta-Learning for Clinical Ris.pdf do lỗi: Vui lòng cài đặt pdfplumber: pip install pdfplumber
[2026-07-13 17:42:19] INFO [src.ingestion.document_loader.load_document:48]: Đang trích xuất: Machine_Learning_1905.03297v3_Interpretable Subgroup Discovery in Trea.pdf
[2026-07-13 17:42:19] ERROR [src.ingestion.document_loader.load_directory:71]: Bỏ qua file Machine_Learning_1905.03297v3_Interpretable Subgroup Discovery in Trea.pdf do lỗi: Vui lòng cài đặt pdfplumber: pip install pdfplumber
[2026-07-13 17:42:19] INFO [src.ingestion.document_loader.load_document:48]: Đang trích xuất: Machine_Learning_1905.03330v2_Universal Sound Separation.pdf
[2026-07-13 17:42:19] ERROR [src.ingestion.document_loader.load_directory:71]: Bỏ qua file Machine_Learning_1905.03330v2_Universal Sound Separation.pdf do lỗi: Vui lòng cài đặt pdfplumber: pip install pdfplumber
[2026-07-13 17:42:19] INFO [src.ingestion.document_loader.load_document:48]: Đang trích xuất: Machine_Learning_1905.03421v3_Adversarial Image Translation_ Unrestric.pdf
[2026-07-13 17:42:19] ERROR [src.ingestion.document_loader.load_directory:71]: Bỏ qua file Machine_Learning_1905.03421v3_Adversarial Image Translation_ Unrestric.pdf do lỗi: Vui lòng cài đặt pdfplumber: pip install pdfplumber
[2026-07-13 17:42:19] INFO [src.ingestion.document_loader.load_document:48]: Đang trích xuất: Machine_Learning_1906.00495v1_Truncated Cauchy Non-negative Matrix Fac.pdf
[2026-07-13 17:42:19] ERROR [src.ingestion.document_loader.load_directory:71]: Bỏ qua file Machine_Learning_1906.00495v1_Truncated Cauchy Non-negative Matrix Fac.pdf do lỗi: Vui lòng cài đặt pdfplumber: pip install pdfplumber
[2026-07-13 17:42:19] INFO [src.ingestion.document_loader.load_document:48]: Đang trích xuất: Machine_Learning_1906.00532v2_Efficient 8-Bit Quantization of Transfor.pdf
[2026-07-13 17:42:19] ERROR [src.ingestion.document_loader.load_directory:71]: Bỏ qua file Machine_Learning_1906.00532v2_Efficient 8-Bit Quantization of Transfor.pdf do lỗi: Vui lòng cài đặt pdfplumber: pip install pdfplumber
[2026-07-13 17:42:19] INFO [src.ingestion.document_loader.load_document:48]: Đang trích xuất: Machine_Learning_1906.00537v1_Incorporating Biological Knowledge with .pdf
[2026-07-13 17:42:19] ERROR [src.ingestion.document_loader.load_directory:71]: Bỏ qua file Machine_Learning_1906.00537v1_Incorporating Biological Knowledge with .pdf do lỗi: Vui lòng cài đặt pdfplumber: pip install pdfplumber
[2026-07-13 17:42:19] INFO [src.ingestion.document_loader.load_document:48]: Đang trích xuất: Machine_Learning_1906.00555v2_Adversarially Robust Generalization Just.pdf
[2026-07-13 17:42:19] ERROR [src.ingestion.document_loader.load_directory:71]: Bỏ qua file Machine_Learning_1906.00555v2_Adversarially Robust Generalization Just.pdf do lỗi: Vui lòng cài đặt pdfplumber: pip install pdfplumber
[2026-07-13 17:42:19] INFO [src.ingestion.document_loader.load_document:48]: Đang trích xuất: Machine_Learning_1906.00616v4_Domain Adaptation with Optimal Transport.pdf
[2026-07-13 17:42:19] ERROR [src.ingestion.document_loader.load_directory:71]: Bỏ qua file Machine_Learning_1906.00616v4_Domain Adaptation with Optimal Transport.pdf do lỗi: Vui lòng cài đặt pdfplumber: pip install pdfplumber
[2026-07-13 17:42:19] INFO [src.ingestion.document_loader.load_document:48]: Đang trích xuất: Machine_Learning_1906.00618v1_A Direct __tilde_O__1_ε__ Iteration Para.pdf
[2026-07-13 17:42:19] ERROR [src.ingestion.document_loader.load_directory:71]: Bỏ qua file Machine_Learning_1906.00618v1_A Direct __tilde_O__1_ε__ Iteration Para.pdf do lỗi: Vui lòng cài đặt pdfplumber: pip install pdfplumber
[2026-07-13 17:42:19] INFO [src.ingestion.document_loader.load_document:48]: Đang trích xuất: Machine_Learning_1906.00625v1_Decentralized Deep Reinforcement Learnin.pdf
[2026-07-13 17:42:19] ERROR [src.ingestion.document_loader.load_directory:71]: Bỏ qua file Machine_Learning_1906.00625v1_Decentralized Deep Reinforcement Learnin.pdf do lỗi: Vui lòng cài đặt pdfplumber: pip install pdfplumber
[2026-07-13 17:42:19] INFO [src.ingestion.document_loader.load_document:48]: Đang trích xuất: Machine_Learning_1906.00628v2_Fast and Stable Interval Bounds Propagat.pdf
[2026-07-13 17:42:19] ERROR [src.ingestion.document_loader.load_directory:71]: Bỏ qua file Machine_Learning_1906.00628v2_Fast and Stable Interval Bounds Propagat.pdf do lỗi: Vui lòng cài đặt pdfplumber: pip install pdfplumber
[2026-07-13 17:42:19] INFO [src.ingestion.document_loader.load_document:48]: Đang trích xuất: Machine_Learning_1906.00629v2_Computing Valid p-values for Image Segme.pdf
[2026-07-13 17:42:19] ERROR [src.ingestion.document_loader.load_directory:71]: Bỏ qua file Machine_Learning_1906.00629v2_Computing Valid p-values for Image Segme.pdf do lỗi: Vui lòng cài đặt pdfplumber: pip install pdfplumber
[2026-07-13 17:42:19] INFO [src.ingestion.document_loader.load_document:48]: Đang trích xuất: Machine_Learning_1906.00679v1_The Adversarial Machine Learning Conundr.pdf
[2026-07-13 17:42:19] ERROR [src.ingestion.document_loader.load_directory:71]: Bỏ qua file Machine_Learning_1906.00679v1_The Adversarial Machine Learning Conundr.pdf do lỗi: Vui lòng cài đặt pdfplumber: pip install pdfplumber
[2026-07-13 17:42:19] INFO [src.ingestion.document_loader.load_document:48]: Đang trích xuất: Machine_Learning_1906.00825v1_Self-supervised Body Image Acquisition U.pdf
[2026-07-13 17:42:19] ERROR [src.ingestion.document_loader.load_directory:71]: Bỏ qua file Machine_Learning_1906.00825v1_Self-supervised Body Image Acquisition U.pdf do lỗi: Vui lòng cài đặt pdfplumber: pip install pdfplumber
[2026-07-13 17:42:19] INFO [src.ingestion.document_loader.load_document:48]: Đang trích xuất: Machine_Learning_1906.00910v2_Learning Representations by Maximizing M.pdf
[2026-07-13 17:42:19] ERROR [src.ingestion.document_loader.load_directory:71]: Bỏ qua file Machine_Learning_1906.00910v2_Learning Representations by Maximizing M.pdf do lỗi: Vui lòng cài đặt pdfplumber: pip install pdfplumber
[2026-07-13 17:42:19] INFO [src.ingestion.document_loader.load_document:48]: Đang trích xuất: Machine_Learning_1906.00912v1_Temporal Density Extrapolation using a D.pdf
[2026-07-13 17:42:19] ERROR [src.ingestion.document_loader.load_directory:71]: Bỏ qua file Machine_Learning_1906.00912v1_Temporal Density Extrapolation using a D.pdf do lỗi: Vui lòng cài đặt pdfplumber: pip install pdfplumber
[2026-07-13 17:42:19] INFO [src.ingestion.document_loader.load_document:48]: Đang trích xuất: Machine_Learning_1906.00951v1_User Traffic Prediction for Proactive Re.pdf
[2026-07-13 17:42:19] ERROR [src.ingestion.document_loader.load_directory:71]: Bỏ qua file Machine_Learning_1906.00951v1_User Traffic Prediction for Proactive Re.pdf do lỗi: Vui lòng cài đặt pdfplumber: pip install pdfplumber
[2026-07-13 17:42:19] INFO [src.ingestion.document_loader.load_document:48]: Đang trích xuất: Machine_Learning_1906.01026v2_NodeDrop_ A Condition for Reducing Netwo.pdf
[2026-07-13 17:42:19] ERROR [src.ingestion.document_loader.load_directory:71]: Bỏ qua file Machine_Learning_1906.01026v2_NodeDrop_ A Condition for Reducing Netwo.pdf do lỗi: Vui lòng cài đặt pdfplumber: pip install pdfplumber
[2026-07-13 17:42:19] INFO [src.ingestion.document_loader.load_document:48]: Đang trích xuất: Machine_Learning_1906.01040v3_A Surprising Density of Illusionable Nat.pdf
[2026-07-13 17:42:19] ERROR [src.ingestion.document_loader.load_directory:71]: Bỏ qua file Machine_Learning_1906.01040v3_A Surprising Density of Illusionable Nat.pdf do lỗi: Vui lòng cài đặt pdfplumber: pip install pdfplumber
[2026-07-13 17:42:19] INFO [src.ingestion.document_loader.load_document:48]: Đang trích xuất: Machine_Learning_1906.01078v2_Increasing Compactness Of Deep Learning .pdf
[2026-07-13 17:42:19] ERROR [src.ingestion.document_loader.load_directory:71]: Bỏ qua file Machine_Learning_1906.01078v2_Increasing Compactness Of Deep Learning .pdf do lỗi: Vui lòng cài đặt pdfplumber: pip install pdfplumber
[2026-07-13 17:42:19] INFO [src.ingestion.document_loader.load_document:48]: Đang trích xuất: Machine_Learning_1906.01103v2_Attractive versus truncated repulsive su.pdf
[2026-07-13 17:42:19] ERROR [src.ingestion.document_loader.load_directory:71]: Bỏ qua file Machine_Learning_1906.01103v2_Attractive versus truncated repulsive su.pdf do lỗi: Vui lòng cài đặt pdfplumber: pip install pdfplumber
[2026-07-13 17:42:19] INFO [src.ingestion.document_loader.load_document:48]: Đang trích xuất: Machine_Learning_1906.01115v3_Convergence Rate of __mathcal_O__1_k__ f.pdf
[2026-07-13 17:42:19] ERROR [src.ingestion.document_loader.load_directory:71]: Bỏ qua file Machine_Learning_1906.01115v3_Convergence Rate of __mathcal_O__1_k__ f.pdf do lỗi: Vui lòng cài đặt pdfplumber: pip install pdfplumber
[2026-07-13 17:42:19] INFO [src.ingestion.document_loader.load_document:48]: Đang trích xuất: Machine_Learning_1906.01119v1_Analysis and Improvement of Adversarial .pdf
[2026-07-13 17:42:19] ERROR [src.ingestion.document_loader.load_directory:71]: Bỏ qua file Machine_Learning_1906.01119v1_Analysis and Improvement of Adversarial .pdf do lỗi: Vui lòng cài đặt pdfplumber: pip install pdfplumber
[2026-07-13 17:42:19] INFO [src.ingestion.document_loader.load_document:48]: Đang trích xuất: Machine_Learning_1906.01121v1_Adversarial Exploitation of Policy Imita.pdf
[2026-07-13 17:42:19] ERROR [src.ingestion.document_loader.load_directory:71]: Bỏ qua file Machine_Learning_1906.01121v1_Adversarial Exploitation of Policy Imita.pdf do lỗi: Vui lòng cài đặt pdfplumber: pip install pdfplumber
[2026-07-13 17:42:19] INFO [src.ingestion.document_loader.load_document:48]: Đang trích xuất: Machine_Learning_1906.01126v1_Sequential Triggers for Watermarking of .pdf
[2026-07-13 17:42:19] ERROR [src.ingestion.document_loader.load_directory:71]: Bỏ qua file Machine_Learning_1906.01126v1_Sequential Triggers for Watermarking of .pdf do lỗi: Vui lòng cài đặt pdfplumber: pip install pdfplumber
[2026-07-13 17:42:19] INFO [src.ingestion.document_loader.load_document:48]: Đang trích xuất: Machine_Learning_1906.01131v1_Hybrid Machine Learning Forecasts for th.pdf
[2026-07-13 17:42:19] ERROR [src.ingestion.document_loader.load_directory:71]: Bỏ qua file Machine_Learning_1906.01131v1_Hybrid Machine Learning Forecasts for th.pdf do lỗi: Vui lòng cài đặt pdfplumber: pip install pdfplumber
[2026-07-13 17:42:19] INFO [src.ingestion.document_loader.load_document:48]: Đang trích xuất: Machine_Learning_1906.01139v2_On the number of variables to use in pri.pdf
[2026-07-13 17:42:19] ERROR [src.ingestion.document_loader.load_directory:71]: Bỏ qua file Machine_Learning_1906.01139v2_On the number of variables to use in pri.pdf do lỗi: Vui lòng cài đặt pdfplumber: pip install pdfplumber
[2026-07-13 17:42:19] INFO [src.ingestion.document_loader.load_document:48]: Đang trích xuất: Machine_Learning_1906.01160v1_Transfer Learning with intelligent train.pdf
[2026-07-13 17:42:19] ERROR [src.ingestion.document_loader.load_directory:71]: Bỏ qua file Machine_Learning_1906.01160v1_Transfer Learning with intelligent train.pdf do lỗi: Vui lòng cài đặt pdfplumber: pip install pdfplumber
[2026-07-13 17:42:19] INFO [src.ingestion.document_loader.load_document:48]: Đang trích xuất: Machine_Learning_1906.01161v2_Resolving Gendered Ambiguous Pronouns wi.pdf
[2026-07-13 17:42:19] ERROR [src.ingestion.document_loader.load_directory:71]: Bỏ qua file Machine_Learning_1906.01161v2_Resolving Gendered Ambiguous Pronouns wi.pdf do lỗi: Vui lòng cài đặt pdfplumber: pip install pdfplumber
[2026-07-13 17:42:19] INFO [src.ingestion.document_loader.load_document:48]: Đang trích xuất: Machine_Learning_1906.01195v1_Learning Attention-based Embeddings for .pdf
[2026-07-13 17:42:19] ERROR [src.ingestion.document_loader.load_directory:71]: Bỏ qua file Machine_Learning_1906.01195v1_Learning Attention-based Embeddings for .pdf do lỗi: Vui lòng cài đặt pdfplumber: pip install pdfplumber
[2026-07-13 17:42:19] INFO [src.ingestion.document_loader.load_document:48]: Đang trích xuất: Machine_Learning_1906.01277v2_Wasserstein Weisfeiler-Lehman Graph Kern.pdf
[2026-07-13 17:42:19] ERROR [src.ingestion.document_loader.load_directory:71]: Bỏ qua file Machine_Learning_1906.01277v2_Wasserstein Weisfeiler-Lehman Graph Kern.pdf do lỗi: Vui lòng cài đặt pdfplumber: pip install pdfplumber
[2026-07-13 17:42:19] INFO [src.ingestion.document_loader.load_document:48]: Đang trích xuất: Machine_Learning_1906.01288v3_Information Competing Process for Learni.pdf
[2026-07-13 17:42:19] ERROR [src.ingestion.document_loader.load_directory:71]: Bỏ qua file Machine_Learning_1906.01288v3_Information Competing Process for Learni.pdf do lỗi: Vui lòng cài đặt pdfplumber: pip install pdfplumber
[2026-07-13 17:42:19] INFO [src.ingestion.document_loader.load_document:48]: Đang trích xuất: Machine_Learning_1906.01292v1_Optimal Unsupervised Domain Translation.pdf
[2026-07-13 17:42:19] ERROR [src.ingestion.document_loader.load_directory:71]: Bỏ qua file Machine_Learning_1906.01292v1_Optimal Unsupervised Domain Translation.pdf do lỗi: Vui lòng cài đặt pdfplumber: pip install pdfplumber
[2026-07-13 17:42:19] INFO [src.ingestion.document_loader.load_document:48]: Đang trích xuất: Machine_Learning_1906.01374v1_Autonomous Reinforcement Learning of Mul.pdf
[2026-07-13 17:42:19] ERROR [src.ingestion.document_loader.load_directory:71]: Bỏ qua file Machine_Learning_1906.01374v1_Autonomous Reinforcement Learning of Mul.pdf do lỗi: Vui lòng cài đặt pdfplumber: pip install pdfplumber
[2026-07-13 17:42:19] INFO [src.ingestion.document_loader.load_document:48]: Đang trích xuất: Machine_Learning_1906.01407v1_RL4health_ Crowdsourcing Reinforcement L.pdf
[2026-07-13 17:42:19] ERROR [src.ingestion.document_loader.load_directory:71]: Bỏ qua file Machine_Learning_1906.01407v1_RL4health_ Crowdsourcing Reinforcement L.pdf do lỗi: Vui lòng cài đặt pdfplumber: pip install pdfplumber
[2026-07-13 17:42:19] INFO [src.ingestion.document_loader.load_document:48]: Đang trích xuất: Machine_Learning_1906.01432v1_Knowledge-augmented Column Networks_ Gui.pdf
[2026-07-13 17:42:19] ERROR [src.ingestion.document_loader.load_directory:71]: Bỏ qua file Machine_Learning_1906.01432v1_Knowledge-augmented Column Networks_ Gui.pdf do lỗi: Vui lòng cài đặt pdfplumber: pip install pdfplumber
[2026-07-13 17:42:19] INFO [src.ingestion.document_loader.load_document:48]: Đang trích xuất: Machine_Learning_1906.01470v3_Options as responses_ Grounding behaviou.pdf
[2026-07-13 17:42:19] ERROR [src.ingestion.document_loader.load_directory:71]: Bỏ qua file Machine_Learning_1906.01470v3_Options as responses_ Grounding behaviou.pdf do lỗi: Vui lòng cài đặt pdfplumber: pip install pdfplumber
[2026-07-13 17:42:19] INFO [src.ingestion.document_loader.load_document:48]: Đang trích xuất: Machine_Learning_1906.01504v1_Embedded hyper-parameter tuning by Simul.pdf
[2026-07-13 17:42:19] ERROR [src.ingestion.document_loader.load_directory:71]: Bỏ qua file Machine_Learning_1906.01504v1_Embedded hyper-parameter tuning by Simul.pdf do lỗi: Vui lòng cài đặt pdfplumber: pip install pdfplumber
[2026-07-13 17:42:19] INFO [src.ingestion.document_loader.load_document:48]: Đang trích xuất: Machine_Learning_1906.01510v1_Accelerating Physics-Based Simulations U.pdf
[2026-07-13 17:42:19] ERROR [src.ingestion.document_loader.load_directory:71]: Bỏ qua file Machine_Learning_1906.01510v1_Accelerating Physics-Based Simulations U.pdf do lỗi: Vui lòng cài đặt pdfplumber: pip install pdfplumber
[2026-07-13 17:42:19] INFO [src.ingestion.document_loader.load_document:48]: Đang trích xuất: Machine_Learning_1906.01524v1_Text-based Editing of Talking-head Video.pdf
[2026-07-13 17:42:19] ERROR [src.ingestion.document_loader.load_directory:71]: Bỏ qua file Machine_Learning_1906.01524v1_Text-based Editing of Talking-head Video.pdf do lỗi: Vui lòng cài đặt pdfplumber: pip install pdfplumber
[2026-07-13 17:42:19] INFO [src.ingestion.document_loader.load_document:48]: Đang trích xuất: Machine_Learning_1906.01552v1_Assessing Disparate Impacts of Personali.pdf
[2026-07-13 17:42:19] ERROR [src.ingestion.document_loader.load_directory:71]: Bỏ qua file Machine_Learning_1906.01552v1_Assessing Disparate Impacts of Personali.pdf do lỗi: Vui lòng cài đặt pdfplumber: pip install pdfplumber
[2026-07-13 17:42:19] INFO [src.ingestion.document_loader.load_document:48]: Đang trích xuất: Machine_Learning_1906.01600v2_Nemesyst_ A Hybrid Parallelism Deep Lear.pdf
[2026-07-13 17:42:19] ERROR [src.ingestion.document_loader.load_directory:71]: Bỏ qua file Machine_Learning_1906.01600v2_Nemesyst_ A Hybrid Parallelism Deep Lear.pdf do lỗi: Vui lòng cài đặt pdfplumber: pip install pdfplumber
[2026-07-13 17:42:19] INFO [src.ingestion.document_loader.load_document:48]: Đang trích xuất: Machine_Learning_1906.01629v3_Exact Combinatorial Optimization with Gr.pdf
[2026-07-13 17:42:19] ERROR [src.ingestion.document_loader.load_directory:71]: Bỏ qua file Machine_Learning_1906.01629v3_Exact Combinatorial Optimization with Gr.pdf do lỗi: Vui lòng cài đặt pdfplumber: pip install pdfplumber
[2026-07-13 17:42:19] INFO [src.ingestion.document_loader.load_document:48]: Đang trích xuất: Machine_Learning_1906.01668v1_Neuromorphic Architecture Optimization f.pdf
[2026-07-13 17:42:19] ERROR [src.ingestion.document_loader.load_directory:71]: Bỏ qua file Machine_Learning_1906.01668v1_Neuromorphic Architecture Optimization f.pdf do lỗi: Vui lòng cài đặt pdfplumber: pip install pdfplumber
[2026-07-13 17:42:19] INFO [src.ingestion.document_loader.load_document:48]: Đang trích xuất: Machine_Learning_1906.01726v1_An Introduction to a New Text Classifica.pdf
[2026-07-13 17:42:19] ERROR [src.ingestion.document_loader.load_directory:71]: Bỏ qua file Machine_Learning_1906.01726v1_An Introduction to a New Text Classifica.pdf do lỗi: Vui lòng cài đặt pdfplumber: pip install pdfplumber
[2026-07-13 17:42:19] INFO [src.ingestion.document_loader.load_document:48]: Đang trích xuất: Machine_Learning_2005.13420v2_Discretize-Optimize vs_ Optimize-Discret.pdf
[2026-07-13 17:42:19] ERROR [src.ingestion.document_loader.load_directory:71]: Bỏ qua file Machine_Learning_2005.13420v2_Discretize-Optimize vs_ Optimize-Discret.pdf do lỗi: Vui lòng cài đặt pdfplumber: pip install pdfplumber
[2026-07-13 17:42:19] INFO [src.ingestion.document_loader.load_document:48]: Đang trích xuất: Machine_Learning_2005.14230v1_Algorithm Selection Framework for Cyber .pdf
[2026-07-13 17:42:19] ERROR [src.ingestion.document_loader.load_directory:71]: Bỏ qua file Machine_Learning_2005.14230v1_Algorithm Selection Framework for Cyber .pdf do lỗi: Vui lòng cài đặt pdfplumber: pip install pdfplumber
[2026-07-13 17:42:19] INFO [src.ingestion.document_loader.load_document:48]: Đang trích xuất: Machine_Learning_2005.14256v1_Attention_ to Better Stand on the Should.pdf
[2026-07-13 17:42:19] ERROR [src.ingestion.document_loader.load_directory:71]: Bỏ qua file Machine_Learning_2005.14256v1_Attention_ to Better Stand on the Should.pdf do lỗi: Vui lòng cài đặt pdfplumber: pip install pdfplumber
[2026-07-13 17:42:19] INFO [src.ingestion.document_loader.load_document:48]: Đang trích xuất: Machine_Learning_2005.14419v2_Reinforcement Learning.pdf
[2026-07-13 17:42:19] ERROR [src.ingestion.document_loader.load_directory:71]: Bỏ qua file Machine_Learning_2005.14419v2_Reinforcement Learning.pdf do lỗi: Vui lòng cài đặt pdfplumber: pip install pdfplumber
[2026-07-13 17:42:19] INFO [src.ingestion.document_loader.load_document:48]: Đang trích xuất: Machine_Learning_2005.14621v1_Fair Classification via Unconstrained Op.pdf
[2026-07-13 17:42:19] ERROR [src.ingestion.document_loader.load_directory:71]: Bỏ qua file Machine_Learning_2005.14621v1_Fair Classification via Unconstrained Op.pdf do lỗi: Vui lòng cài đặt pdfplumber: pip install pdfplumber
[2026-07-13 17:42:19] INFO [src.ingestion.document_loader.load_document:48]: Đang trích xuất: Machine_Learning_2005.14627v1_Detection of Bangla Fake News using MNB .pdf
[2026-07-13 17:42:19] ERROR [src.ingestion.document_loader.load_directory:71]: Bỏ qua file Machine_Learning_2005.14627v1_Detection of Bangla Fake News using MNB .pdf do lỗi: Vui lòng cài đặt pdfplumber: pip install pdfplumber
[2026-07-13 17:42:19] INFO [src.ingestion.document_loader.load_document:48]: Đang trích xuất: Machine_Learning_2005.14683v1_A Process for the Evaluation of Node Emb.pdf
[2026-07-13 17:42:19] ERROR [src.ingestion.document_loader.load_directory:71]: Bỏ qua file Machine_Learning_2005.14683v1_A Process for the Evaluation of Node Emb.pdf do lỗi: Vui lòng cài đặt pdfplumber: pip install pdfplumber
[2026-07-13 17:42:19] INFO [src.ingestion.document_loader.load_document:48]: Đang trích xuất: Machine_Learning_2006.00027v1_Glaucoma Detection From Raw Circumapilla.pdf
[2026-07-13 17:42:19] ERROR [src.ingestion.document_loader.load_directory:71]: Bỏ qua file Machine_Learning_2006.00027v1_Glaucoma Detection From Raw Circumapilla.pdf do lỗi: Vui lòng cài đặt pdfplumber: pip install pdfplumber
[2026-07-13 17:42:19] INFO [src.ingestion.document_loader.load_document:48]: Đang trích xuất: Machine_Learning_2006.00052v1_Stance Prediction for Contemporary Issue.pdf
[2026-07-13 17:42:19] ERROR [src.ingestion.document_loader.load_directory:71]: Bỏ qua file Machine_Learning_2006.00052v1_Stance Prediction for Contemporary Issue.pdf do lỗi: Vui lòng cài đặt pdfplumber: pip install pdfplumber
[2026-07-13 17:42:19] INFO [src.ingestion.document_loader.load_document:48]: Đang trích xuất: Machine_Learning_2006.00067v2_Automated Measurements of Key Morphologi.pdf
[2026-07-13 17:42:19] ERROR [src.ingestion.document_loader.load_directory:71]: Bỏ qua file Machine_Learning_2006.00067v2_Automated Measurements of Key Morphologi.pdf do lỗi: Vui lòng cài đặt pdfplumber: pip install pdfplumber
[2026-07-13 17:42:19] INFO [src.ingestion.document_loader.load_document:48]: Đang trích xuất: Machine_Learning_2006.00112v2_Approximating the Ideal Observer for joi.pdf
[2026-07-13 17:42:19] ERROR [src.ingestion.document_loader.load_directory:71]: Bỏ qua file Machine_Learning_2006.00112v2_Approximating the Ideal Observer for joi.pdf do lỗi: Vui lòng cài đặt pdfplumber: pip install pdfplumber
[2026-07-13 17:42:19] INFO [src.ingestion.document_loader.load_document:48]: Đang trích xuất: Machine_Learning_2006.00423v1_A New Accelerated Stochastic Gradient Me.pdf
[2026-07-13 17:42:19] ERROR [src.ingestion.document_loader.load_directory:71]: Bỏ qua file Machine_Learning_2006.00423v1_A New Accelerated Stochastic Gradient Me.pdf do lỗi: Vui lòng cài đặt pdfplumber: pip install pdfplumber
[2026-07-13 17:42:19] INFO [src.ingestion.document_loader.load_document:48]: Đang trích xuất: Machine_Learning_2006.00459v1_SANA _ Sentiment Analysis on Newspapers .pdf
[2026-07-13 17:42:19] ERROR [src.ingestion.document_loader.load_directory:71]: Bỏ qua file Machine_Learning_2006.00459v1_SANA _ Sentiment Analysis on Newspapers .pdf do lỗi: Vui lòng cài đặt pdfplumber: pip install pdfplumber
[2026-07-13 17:42:19] INFO [src.ingestion.document_loader.load_document:48]: Đang trích xuất: Machine_Learning_2006.00475v3_Improved Regret for Zeroth-Order Adversa.pdf
[2026-07-13 17:42:19] ERROR [src.ingestion.document_loader.load_directory:71]: Bỏ qua file Machine_Learning_2006.00475v3_Improved Regret for Zeroth-Order Adversa.pdf do lỗi: Vui lòng cài đặt pdfplumber: pip install pdfplumber
[2026-07-13 17:42:19] INFO [src.ingestion.document_loader.load_document:48]: Đang trích xuất: Machine_Learning_2006.00533v1_Benchmarking BioRelEx for Entity Tagging.pdf
[2026-07-13 17:42:19] ERROR [src.ingestion.document_loader.load_directory:71]: Bỏ qua file Machine_Learning_2006.00533v1_Benchmarking BioRelEx for Entity Tagging.pdf do lỗi: Vui lòng cài đặt pdfplumber: pip install pdfplumber
[2026-07-13 17:42:19] INFO [src.ingestion.document_loader.load_document:48]: Đang trích xuất: Machine_Learning_2006.00727v1_Using Generative Models for Pediatric wb.pdf
[2026-07-13 17:42:19] ERROR [src.ingestion.document_loader.load_directory:71]: Bỏ qua file Machine_Learning_2006.00727v1_Using Generative Models for Pediatric wb.pdf do lỗi: Vui lòng cài đặt pdfplumber: pip install pdfplumber
[2026-07-13 17:42:19] INFO [src.ingestion.document_loader.load_document:48]: Đang trích xuất: Machine_Learning_2012.10040v1_Robustness to Spurious Correlations in T.pdf
[2026-07-13 17:42:19] ERROR [src.ingestion.document_loader.load_directory:71]: Bỏ qua file Machine_Learning_2012.10040v1_Robustness to Spurious Correlations in T.pdf do lỗi: Vui lòng cài đặt pdfplumber: pip install pdfplumber
[2026-07-13 17:42:19] INFO [src.ingestion.document_loader.load_document:48]: Đang trích xuất: Machine_Learning_2012.10056v1_Transfer Learning Based Automatic Model .pdf
[2026-07-13 17:42:19] ERROR [src.ingestion.document_loader.load_directory:71]: Bỏ qua file Machine_Learning_2012.10056v1_Transfer Learning Based Automatic Model .pdf do lỗi: Vui lòng cài đặt pdfplumber: pip install pdfplumber
[2026-07-13 17:42:19] INFO [src.ingestion.document_loader.load_document:48]: Đang trích xuất: Machine_Learning_2012.11066v2_Fairness_ Welfare_ and Equity in Persona.pdf
[2026-07-13 17:42:19] ERROR [src.ingestion.document_loader.load_directory:71]: Bỏ qua file Machine_Learning_2012.11066v2_Fairness_ Welfare_ and Equity in Persona.pdf do lỗi: Vui lòng cài đặt pdfplumber: pip install pdfplumber
[2026-07-13 17:42:19] INFO [src.ingestion.document_loader.load_document:48]: Đang trích xuất: Machine_Learning_2012.11147v1_Hop-Hop Relation-aware Graph Neural Netw.pdf
[2026-07-13 17:42:19] ERROR [src.ingestion.document_loader.load_directory:71]: Bỏ qua file Machine_Learning_2012.11147v1_Hop-Hop Relation-aware Graph Neural Netw.pdf do lỗi: Vui lòng cài đặt pdfplumber: pip install pdfplumber
[2026-07-13 17:42:19] INFO [src.ingestion.document_loader.load_document:48]: Đang trích xuất: Machine_Learning_2012.11195v1_Personalized fall detection monitoring s.pdf
[2026-07-13 17:42:19] ERROR [src.ingestion.document_loader.load_directory:71]: Bỏ qua file Machine_Learning_2012.11195v1_Personalized fall detection monitoring s.pdf do lỗi: Vui lòng cài đặt pdfplumber: pip install pdfplumber
[2026-07-13 17:42:19] INFO [src.ingestion.document_loader.load_document:48]: Đang trích xuất: Machine_Learning_2012.11197v1_Neural Joint Entropy Estimation.pdf
[2026-07-13 17:42:19] ERROR [src.ingestion.document_loader.load_directory:71]: Bỏ qua file Machine_Learning_2012.11197v1_Neural Joint Entropy Estimation.pdf do lỗi: Vui lòng cài đặt pdfplumber: pip install pdfplumber
[2026-07-13 17:42:19] INFO [src.ingestion.document_loader.load_document:48]: Đang trích xuất: Machine_Learning_2012.11325v1_Detecting Botnet Attacks in IoT Environm.pdf
[2026-07-13 17:42:19] ERROR [src.ingestion.document_loader.load_directory:71]: Bỏ qua file Machine_Learning_2012.11325v1_Detecting Botnet Attacks in IoT Environm.pdf do lỗi: Vui lòng cài đặt pdfplumber: pip install pdfplumber
[2026-07-13 17:42:19] INFO [src.ingestion.document_loader.load_document:48]: Đang trích xuất: Machine_Learning_2012.11327v1_Collaborative residual learners for auto.pdf
[2026-07-13 17:42:19] ERROR [src.ingestion.document_loader.load_directory:71]: Bỏ qua file Machine_Learning_2012.11327v1_Collaborative residual learners for auto.pdf do lỗi: Vui lòng cài đặt pdfplumber: pip install pdfplumber
[2026-07-13 17:42:19] INFO [src.ingestion.document_loader.load_document:48]: Đang trích xuất: Machine_Learning_2012.11333v1_Ensemble model for pre-discharge icd10 c.pdf
[2026-07-13 17:42:19] ERROR [src.ingestion.document_loader.load_directory:71]: Bỏ qua file Machine_Learning_2012.11333v1_Ensemble model for pre-discharge icd10 c.pdf do lỗi: Vui lòng cài đặt pdfplumber: pip install pdfplumber
[2026-07-13 17:42:19] INFO [src.ingestion.document_loader.load_document:48]: Đang trích xuất: Machine_Learning_2012.11337v1_Single-level Optimization For Differenti.pdf
[2026-07-13 17:42:19] ERROR [src.ingestion.document_loader.load_directory:71]: Bỏ qua file Machine_Learning_2012.11337v1_Single-level Optimization For Differenti.pdf do lỗi: Vui lòng cài đặt pdfplumber: pip install pdfplumber
[2026-07-13 17:42:19] INFO [src.ingestion.document_loader.load_document:48]: Đang trích xuất: Machine_Learning_2012.11400v2_Unifying Homophily and Heterophily Netwo.pdf
[2026-07-13 17:42:19] ERROR [src.ingestion.document_loader.load_directory:71]: Bỏ qua file Machine_Learning_2012.11400v2_Unifying Homophily and Heterophily Netwo.pdf do lỗi: Vui lòng cài đặt pdfplumber: pip install pdfplumber
[2026-07-13 17:42:19] INFO [src.ingestion.document_loader.load_document:48]: Đang trích xuất: Machine_Learning_2012.11510v1_Design Rule Checking with a CNN Based Fe.pdf
[2026-07-13 17:42:19] ERROR [src.ingestion.document_loader.load_directory:71]: Bỏ qua file Machine_Learning_2012.11510v1_Design Rule Checking with a CNN Based Fe.pdf do lỗi: Vui lòng cài đặt pdfplumber: pip install pdfplumber
[2026-07-13 17:42:19] INFO [src.ingestion.document_loader.load_document:48]: Đang trích xuất: Machine_Learning_2012.11638v1_Unsupervised in-distribution anomaly det.pdf
[2026-07-13 17:42:19] ERROR [src.ingestion.document_loader.load_directory:71]: Bỏ qua file Machine_Learning_2012.11638v1_Unsupervised in-distribution anomaly det.pdf do lỗi: Vui lòng cài đặt pdfplumber: pip install pdfplumber
[2026-07-13 17:42:19] INFO [src.ingestion.document_loader.load_document:48]: Đang trích xuất: Machine_Learning_2012.12056v1_Data Assimilation in the Latent Space of.pdf
[2026-07-13 17:42:19] ERROR [src.ingestion.document_loader.load_directory:71]: Bỏ qua file Machine_Learning_2012.12056v1_Data Assimilation in the Latent Space of.pdf do lỗi: Vui lòng cài đặt pdfplumber: pip install pdfplumber
[2026-07-13 17:42:19] INFO [src.ingestion.document_loader.load_document:48]: Đang trích xuất: Machine_Learning_2012.12089v1_Prediction of Chronic Kidney Disease Usi.pdf
[2026-07-13 17:42:19] ERROR [src.ingestion.document_loader.load_directory:71]: Bỏ qua file Machine_Learning_2012.12089v1_Prediction of Chronic Kidney Disease Usi.pdf do lỗi: Vui lòng cài đặt pdfplumber: pip install pdfplumber
[2026-07-13 17:42:19] INFO [src.ingestion.document_loader.load_document:48]: Đang trích xuất: Machine_Learning_2012.12123v1_Machine Learning Algorithm for NLOS Mill.pdf
[2026-07-13 17:42:19] ERROR [src.ingestion.document_loader.load_directory:71]: Bỏ qua file Machine_Learning_2012.12123v1_Machine Learning Algorithm for NLOS Mill.pdf do lỗi: Vui lòng cài đặt pdfplumber: pip install pdfplumber
[2026-07-13 17:42:19] INFO [src.ingestion.document_loader.load_document:48]: Đang trích xuất: Machine_Learning_2012.12137v1_Projected Stochastic Gradient Langevin A.pdf
[2026-07-13 17:42:19] ERROR [src.ingestion.document_loader.load_directory:71]: Bỏ qua file Machine_Learning_2012.12137v1_Projected Stochastic Gradient Langevin A.pdf do lỗi: Vui lòng cài đặt pdfplumber: pip install pdfplumber
[2026-07-13 17:42:19] INFO [src.ingestion.document_loader.load_document:48]: Đang trích xuất: Machine_Learning_2012.12139v1_Image to Bengali Caption Generation Usin.pdf
[2026-07-13 17:42:19] ERROR [src.ingestion.document_loader.load_directory:71]: Bỏ qua file Machine_Learning_2012.12139v1_Image to Bengali Caption Generation Usin.pdf do lỗi: Vui lòng cài đặt pdfplumber: pip install pdfplumber
[2026-07-13 17:42:19] INFO [src.ingestion.document_loader.load_document:48]: Đang trích xuất: Machine_Learning_2012.12142v1_High-Speed Robot Navigation using Predic.pdf
[2026-07-13 17:42:19] ERROR [src.ingestion.document_loader.load_directory:71]: Bỏ qua file Machine_Learning_2012.12142v1_High-Speed Robot Navigation using Predic.pdf do lỗi: Vui lòng cài đặt pdfplumber: pip install pdfplumber
[2026-07-13 17:42:19] INFO [src.ingestion.document_loader.load_document:48]: Đang trích xuất: Machine_Learning_2012.12308v1_Randomized RX for target detection.pdf
[2026-07-13 17:42:19] ERROR [src.ingestion.document_loader.load_directory:71]: Bỏ qua file Machine_Learning_2012.12308v1_Randomized RX for target detection.pdf do lỗi: Vui lòng cài đặt pdfplumber: pip install pdfplumber
[2026-07-13 17:42:19] INFO [src.ingestion.document_loader.load_document:48]: Đang trích xuất: Machine_Learning_2012.12373v1_The Life and Death of SSDs and HDDs_ Sim.pdf
[2026-07-13 17:42:19] ERROR [src.ingestion.document_loader.load_directory:71]: Bỏ qua file Machine_Learning_2012.12373v1_The Life and Death of SSDs and HDDs_ Sim.pdf do lỗi: Vui lòng cài đặt pdfplumber: pip install pdfplumber
[2026-07-13 17:42:19] INFO [src.ingestion.document_loader.load_document:48]: Đang trích xuất: Machine_Learning_2012.12718v1_Compliance Generation for Privacy Docume.pdf
[2026-07-13 17:42:19] ERROR [src.ingestion.document_loader.load_directory:71]: Bỏ qua file Machine_Learning_2012.12718v1_Compliance Generation for Privacy Docume.pdf do lỗi: Vui lòng cài đặt pdfplumber: pip install pdfplumber
[2026-07-13 17:42:19] INFO [src.ingestion.document_loader.load_document:48]: Đang trích xuất: Machine_Learning_2012.12725v1_Learning-based Prediction and Uplink Ret.pdf
[2026-07-13 17:42:19] ERROR [src.ingestion.document_loader.load_directory:71]: Bỏ qua file Machine_Learning_2012.12725v1_Learning-based Prediction and Uplink Ret.pdf do lỗi: Vui lòng cài đặt pdfplumber: pip install pdfplumber
[2026-07-13 17:42:19] INFO [src.ingestion.document_loader.load_document:48]: Đang trích xuất: Machine_Learning_2012.12775v1_Adaptive Precision Training for Resource.pdf
[2026-07-13 17:42:19] ERROR [src.ingestion.document_loader.load_directory:71]: Bỏ qua file Machine_Learning_2012.12775v1_Adaptive Precision Training for Resource.pdf do lỗi: Vui lòng cài đặt pdfplumber: pip install pdfplumber
[2026-07-13 17:42:19] INFO [src.ingestion.document_loader.load_document:48]: Đang trích xuất: Machine_Learning_2012.13028v1_General Domain Adaptation Through Propor.pdf
[2026-07-13 17:42:19] ERROR [src.ingestion.document_loader.load_directory:71]: Bỏ qua file Machine_Learning_2012.13028v1_General Domain Adaptation Through Propor.pdf do lỗi: Vui lòng cài đặt pdfplumber: pip install pdfplumber
[2026-07-13 17:42:19] INFO [src.ingestion.document_loader.load_document:48]: Đang trích xuất: Machine_Learning_2012.13096v1_Wheel-Rail Interface Condition Estimatio.pdf
[2026-07-13 17:42:19] ERROR [src.ingestion.document_loader.load_directory:71]: Bỏ qua file Machine_Learning_2012.13096v1_Wheel-Rail Interface Condition Estimatio.pdf do lỗi: Vui lòng cài đặt pdfplumber: pip install pdfplumber
[2026-07-13 17:42:19] INFO [src.ingestion.document_loader.load_document:48]: Đang trích xuất: Machine_Learning_2012.13115v1_Upper Confidence Bounds for Combining St.pdf
[2026-07-13 17:42:19] ERROR [src.ingestion.document_loader.load_directory:71]: Bỏ qua file Machine_Learning_2012.13115v1_Upper Confidence Bounds for Combining St.pdf do lỗi: Vui lòng cài đặt pdfplumber: pip install pdfplumber
[2026-07-13 17:42:19] INFO [src.ingestion.document_loader.load_document:48]: Đang trích xuất: Machine_Learning_2012.13391v2_I like fish_ especially dolphins_ Addres.pdf
[2026-07-13 17:42:19] ERROR [src.ingestion.document_loader.load_directory:71]: Bỏ qua file Machine_Learning_2012.13391v2_I like fish_ especially dolphins_ Addres.pdf do lỗi: Vui lòng cài đặt pdfplumber: pip install pdfplumber
[2026-07-13 17:42:19] INFO [src.ingestion.document_loader.load_document:48]: Đang trích xuất: Machine_Learning_2012.13677v1_Toward Compact Data from Big Data.pdf
[2026-07-13 17:42:19] ERROR [src.ingestion.document_loader.load_directory:71]: Bỏ qua file Machine_Learning_2012.13677v1_Toward Compact Data from Big Data.pdf do lỗi: Vui lòng cài đặt pdfplumber: pip install pdfplumber
[2026-07-13 17:42:19] INFO [src.ingestion.document_loader.load_document:48]: Đang trích xuất: Machine_Learning_2012.13690v1_One-Shot Object Localization Using Learn.pdf
[2026-07-13 17:42:19] ERROR [src.ingestion.document_loader.load_directory:71]: Bỏ qua file Machine_Learning_2012.13690v1_One-Shot Object Localization Using Learn.pdf do lỗi: Vui lòng cài đặt pdfplumber: pip install pdfplumber
[2026-07-13 17:42:19] INFO [src.ingestion.document_loader.load_document:48]: Đang trích xuất: Machine_Learning_2012.14005v1_Neural document expansion for ad-hoc inf.pdf
[2026-07-13 17:42:19] ERROR [src.ingestion.document_loader.load_directory:71]: Bỏ qua file Machine_Learning_2012.14005v1_Neural document expansion for ad-hoc inf.pdf do lỗi: Vui lòng cài đặt pdfplumber: pip install pdfplumber
[2026-07-13 17:42:19] INFO [src.ingestion.document_loader.load_document:48]: Đang trích xuất: Machine_Learning_2012.14043v1_Blackwell Online Learning for Markov Dec.pdf
[2026-07-13 17:42:19] ERROR [src.ingestion.document_loader.load_directory:71]: Bỏ qua file Machine_Learning_2012.14043v1_Blackwell Online Learning for Markov Dec.pdf do lỗi: Vui lòng cài đặt pdfplumber: pip install pdfplumber
[2026-07-13 17:42:19] INFO [src.ingestion.document_loader.load_document:48]: Đang trích xuất: Machine_Learning_2012.14065v1_Deep Learning with Heterogeneous Graph E.pdf
[2026-07-13 17:42:19] ERROR [src.ingestion.document_loader.load_directory:71]: Bỏ qua file Machine_Learning_2012.14065v1_Deep Learning with Heterogeneous Graph E.pdf do lỗi: Vui lòng cài đặt pdfplumber: pip install pdfplumber
[2026-07-13 17:42:19] INFO [src.ingestion.document_loader.load_document:48]: Đang trích xuất: Machine_Learning_2012.14106v1_Diagnosis_Prognosis of COVID-19 Images_ .pdf
[2026-07-13 17:42:19] ERROR [src.ingestion.document_loader.load_directory:71]: Bỏ qua file Machine_Learning_2012.14106v1_Diagnosis_Prognosis of COVID-19 Images_ .pdf do lỗi: Vui lòng cài đặt pdfplumber: pip install pdfplumber
[2026-07-13 17:42:19] INFO [src.ingestion.document_loader.load_document:48]: Đang trích xuất: Machine_Learning_2012.14285v1_Affirmative Algorithms_ The Legal Ground.pdf
[2026-07-13 17:42:19] ERROR [src.ingestion.document_loader.load_directory:71]: Bỏ qua file Machine_Learning_2012.14285v1_Affirmative Algorithms_ The Legal Ground.pdf do lỗi: Vui lòng cài đặt pdfplumber: pip install pdfplumber
[2026-07-13 17:42:19] INFO [src.ingestion.document_loader.load_document:48]: Đang trích xuất: Machine_Learning_2012.14338v1_Low-Cost Maximum Entropy Covariance Matr.pdf
[2026-07-13 17:42:19] ERROR [src.ingestion.document_loader.load_directory:71]: Bỏ qua file Machine_Learning_2012.14338v1_Low-Cost Maximum Entropy Covariance Matr.pdf do lỗi: Vui lòng cài đặt pdfplumber: pip install pdfplumber
[2026-07-13 17:42:19] INFO [src.ingestion.document_loader.load_document:48]: Đang trích xuất: NLP_1904.07695v1_Short Text Topic Modeling Techniques_ Ap.pdf
[2026-07-13 17:42:19] ERROR [src.ingestion.document_loader.load_directory:71]: Bỏ qua file NLP_1904.07695v1_Short Text Topic Modeling Techniques_ Ap.pdf do lỗi: Vui lòng cài đặt pdfplumber: pip install pdfplumber
[2026-07-13 17:42:19] INFO [src.ingestion.document_loader.load_document:48]: Đang trích xuất: NLP_1904.07904v1_Mitigating the Impact of Speech Recognit.pdf
[2026-07-13 17:42:19] ERROR [src.ingestion.document_loader.load_directory:71]: Bỏ qua file NLP_1904.07904v1_Mitigating the Impact of Speech Recognit.pdf do lỗi: Vui lòng cài đặt pdfplumber: pip install pdfplumber
[2026-07-13 17:42:19] INFO [src.ingestion.document_loader.load_document:48]: Đang trích xuất: NLP_1904.07982v1_Query Expansion for Cross-Language Quest.pdf
[2026-07-13 17:42:19] ERROR [src.ingestion.document_loader.load_directory:71]: Bỏ qua file NLP_1904.07982v1_Query Expansion for Cross-Language Quest.pdf do lỗi: Vui lòng cài đặt pdfplumber: pip install pdfplumber
[2026-07-13 17:42:19] INFO [src.ingestion.document_loader.load_document:48]: Đang trích xuất: NLP_1904.08051v1_Posterior-regularized REINFORCE for Inst.pdf
[2026-07-13 17:42:19] ERROR [src.ingestion.document_loader.load_directory:71]: Bỏ qua file NLP_1904.08051v1_Posterior-regularized REINFORCE for Inst.pdf do lỗi: Vui lòng cài đặt pdfplumber: pip install pdfplumber
[2026-07-13 17:42:19] INFO [src.ingestion.document_loader.load_document:48]: Đang trích xuất: NLP_1904.08075v1_End-to-End Speech Translation with Knowl.pdf
[2026-07-13 17:42:19] ERROR [src.ingestion.document_loader.load_directory:71]: Bỏ qua file NLP_1904.08075v1_End-to-End Speech Translation with Knowl.pdf do lỗi: Vui lòng cài đặt pdfplumber: pip install pdfplumber
[2026-07-13 17:42:19] INFO [src.ingestion.document_loader.load_document:48]: Đang trích xuất: NLP_1904.08109v1_Contextual Aware Joint Probability Model.pdf
[2026-07-13 17:42:19] ERROR [src.ingestion.document_loader.load_directory:71]: Bỏ qua file NLP_1904.08109v1_Contextual Aware Joint Probability Model.pdf do lỗi: Vui lòng cài đặt pdfplumber: pip install pdfplumber
[2026-07-13 17:42:19] INFO [src.ingestion.document_loader.load_document:48]: Đang trích xuất: NLP_1904.12213v1_Towards Recognizing Phrase Translation P.pdf
[2026-07-13 17:42:19] ERROR [src.ingestion.document_loader.load_directory:71]: Bỏ qua file NLP_1904.12213v1_Towards Recognizing Phrase Translation P.pdf do lỗi: Vui lòng cài đặt pdfplumber: pip install pdfplumber
[2026-07-13 17:42:19] INFO [src.ingestion.document_loader.load_document:48]: Đang trích xuất: NLP_1904.12550v1_Semantic Matching of Documents from Hete.pdf
[2026-07-13 17:42:19] ERROR [src.ingestion.document_loader.load_directory:71]: Bỏ qua file NLP_1904.12550v1_Semantic Matching of Documents from Hete.pdf do lỗi: Vui lòng cài đặt pdfplumber: pip install pdfplumber
[2026-07-13 17:42:19] INFO [src.ingestion.document_loader.load_document:48]: Đang trích xuất: NLP_1904.12848v6_Unsupervised Data Augmentation for Consi.pdf
[2026-07-13 17:42:19] ERROR [src.ingestion.document_loader.load_directory:71]: Bỏ qua file NLP_1904.12848v6_Unsupervised Data Augmentation for Consi.pdf do lỗi: Vui lòng cài đặt pdfplumber: pip install pdfplumber
[2026-07-13 17:42:19] INFO [src.ingestion.document_loader.load_document:48]: Đang trích xuất: NLP_1905.00422v1_Time-series Insights into the Process of.pdf
[2026-07-13 17:42:19] ERROR [src.ingestion.document_loader.load_directory:71]: Bỏ qua file NLP_1905.00422v1_Time-series Insights into the Process of.pdf do lỗi: Vui lòng cài đặt pdfplumber: pip install pdfplumber
[2026-07-13 17:42:19] INFO [src.ingestion.document_loader.load_document:48]: Đang trích xuất: NLP_1905.01958v1_Text2Node_ a Cross-Domain System for Map.pdf
[2026-07-13 17:42:19] ERROR [src.ingestion.document_loader.load_directory:71]: Bỏ qua file NLP_1905.01958v1_Text2Node_ a Cross-Domain System for Map.pdf do lỗi: Vui lòng cài đặt pdfplumber: pip install pdfplumber
[2026-07-13 17:42:19] INFO [src.ingestion.document_loader.load_document:48]: Đang trích xuất: NLP_1905.01973v1_Who wrote this book_ A challenge for e-c.pdf
[2026-07-13 17:42:19] ERROR [src.ingestion.document_loader.load_directory:71]: Bỏ qua file NLP_1905.01973v1_Who wrote this book_ A challenge for e-c.pdf do lỗi: Vui lòng cài đặt pdfplumber: pip install pdfplumber
[2026-07-13 17:42:19] INFO [src.ingestion.document_loader.load_document:48]: Đang trích xuất: NLP_1905.01984v1_AI-Powered Text Generation for Harmoniou.pdf
[2026-07-13 17:42:19] ERROR [src.ingestion.document_loader.load_directory:71]: Bỏ qua file NLP_1905.01984v1_AI-Powered Text Generation for Harmoniou.pdf do lỗi: Vui lòng cài đặt pdfplumber: pip install pdfplumber
[2026-07-13 17:42:19] INFO [src.ingestion.document_loader.load_document:48]: Đang trích xuất: NLP_1905.01998v1_A Persona-based Multi-turn Conversation .pdf
[2026-07-13 17:42:19] ERROR [src.ingestion.document_loader.load_directory:71]: Bỏ qua file NLP_1905.01998v1_A Persona-based Multi-turn Conversation .pdf do lỗi: Vui lòng cài đặt pdfplumber: pip install pdfplumber
[2026-07-13 17:42:19] INFO [src.ingestion.document_loader.load_document:48]: Đang trích xuất: NLP_1905.02019v1_Conditioning LSTM Decoder and Bi-directi.pdf
[2026-07-13 17:42:19] ERROR [src.ingestion.document_loader.load_directory:71]: Bỏ qua file NLP_1905.02019v1_Conditioning LSTM Decoder and Bi-directi.pdf do lỗi: Vui lòng cài đặt pdfplumber: pip install pdfplumber
[2026-07-13 17:42:19] INFO [src.ingestion.document_loader.load_document:48]: Đang trích xuất: NLP_1905.02851v2_FAQ Retrieval using Query-Question Simil.pdf
[2026-07-13 17:42:19] ERROR [src.ingestion.document_loader.load_directory:71]: Bỏ qua file NLP_1905.02851v2_FAQ Retrieval using Query-Question Simil.pdf do lỗi: Vui lòng cài đặt pdfplumber: pip install pdfplumber
[2026-07-13 17:42:19] INFO [src.ingestion.document_loader.load_document:48]: Đang trích xuất: NLP_1905.02869v1_Automatic Inference of Minimalist Gramma.pdf
[2026-07-13 17:42:19] ERROR [src.ingestion.document_loader.load_directory:71]: Bỏ qua file NLP_1905.02869v1_Automatic Inference of Minimalist Gramma.pdf do lỗi: Vui lòng cài đặt pdfplumber: pip install pdfplumber
[2026-07-13 17:42:19] INFO [src.ingestion.document_loader.load_document:48]: Đang trích xuất: NLP_1905.02925v1_ShapeGlot_ Learning Language for Shape D.pdf
[2026-07-13 17:42:19] ERROR [src.ingestion.document_loader.load_directory:71]: Bỏ qua file NLP_1905.02925v1_ShapeGlot_ Learning Language for Shape D.pdf do lỗi: Vui lòng cài đặt pdfplumber: pip install pdfplumber
[2026-07-13 17:42:19] INFO [src.ingestion.document_loader.load_document:48]: Đang trích xuất: NLP_1906.00579v3_Listening while Speaking and Visualizing.pdf
[2026-07-13 17:42:19] ERROR [src.ingestion.document_loader.load_directory:71]: Bỏ qua file NLP_1906.00579v3_Listening while Speaking and Visualizing.pdf do lỗi: Vui lòng cài đặt pdfplumber: pip install pdfplumber
[2026-07-13 17:42:19] INFO [src.ingestion.document_loader.load_document:48]: Đang trích xuất: NLP_1906.00744v5_Hierarchical Decision Making by Generati.pdf
[2026-07-13 17:42:19] ERROR [src.ingestion.document_loader.load_directory:71]: Bỏ qua file NLP_1906.00744v5_Hierarchical Decision Making by Generati.pdf do lỗi: Vui lòng cài đặt pdfplumber: pip install pdfplumber
[2026-07-13 17:42:19] INFO [src.ingestion.document_loader.load_document:48]: Đang trích xuất: NLP_1906.00790v2_Multi-task Pairwise Neural Ranking for H.pdf
[2026-07-13 17:42:19] ERROR [src.ingestion.document_loader.load_directory:71]: Bỏ qua file NLP_1906.00790v2_Multi-task Pairwise Neural Ranking for H.pdf do lỗi: Vui lòng cài đặt pdfplumber: pip install pdfplumber
[2026-07-13 17:42:19] INFO [src.ingestion.document_loader.load_document:48]: Đang trích xuất: NLP_1906.00872v1_From Words to Sentences_ A Progressive L.pdf
[2026-07-13 17:42:19] ERROR [src.ingestion.document_loader.load_directory:71]: Bỏ qua file NLP_1906.00872v1_From Words to Sentences_ A Progressive L.pdf do lỗi: Vui lòng cài đặt pdfplumber: pip install pdfplumber
[2026-07-13 17:42:19] INFO [src.ingestion.document_loader.load_document:48]: Đang trích xuất: NLP_1906.01040v3_A Surprising Density of Illusionable Nat.pdf
[2026-07-13 17:42:19] ERROR [src.ingestion.document_loader.load_directory:71]: Bỏ qua file NLP_1906.01040v3_A Surprising Density of Illusionable Nat.pdf do lỗi: Vui lòng cài đặt pdfplumber: pip install pdfplumber
[2026-07-13 17:42:19] INFO [src.ingestion.document_loader.load_document:48]: Đang trích xuất: NLP_1906.01157v2_A Review of Automated Speech and Languag.pdf
[2026-07-13 17:42:19] ERROR [src.ingestion.document_loader.load_directory:71]: Bỏ qua file NLP_1906.01157v2_A Review of Automated Speech and Languag.pdf do lỗi: Vui lòng cài đặt pdfplumber: pip install pdfplumber
[2026-07-13 17:42:19] INFO [src.ingestion.document_loader.load_document:48]: Đang trích xuất: NLP_1906.01161v2_Resolving Gendered Ambiguous Pronouns wi.pdf
[2026-07-13 17:42:19] ERROR [src.ingestion.document_loader.load_directory:71]: Bỏ qua file NLP_1906.01161v2_Resolving Gendered Ambiguous Pronouns wi.pdf do lỗi: Vui lòng cài đặt pdfplumber: pip install pdfplumber
[2026-07-13 17:42:19] INFO [src.ingestion.document_loader.load_document:48]: Đang trích xuất: NLP_1906.01185v1_Joint Effects of Context and User Histor.pdf
[2026-07-13 17:42:19] ERROR [src.ingestion.document_loader.load_directory:71]: Bỏ qua file NLP_1906.01185v1_Joint Effects of Context and User Histor.pdf do lỗi: Vui lòng cài đặt pdfplumber: pip install pdfplumber
[2026-07-13 17:42:19] INFO [src.ingestion.document_loader.load_document:48]: Đang trích xuất: NLP_1906.01195v1_Learning Attention-based Embeddings for .pdf
[2026-07-13 17:42:19] ERROR [src.ingestion.document_loader.load_directory:71]: Bỏ qua file NLP_1906.01195v1_Learning Attention-based Embeddings for .pdf do lỗi: Vui lòng cài đặt pdfplumber: pip install pdfplumber
[2026-07-13 17:42:19] INFO [src.ingestion.document_loader.load_document:48]: Đang trích xuất: NLP_1906.01243v1_Learning to Explain_ Answering Why-Quest.pdf
[2026-07-13 17:42:19] ERROR [src.ingestion.document_loader.load_directory:71]: Bỏ qua file NLP_1906.01243v1_Learning to Explain_ Answering Why-Quest.pdf do lỗi: Vui lòng cài đặt pdfplumber: pip install pdfplumber
[2026-07-13 17:42:19] INFO [src.ingestion.document_loader.load_document:48]: Đang trích xuất: NLP_1906.01268v1_Exploiting Sentential Context for Neural.pdf
[2026-07-13 17:42:19] ERROR [src.ingestion.document_loader.load_directory:71]: Bỏ qua file NLP_1906.01268v1_Exploiting Sentential Context for Neural.pdf do lỗi: Vui lòng cài đặt pdfplumber: pip install pdfplumber
[2026-07-13 17:42:19] INFO [src.ingestion.document_loader.load_document:48]: Đang trích xuất: NLP_1906.01282v1_Lattice-Based Transformer Encoder for Ne.pdf
[2026-07-13 17:42:19] ERROR [src.ingestion.document_loader.load_directory:71]: Bỏ qua file NLP_1906.01282v1_Lattice-Based Transformer Encoder for Ne.pdf do lỗi: Vui lòng cài đặt pdfplumber: pip install pdfplumber
[2026-07-13 17:42:19] INFO [src.ingestion.document_loader.load_document:48]: Đang trích xuất: NLP_1906.01359v1_NNE_ A Dataset for Nested Named Entity R.pdf
[2026-07-13 17:42:19] ERROR [src.ingestion.document_loader.load_directory:71]: Bỏ qua file NLP_1906.01359v1_NNE_ A Dataset for Nested Named Entity R.pdf do lỗi: Vui lòng cài đặt pdfplumber: pip install pdfplumber
[2026-07-13 17:42:19] INFO [src.ingestion.document_loader.load_document:48]: Đang trích xuất: NLP_1906.01472v2_Evaluating Discourse in Structured Text .pdf
[2026-07-13 17:42:19] ERROR [src.ingestion.document_loader.load_directory:71]: Bỏ qua file NLP_1906.01472v2_Evaluating Discourse in Structured Text .pdf do lỗi: Vui lòng cài đặt pdfplumber: pip install pdfplumber
[2026-07-13 17:42:19] INFO [src.ingestion.document_loader.load_document:48]: Đang trích xuất: NLP_1906.01573v1_A Study of Feature Extraction techniques.pdf
[2026-07-13 17:42:19] ERROR [src.ingestion.document_loader.load_directory:71]: Bỏ qua file NLP_1906.01573v1_A Study of Feature Extraction techniques.pdf do lỗi: Vui lòng cài đặt pdfplumber: pip install pdfplumber
[2026-07-13 17:42:19] INFO [src.ingestion.document_loader.load_document:48]: Đang trích xuất: NLP_1906.01617v1_Self-Attentional Models for Lattice Inpu.pdf
[2026-07-13 17:42:19] ERROR [src.ingestion.document_loader.load_directory:71]: Bỏ qua file NLP_1906.01617v1_Self-Attentional Models for Lattice Inpu.pdf do lỗi: Vui lòng cài đặt pdfplumber: pip install pdfplumber
[2026-07-13 17:42:19] INFO [src.ingestion.document_loader.load_document:48]: Đang trích xuất: NLP_1906.01726v1_An Introduction to a New Text Classifica.pdf
[2026-07-13 17:42:19] ERROR [src.ingestion.document_loader.load_directory:71]: Bỏ qua file NLP_1906.01726v1_An Introduction to a New Text Classifica.pdf do lỗi: Vui lòng cài đặt pdfplumber: pip install pdfplumber
[2026-07-13 17:42:19] INFO [src.ingestion.document_loader.load_document:48]: Đang trích xuất: NLP_2005.11344v1_The Discussion Tracker Corpus of Collabo.pdf
[2026-07-13 17:42:19] ERROR [src.ingestion.document_loader.load_directory:71]: Bỏ qua file NLP_2005.11344v1_The Discussion Tracker Corpus of Collabo.pdf do lỗi: Vui lòng cài đặt pdfplumber: pip install pdfplumber
[2026-07-13 17:42:19] INFO [src.ingestion.document_loader.load_document:48]: Đang trích xuất: NLP_2005.11364v1_Open-Retrieval Conversational Question A.pdf
[2026-07-13 17:42:19] ERROR [src.ingestion.document_loader.load_directory:71]: Bỏ qua file NLP_2005.11364v1_Open-Retrieval Conversational Question A.pdf do lỗi: Vui lòng cài đặt pdfplumber: pip install pdfplumber
[2026-07-13 17:42:19] INFO [src.ingestion.document_loader.load_document:48]: Đang trích xuất: NLP_2005.11729v2_GoChat_ Goal-oriented Chatbots with Hier.pdf
[2026-07-13 17:42:19] ERROR [src.ingestion.document_loader.load_directory:71]: Bỏ qua file NLP_2005.11729v2_GoChat_ Goal-oriented Chatbots with Hier.pdf do lỗi: Vui lòng cài đặt pdfplumber: pip install pdfplumber
[2026-07-13 17:42:19] INFO [src.ingestion.document_loader.load_document:48]: Đang trích xuất: NLP_2005.11777v1_Acoustic Word Embedding System for Code-.pdf
[2026-07-13 17:42:19] ERROR [src.ingestion.document_loader.load_directory:71]: Bỏ qua file NLP_2005.11777v1_Acoustic Word Embedding System for Code-.pdf do lỗi: Vui lòng cài đặt pdfplumber: pip install pdfplumber
[2026-07-13 17:42:19] INFO [src.ingestion.document_loader.load_document:48]: Đang trích xuất: NLP_2005.13170v1_Chat as Expected_ Learning to Manipulate.pdf
[2026-07-13 17:42:19] ERROR [src.ingestion.document_loader.load_directory:71]: Bỏ qua file NLP_2005.13170v1_Chat as Expected_ Learning to Manipulate.pdf do lỗi: Vui lòng cài đặt pdfplumber: pip install pdfplumber
[2026-07-13 17:42:19] INFO [src.ingestion.document_loader.load_document:48]: Đang trích xuất: NLP_2005.13421v1_Thirty Musts for Meaning Banking.pdf
[2026-07-13 17:42:19] ERROR [src.ingestion.document_loader.load_directory:71]: Bỏ qua file NLP_2005.13421v1_Thirty Musts for Meaning Banking.pdf do lỗi: Vui lòng cài đặt pdfplumber: pip install pdfplumber
[2026-07-13 17:42:19] INFO [src.ingestion.document_loader.load_document:48]: Đang trích xuất: NLP_2005.13485v3_Unsupervised Dual Paraphrasing for Two-s.pdf
[2026-07-13 17:42:19] ERROR [src.ingestion.document_loader.load_directory:71]: Bỏ qua file NLP_2005.13485v3_Unsupervised Dual Paraphrasing for Two-s.pdf do lỗi: Vui lòng cài đặt pdfplumber: pip install pdfplumber
[2026-07-13 17:42:19] INFO [src.ingestion.document_loader.load_document:48]: Đang trích xuất: NLP_2005.13804v1_Contextual Dialogue Act Classification f.pdf
[2026-07-13 17:42:19] ERROR [src.ingestion.document_loader.load_directory:71]: Bỏ qua file NLP_2005.13804v1_Contextual Dialogue Act Classification f.pdf do lỗi: Vui lòng cài đặt pdfplumber: pip install pdfplumber
[2026-07-13 17:42:19] INFO [src.ingestion.document_loader.load_document:48]: Đang trích xuất: NLP_2005.14327v2_On the Comparison of Popular End-to-End .pdf
[2026-07-13 17:42:19] ERROR [src.ingestion.document_loader.load_directory:71]: Bỏ qua file NLP_2005.14327v2_On the Comparison of Popular End-to-End .pdf do lỗi: Vui lòng cài đặt pdfplumber: pip install pdfplumber
[2026-07-13 17:42:19] INFO [src.ingestion.document_loader.load_document:48]: Đang trích xuất: NLP_2005.14627v1_Detection of Bangla Fake News using MNB .pdf
[2026-07-13 17:42:19] ERROR [src.ingestion.document_loader.load_directory:71]: Bỏ qua file NLP_2005.14627v1_Detection of Bangla Fake News using MNB .pdf do lỗi: Vui lòng cài đặt pdfplumber: pip install pdfplumber
[2026-07-13 17:42:19] INFO [src.ingestion.document_loader.load_document:48]: Đang trích xuất: NLP_2006.00052v1_Stance Prediction for Contemporary Issue.pdf
[2026-07-13 17:42:19] ERROR [src.ingestion.document_loader.load_directory:71]: Bỏ qua file NLP_2006.00052v1_Stance Prediction for Contemporary Issue.pdf do lỗi: Vui lòng cài đặt pdfplumber: pip install pdfplumber
[2026-07-13 17:42:19] INFO [src.ingestion.document_loader.load_document:48]: Đang trích xuất: NLP_2006.00459v1_SANA _ Sentiment Analysis on Newspapers .pdf
[2026-07-13 17:42:19] ERROR [src.ingestion.document_loader.load_directory:71]: Bỏ qua file NLP_2006.00459v1_SANA _ Sentiment Analysis on Newspapers .pdf do lỗi: Vui lòng cài đặt pdfplumber: pip install pdfplumber
[2026-07-13 17:42:19] INFO [src.ingestion.document_loader.load_document:48]: Đang trích xuất: NLP_2006.00518v1_Data-driven Detection and Analysis of th.pdf
[2026-07-13 17:42:19] ERROR [src.ingestion.document_loader.load_directory:71]: Bỏ qua file NLP_2006.00518v1_Data-driven Detection and Analysis of th.pdf do lỗi: Vui lòng cài đặt pdfplumber: pip install pdfplumber
[2026-07-13 17:42:19] INFO [src.ingestion.document_loader.load_document:48]: Đang trích xuất: NLP_2006.00533v1_Benchmarking BioRelEx for Entity Tagging.pdf
[2026-07-13 17:42:19] ERROR [src.ingestion.document_loader.load_directory:71]: Bỏ qua file NLP_2006.00533v1_Benchmarking BioRelEx for Entity Tagging.pdf do lỗi: Vui lòng cài đặt pdfplumber: pip install pdfplumber
[2026-07-13 17:42:19] INFO [src.ingestion.document_loader.load_document:48]: Đang trích xuất: NLP_2006.00591v2_Efficient Deployment of Conversational N.pdf
[2026-07-13 17:42:19] ERROR [src.ingestion.document_loader.load_directory:71]: Bỏ qua file NLP_2006.00591v2_Efficient Deployment of Conversational N.pdf do lỗi: Vui lòng cài đặt pdfplumber: pip install pdfplumber
[2026-07-13 17:42:19] INFO [src.ingestion.document_loader.load_document:48]: Đang trích xuất: NLP_2006.00609v1_CNRL at SemEval-2020 Task 5_ Modelling C.pdf
[2026-07-13 17:42:19] ERROR [src.ingestion.document_loader.load_directory:71]: Bỏ qua file NLP_2006.00609v1_CNRL at SemEval-2020 Task 5_ Modelling C.pdf do lỗi: Vui lòng cài đặt pdfplumber: pip install pdfplumber
[2026-07-13 17:42:19] INFO [src.ingestion.document_loader.load_document:48]: Đang trích xuất: NLP_2006.00632v2_Neural Unsupervised Domain Adaptation in.pdf
[2026-07-13 17:42:19] ERROR [src.ingestion.document_loader.load_directory:71]: Bỏ qua file NLP_2006.00632v2_Neural Unsupervised Domain Adaptation in.pdf do lỗi: Vui lòng cài đặt pdfplumber: pip install pdfplumber
[2026-07-13 17:42:19] INFO [src.ingestion.document_loader.load_document:48]: Đang trích xuất: NLP_2006.01112v2_Cascaded Text Generation with Markov Tra.pdf
[2026-07-13 17:42:19] ERROR [src.ingestion.document_loader.load_directory:71]: Bỏ qua file NLP_2006.01112v2_Cascaded Text Generation with Markov Tra.pdf do lỗi: Vui lòng cài đặt pdfplumber: pip install pdfplumber
[2026-07-13 17:42:19] INFO [src.ingestion.document_loader.load_document:48]: Đang trích xuất: NLP_2006.01203v1_Hybrid Improved Document-level Embedding.pdf
[2026-07-13 17:42:19] ERROR [src.ingestion.document_loader.load_directory:71]: Bỏ qua file NLP_2006.01203v1_Hybrid Improved Document-level Embedding.pdf do lỗi: Vui lòng cài đặt pdfplumber: pip install pdfplumber
[2026-07-13 17:42:19] INFO [src.ingestion.document_loader.load_document:48]: Đang trích xuất: NLP_2006.01209v1_Learning Constraints for Structured Pred.pdf
[2026-07-13 17:42:19] ERROR [src.ingestion.document_loader.load_directory:71]: Bỏ qua file NLP_2006.01209v1_Learning Constraints for Structured Pred.pdf do lỗi: Vui lòng cài đặt pdfplumber: pip install pdfplumber
[2026-07-13 17:42:19] INFO [src.ingestion.document_loader.load_document:48]: Đang trích xuất: NLP_2006.01210v1_The _Letter_ Distribution in the Chinese.pdf
[2026-07-13 17:42:19] ERROR [src.ingestion.document_loader.load_directory:71]: Bỏ qua file NLP_2006.01210v1_The _Letter_ Distribution in the Chinese.pdf do lỗi: Vui lòng cài đặt pdfplumber: pip install pdfplumber
[2026-07-13 17:42:19] INFO [src.ingestion.document_loader.load_document:48]: Đang trích xuất: NLP_2006.01372v2_Embeddings of Label Components for Seque.pdf
[2026-07-13 17:42:19] ERROR [src.ingestion.document_loader.load_directory:71]: Bỏ qua file NLP_2006.01372v2_Embeddings of Label Components for Seque.pdf do lỗi: Vui lòng cài đặt pdfplumber: pip install pdfplumber
[2026-07-13 17:42:19] INFO [src.ingestion.document_loader.load_document:48]: Đang trích xuất: NLP_2006.01594v1_Training Multilingual Machine Translatio.pdf
[2026-07-13 17:42:19] ERROR [src.ingestion.document_loader.load_directory:71]: Bỏ qua file NLP_2006.01594v1_Training Multilingual Machine Translatio.pdf do lỗi: Vui lòng cài đặt pdfplumber: pip install pdfplumber
[2026-07-13 17:42:19] INFO [src.ingestion.document_loader.load_document:48]: Đang trích xuất: NLP_2006.01854v1_Event Arguments Extraction via Dilate Ga.pdf
[2026-07-13 17:42:19] ERROR [src.ingestion.document_loader.load_directory:71]: Bỏ qua file NLP_2006.01854v1_Event Arguments Extraction via Dilate Ga.pdf do lỗi: Vui lòng cài đặt pdfplumber: pip install pdfplumber
[2026-07-13 17:42:19] INFO [src.ingestion.document_loader.load_document:48]: Đang trích xuất: NLP_2006.01912v1_On the Predictive Power of Neural Langua.pdf
[2026-07-13 17:42:19] ERROR [src.ingestion.document_loader.load_directory:71]: Bỏ qua file NLP_2006.01912v1_On the Predictive Power of Neural Langua.pdf do lỗi: Vui lòng cài đặt pdfplumber: pip install pdfplumber
[2026-07-13 17:42:19] INFO [src.ingestion.document_loader.load_document:48]: Đang trích xuất: NLP_2006.01997v1_Automatic Text Summarization of COVID-19.pdf
[2026-07-13 17:42:19] ERROR [src.ingestion.document_loader.load_directory:71]: Bỏ qua file NLP_2006.01997v1_Automatic Text Summarization of COVID-19.pdf do lỗi: Vui lòng cài đặt pdfplumber: pip install pdfplumber
[2026-07-13 17:42:19] INFO [src.ingestion.document_loader.load_document:48]: Đang trích xuất: NLP_2006.02120v1_Towards Large-Scale Data Mining for Data.pdf
[2026-07-13 17:42:19] ERROR [src.ingestion.document_loader.load_directory:71]: Bỏ qua file NLP_2006.02120v1_Towards Large-Scale Data Mining for Data.pdf do lỗi: Vui lòng cài đặt pdfplumber: pip install pdfplumber
[2026-07-13 17:42:19] INFO [src.ingestion.document_loader.load_document:48]: Đang trích xuất: NLP_2006.04136v1_Analysis and Synthesis of Hypo and Hyper.pdf
[2026-07-13 17:42:19] ERROR [src.ingestion.document_loader.load_directory:71]: Bỏ qua file NLP_2006.04136v1_Analysis and Synthesis of Hypo and Hyper.pdf do lỗi: Vui lòng cài đặt pdfplumber: pip install pdfplumber
[2026-07-13 17:42:19] INFO [src.ingestion.document_loader.load_document:48]: Đang trích xuất: NLP_2006.04138v1_Maximum Phase Modeling for Sparse Linear.pdf
[2026-07-13 17:42:19] ERROR [src.ingestion.document_loader.load_directory:71]: Bỏ qua file NLP_2006.04138v1_Maximum Phase Modeling for Sparse Linear.pdf do lỗi: Vui lòng cài đặt pdfplumber: pip install pdfplumber
[2026-07-13 17:42:19] INFO [src.ingestion.document_loader.load_document:48]: Đang trích xuất: NLP_2006.04702v3_CycleGT_ Unsupervised Graph-to-Text and .pdf
[2026-07-13 17:42:19] ERROR [src.ingestion.document_loader.load_directory:71]: Bỏ qua file NLP_2006.04702v3_CycleGT_ Unsupervised Graph-to-Text and .pdf do lỗi: Vui lòng cài đặt pdfplumber: pip install pdfplumber
[2026-07-13 17:42:19] INFO [src.ingestion.document_loader.load_document:48]: Đang trích xuất: NLP_2006.05113v2_Human brain activity for machine attenti.pdf
[2026-07-13 17:42:19] ERROR [src.ingestion.document_loader.load_directory:71]: Bỏ qua file NLP_2006.05113v2_Human brain activity for machine attenti.pdf do lỗi: Vui lòng cài đặt pdfplumber: pip install pdfplumber
[2026-07-13 17:42:19] INFO [src.ingestion.document_loader.load_document:48]: Đang trích xuất: NLP_2006.05165v1_Learning to Recover from Multi-Modality .pdf
[2026-07-13 17:42:19] ERROR [src.ingestion.document_loader.load_directory:71]: Bỏ qua file NLP_2006.05165v1_Learning to Recover from Multi-Modality .pdf do lỗi: Vui lòng cài đặt pdfplumber: pip install pdfplumber
[2026-07-13 17:42:19] INFO [src.ingestion.document_loader.load_document:48]: Đang trích xuất: NLP_2006.05174v2_Input-independent Attention Weights Are .pdf
[2026-07-13 17:42:19] ERROR [src.ingestion.document_loader.load_directory:71]: Bỏ qua file NLP_2006.05174v2_Input-independent Attention Weights Are .pdf do lỗi: Vui lòng cài đặt pdfplumber: pip install pdfplumber
[2026-07-13 17:42:19] INFO [src.ingestion.document_loader.load_document:48]: Đang trích xuất: NLP_2006.05474v2_Improving Cross-Lingual Transfer Learnin.pdf
[2026-07-13 17:42:19] ERROR [src.ingestion.document_loader.load_directory:71]: Bỏ qua file NLP_2006.05474v2_Improving Cross-Lingual Transfer Learnin.pdf do lỗi: Vui lòng cài đặt pdfplumber: pip install pdfplumber
[2026-07-13 17:42:19] INFO [src.ingestion.document_loader.load_document:48]: Đang trích xuất: NLP_2006.05477v1_Unsupervised Paraphrase Generation using.pdf
[2026-07-13 17:42:19] ERROR [src.ingestion.document_loader.load_directory:71]: Bỏ qua file NLP_2006.05477v1_Unsupervised Paraphrase Generation using.pdf do lỗi: Vui lòng cài đặt pdfplumber: pip install pdfplumber
[2026-07-13 17:42:19] INFO [src.ingestion.document_loader.load_document:48]: Đang trích xuất: NLP_2007.08657v1_Training with reduced precision of a sup.pdf
[2026-07-13 17:42:19] ERROR [src.ingestion.document_loader.load_directory:71]: Bỏ qua file NLP_2007.08657v1_Training with reduced precision of a sup.pdf do lỗi: Vui lòng cài đặt pdfplumber: pip install pdfplumber
[2026-07-13 17:42:19] INFO [src.ingestion.document_loader.load_document:48]: Đang trích xuất: NLP_2007.08749v3_Towards an Automated SOAP Note_ Classify.pdf
[2026-07-13 17:42:19] ERROR [src.ingestion.document_loader.load_directory:71]: Bỏ qua file NLP_2007.08749v3_Towards an Automated SOAP Note_ Classify.pdf do lỗi: Vui lòng cài đặt pdfplumber: pip install pdfplumber
[2026-07-13 17:42:19] INFO [src.ingestion.document_loader.load_document:48]: Đang trích xuất: NLP_2007.09536v1_Hierarchical Topic Mining via Joint Sphe.pdf
[2026-07-13 17:42:19] ERROR [src.ingestion.document_loader.load_directory:71]: Bỏ qua file NLP_2007.09536v1_Hierarchical Topic Mining via Joint Sphe.pdf do lỗi: Vui lòng cài đặt pdfplumber: pip install pdfplumber
[2026-07-13 17:42:19] INFO [src.ingestion.document_loader.load_document:48]: Đang trích xuất: NLP_2007.10055v2_Morphological Skip-Gram_ Using morpholog.pdf
[2026-07-13 17:42:19] ERROR [src.ingestion.document_loader.load_directory:71]: Bỏ qua file NLP_2007.10055v2_Morphological Skip-Gram_ Using morpholog.pdf do lỗi: Vui lòng cài đặt pdfplumber: pip install pdfplumber
[2026-07-13 17:42:19] INFO [src.ingestion.document_loader.load_document:48]: Đang trích xuất: NLP_2007.10873v1_Connecting Embeddings for Knowledge Grap.pdf
[2026-07-13 17:42:19] ERROR [src.ingestion.document_loader.load_directory:71]: Bỏ qua file NLP_2007.10873v1_Connecting Embeddings for Knowledge Grap.pdf do lỗi: Vui lòng cài đặt pdfplumber: pip install pdfplumber
[2026-07-13 17:42:19] INFO [src.ingestion.document_loader.load_document:48]: Đang trích xuất: NLP_2007.10877v1_problemConquero at SemEval-2020 Task 12_.pdf
[2026-07-13 17:42:19] ERROR [src.ingestion.document_loader.load_directory:71]: Bỏ qua file NLP_2007.10877v1_problemConquero at SemEval-2020 Task 12_.pdf do lỗi: Vui lòng cài đặt pdfplumber: pip install pdfplumber
[2026-07-13 17:42:19] INFO [src.ingestion.document_loader.load_document:48]: Đang trích xuất: NLP_2008.01946v2_An exploration of the encoding of gramma.pdf
[2026-07-13 17:42:19] ERROR [src.ingestion.document_loader.load_directory:71]: Bỏ qua file NLP_2008.01946v2_An exploration of the encoding of gramma.pdf do lỗi: Vui lòng cài đặt pdfplumber: pip install pdfplumber
[2026-07-13 17:42:19] INFO [src.ingestion.document_loader.load_document:48]: Đang trích xuất: NLP_2008.01994v1_Improving End-to-End Speech-to-Intent Cl.pdf
[2026-07-13 17:42:19] ERROR [src.ingestion.document_loader.load_directory:71]: Bỏ qua file NLP_2008.01994v1_Improving End-to-End Speech-to-Intent Cl.pdf do lỗi: Vui lòng cài đặt pdfplumber: pip install pdfplumber
[2026-07-13 17:42:19] INFO [src.ingestion.document_loader.load_document:48]: Đang trích xuất: NLP_2008.02096v1_Computational linguistic assessment of t.pdf
[2026-07-13 17:42:19] ERROR [src.ingestion.document_loader.load_directory:71]: Bỏ qua file NLP_2008.02096v1_Computational linguistic assessment of t.pdf do lỗi: Vui lòng cài đặt pdfplumber: pip install pdfplumber
[2026-07-13 17:42:19] INFO [src.ingestion.document_loader.load_document:48]: Đang trích xuất: NLP_2008.02460v1_DeText_ A Deep Text Ranking Framework wi.pdf
[2026-07-13 17:42:19] ERROR [src.ingestion.document_loader.load_directory:71]: Bỏ qua file NLP_2008.02460v1_DeText_ A Deep Text Ranking Framework wi.pdf do lỗi: Vui lòng cài đặt pdfplumber: pip install pdfplumber
[2026-07-13 17:42:19] INFO [src.ingestion.document_loader.load_document:48]: Đang trích xuất: NLP_2008.02603v1_Data balancing for boosting performance .pdf
[2026-07-13 17:42:19] ERROR [src.ingestion.document_loader.load_directory:71]: Bỏ qua file NLP_2008.02603v1_Data balancing for boosting performance .pdf do lỗi: Vui lòng cài đặt pdfplumber: pip install pdfplumber
[2026-07-13 17:42:19] INFO [src.ingestion.document_loader.load_document:48]: Đang trích xuất: NLP_2008.02885v1_A general solution to the preferential s.pdf
[2026-07-13 17:42:19] ERROR [src.ingestion.document_loader.load_directory:71]: Bỏ qua file NLP_2008.02885v1_A general solution to the preferential s.pdf do lỗi: Vui lòng cài đặt pdfplumber: pip install pdfplumber
[2026-07-13 17:42:19] INFO [src.ingestion.document_loader.load_document:48]: Đang trích xuất: NLP_2008.02976v2_Data Weighted Training Strategies for Gr.pdf
[2026-07-13 17:42:19] ERROR [src.ingestion.document_loader.load_directory:71]: Bỏ qua file NLP_2008.02976v2_Data Weighted Training Strategies for Gr.pdf do lỗi: Vui lòng cài đặt pdfplumber: pip install pdfplumber
[2026-07-13 17:42:19] INFO [src.ingestion.document_loader.load_document:48]: Đang trích xuất: NLP_2008.03029v1_Peking Opera Synthesis via Duration Info.pdf
[2026-07-13 17:42:19] ERROR [src.ingestion.document_loader.load_directory:71]: Bỏ qua file NLP_2008.03029v1_Peking Opera Synthesis via Duration Info.pdf do lỗi: Vui lòng cài đặt pdfplumber: pip install pdfplumber
[2026-07-13 17:42:19] INFO [src.ingestion.document_loader.load_document:48]: Đang trích xuất: NLP_2008.03843v1_Question Identification in Arabic Langua.pdf
[2026-07-13 17:42:19] ERROR [src.ingestion.document_loader.load_directory:71]: Bỏ qua file NLP_2008.03843v1_Question Identification in Arabic Langua.pdf do lỗi: Vui lòng cài đặt pdfplumber: pip install pdfplumber
[2026-07-13 17:42:19] INFO [src.ingestion.document_loader.load_document:48]: Đang trích xuất: NLP_2008.03964v1_DQI_ A Guide to Benchmark Evaluation.pdf
[2026-07-13 17:42:19] ERROR [src.ingestion.document_loader.load_directory:71]: Bỏ qua file NLP_2008.03964v1_DQI_ A Guide to Benchmark Evaluation.pdf do lỗi: Vui lòng cài đặt pdfplumber: pip install pdfplumber
[2026-07-13 17:42:19] INFO [src.ingestion.document_loader.load_document:48]: Đang trích xuất: NLP_2008.04203v1_FireBERT_ Hardening BERT-based classifie.pdf
[2026-07-13 17:42:19] ERROR [src.ingestion.document_loader.load_directory:71]: Bỏ qua file NLP_2008.04203v1_FireBERT_ Hardening BERT-based classifie.pdf do lỗi: Vui lòng cài đặt pdfplumber: pip install pdfplumber
[2026-07-13 17:42:19] INFO [src.ingestion.document_loader.load_document:48]: Đang trích xuất: NLP_2008.04527v1_Neural PLDA Modeling for End-to-End Spea.pdf
[2026-07-13 17:42:19] ERROR [src.ingestion.document_loader.load_directory:71]: Bỏ qua file NLP_2008.04527v1_Neural PLDA Modeling for End-to-End Spea.pdf do lỗi: Vui lòng cài đặt pdfplumber: pip install pdfplumber
[2026-07-13 17:42:19] INFO [src.ingestion.document_loader.load_document:48]: Đang trích xuất: NLP_2008.04550v2_A Parallel Evaluation Data Set of Softwa.pdf
[2026-07-13 17:42:19] ERROR [src.ingestion.document_loader.load_directory:71]: Bỏ qua file NLP_2008.04550v2_A Parallel Evaluation Data Set of Softwa.pdf do lỗi: Vui lòng cài đặt pdfplumber: pip install pdfplumber
[2026-07-13 17:42:19] INFO [src.ingestion.document_loader.load_document:48]: Đang trích xuất: NLP_2008.04820v2_LTIatCMU at SemEval-2020 Task 11_ Incorp.pdf
[2026-07-13 17:42:19] ERROR [src.ingestion.document_loader.load_directory:71]: Bỏ qua file NLP_2008.04820v2_LTIatCMU at SemEval-2020 Task 11_ Incorp.pdf do lỗi: Vui lòng cài đặt pdfplumber: pip install pdfplumber
[2026-07-13 17:42:19] INFO [src.ingestion.document_loader.load_document:48]: Đang trích xuất: NLP_2008.04935v2_Paraphrase Generation as Zero-Shot Multi.pdf
[2026-07-13 17:42:19] ERROR [src.ingestion.document_loader.load_directory:71]: Bỏ qua file NLP_2008.04935v2_Paraphrase Generation as Zero-Shot Multi.pdf do lỗi: Vui lòng cài đặt pdfplumber: pip install pdfplumber
[2026-07-13 17:42:19] INFO [src.ingestion.document_loader.load_document:48]: Đang trích xuất: NLP_2012.10055v2_End-to-End Speaker Diarization as Post-P.pdf
[2026-07-13 17:42:19] ERROR [src.ingestion.document_loader.load_directory:71]: Bỏ qua file NLP_2012.10055v2_End-to-End Speaker Diarization as Post-P.pdf do lỗi: Vui lòng cài đặt pdfplumber: pip install pdfplumber
[2026-07-13 17:42:19] INFO [src.ingestion.document_loader.load_document:48]: Đang trích xuất: NLP_2012.10187v1_Regularized Attentive Capsule Network fo.pdf
[2026-07-13 17:42:19] ERROR [src.ingestion.document_loader.load_directory:71]: Bỏ qua file NLP_2012.10187v1_Regularized Attentive Capsule Network fo.pdf do lỗi: Vui lòng cài đặt pdfplumber: pip install pdfplumber
[2026-07-13 17:42:19] INFO [src.ingestion.document_loader.load_document:48]: Đang trích xuất: NLP_2012.10226v1_Should I visit this place_ Inclusion and.pdf
[2026-07-13 17:42:19] ERROR [src.ingestion.document_loader.load_directory:71]: Bỏ qua file NLP_2012.10226v1_Should I visit this place_ Inclusion and.pdf do lỗi: Vui lòng cài đặt pdfplumber: pip install pdfplumber
[2026-07-13 17:42:19] INFO [src.ingestion.document_loader.load_document:48]: Đang trích xuất: NLP_2012.13004v1_Speech Synthesis as Augmentation for Low.pdf
[2026-07-13 17:42:19] ERROR [src.ingestion.document_loader.load_directory:71]: Bỏ qua file NLP_2012.13004v1_Speech Synthesis as Augmentation for Low.pdf do lỗi: Vui lòng cài đặt pdfplumber: pip install pdfplumber
[2026-07-13 17:42:19] INFO [src.ingestion.document_loader.load_document:48]: Đang trích xuất: NLP_2012.13190v2_QUACKIE_ A NLP Classification Task With .pdf
[2026-07-13 17:42:19] ERROR [src.ingestion.document_loader.load_directory:71]: Bỏ qua file NLP_2012.13190v2_QUACKIE_ A NLP Classification Task With .pdf do lỗi: Vui lòng cài đặt pdfplumber: pip install pdfplumber
[2026-07-13 17:42:19] INFO [src.ingestion.document_loader.load_document:48]: Đang trích xuất: NLP_2012.13391v2_I like fish_ especially dolphins_ Addres.pdf
[2026-07-13 17:42:19] ERROR [src.ingestion.document_loader.load_directory:71]: Bỏ qua file NLP_2012.13391v2_I like fish_ especially dolphins_ Addres.pdf do lỗi: Vui lòng cài đặt pdfplumber: pip install pdfplumber
[2026-07-13 17:42:19] INFO [src.ingestion.document_loader.load_document:48]: Đang trích xuất: NLP_2012.13980v1_Measuring University Impact_ Wikipedia a.pdf
[2026-07-13 17:42:19] ERROR [src.ingestion.document_loader.load_directory:71]: Bỏ qua file NLP_2012.13980v1_Measuring University Impact_ Wikipedia a.pdf do lỗi: Vui lòng cài đặt pdfplumber: pip install pdfplumber
[2026-07-13 17:42:19] INFO [src.ingestion.document_loader.load_document:48]: Đang trích xuất: NLP_2012.14005v1_Neural document expansion for ad-hoc inf.pdf
[2026-07-13 17:42:19] ERROR [src.ingestion.document_loader.load_directory:71]: Bỏ qua file NLP_2012.14005v1_Neural document expansion for ad-hoc inf.pdf do lỗi: Vui lòng cài đặt pdfplumber: pip install pdfplumber
[2026-07-13 17:42:19] INFO [src.ingestion.document_loader.load_document:48]: Đang trích xuất: NLP_2012.14312v1_Panarchy_ ripples of a boundary concept.pdf
[2026-07-13 17:42:19] ERROR [src.ingestion.document_loader.load_directory:71]: Bỏ qua file NLP_2012.14312v1_Panarchy_ ripples of a boundary concept.pdf do lỗi: Vui lòng cài đặt pdfplumber: pip install pdfplumber
[2026-07-13 17:42:19] INFO [src.ingestion.document_loader.load_document:48]: Đang trích xuất: Operating_Systems_0809.5238v1_Mode Change Protocol for Multi-Mode Real.pdf
[2026-07-13 17:42:19] ERROR [src.ingestion.document_loader.load_directory:71]: Bỏ qua file Operating_Systems_0809.5238v1_Mode Change Protocol for Multi-Mode Real.pdf do lỗi: Vui lòng cài đặt pdfplumber: pip install pdfplumber
[2026-07-13 17:42:19] INFO [src.ingestion.document_loader.load_document:48]: Đang trích xuất: Operating_Systems_0902.1610v1_Package upgrades in FOSS distributions_ .pdf
[2026-07-13 17:42:19] ERROR [src.ingestion.document_loader.load_directory:71]: Bỏ qua file Operating_Systems_0902.1610v1_Package upgrades in FOSS distributions_ .pdf do lỗi: Vui lòng cài đặt pdfplumber: pip install pdfplumber
[2026-07-13 17:42:19] INFO [src.ingestion.document_loader.load_document:48]: Đang trích xuất: Operating_Systems_0909.5064v1_A Conceivable Origin of Machine Consciou.pdf
[2026-07-13 17:42:19] ERROR [src.ingestion.document_loader.load_directory:71]: Bỏ qua file Operating_Systems_0909.5064v1_A Conceivable Origin of Machine Consciou.pdf do lỗi: Vui lòng cài đặt pdfplumber: pip install pdfplumber
[2026-07-13 17:42:19] INFO [src.ingestion.document_loader.load_document:48]: Đang trích xuất: Operating_Systems_0910.4052v1_Virtual-Threading_ Advanced General Purp.pdf
[2026-07-13 17:42:19] ERROR [src.ingestion.document_loader.load_directory:71]: Bỏ qua file Operating_Systems_0910.4052v1_Virtual-Threading_ Advanced General Purp.pdf do lỗi: Vui lòng cài đặt pdfplumber: pip install pdfplumber
[2026-07-13 17:42:19] INFO [src.ingestion.document_loader.load_document:48]: Đang trích xuất: Operating_Systems_1002.0298v1_A Data Capsule Framework For Web Service.pdf
[2026-07-13 17:42:19] ERROR [src.ingestion.document_loader.load_directory:71]: Bỏ qua file Operating_Systems_1002.0298v1_A Data Capsule Framework For Web Service.pdf do lỗi: Vui lòng cài đặt pdfplumber: pip install pdfplumber
[2026-07-13 17:42:19] INFO [src.ingestion.document_loader.load_document:48]: Đang trích xuất: Operating_Systems_1011.3087v1_Leakage-Aware Reallocation for Periodic .pdf
[2026-07-13 17:42:19] ERROR [src.ingestion.document_loader.load_directory:71]: Bỏ qua file Operating_Systems_1011.3087v1_Leakage-Aware Reallocation for Periodic .pdf do lỗi: Vui lòng cài đặt pdfplumber: pip install pdfplumber
[2026-07-13 17:42:19] INFO [src.ingestion.document_loader.load_document:48]: Đang trích xuất: Operating_Systems_1012.2831v2_Sesame_ Self-Constructive System Energy .pdf
[2026-07-13 17:42:19] ERROR [src.ingestion.document_loader.load_directory:71]: Bỏ qua file Operating_Systems_1012.2831v2_Sesame_ Self-Constructive System Energy .pdf do lỗi: Vui lòng cài đặt pdfplumber: pip install pdfplumber
[2026-07-13 17:42:19] INFO [src.ingestion.document_loader.load_document:48]: Đang trích xuất: Operating_Systems_1012.4045v1_Application of Global and One-Dimensiona.pdf
[2026-07-13 17:42:19] ERROR [src.ingestion.document_loader.load_directory:71]: Bỏ qua file Operating_Systems_1012.4045v1_Application of Global and One-Dimensiona.pdf do lỗi: Vui lòng cài đặt pdfplumber: pip install pdfplumber
[2026-07-13 17:42:19] INFO [src.ingestion.document_loader.load_document:48]: Đang trích xuất: Operating_Systems_1102.2094v1_Global Scheduling of Multi-Mode Real-Tim.pdf
[2026-07-13 17:42:19] ERROR [src.ingestion.document_loader.load_directory:71]: Bỏ qua file Operating_Systems_1102.2094v1_Global Scheduling of Multi-Mode Real-Tim.pdf do lỗi: Vui lòng cài đặt pdfplumber: pip install pdfplumber
[2026-07-13 17:42:19] INFO [src.ingestion.document_loader.load_document:48]: Đang trích xuất: Operating_Systems_1104.3523v1_An Optimal Real-Time Scheduling Approach.pdf
[2026-07-13 17:42:19] ERROR [src.ingestion.document_loader.load_directory:71]: Bỏ qua file Operating_Systems_1104.3523v1_An Optimal Real-Time Scheduling Approach.pdf do lỗi: Vui lòng cài đặt pdfplumber: pip install pdfplumber
[2026-07-13 17:42:19] INFO [src.ingestion.document_loader.load_document:48]: Đang trích xuất: Operating_Systems_1105.1736v1_Priority Based Dynamic Round Robin _PBDR.pdf
[2026-07-13 17:42:19] ERROR [src.ingestion.document_loader.load_directory:71]: Bỏ qua file Operating_Systems_1105.1736v1_Priority Based Dynamic Round Robin _PBDR.pdf do lỗi: Vui lòng cài đặt pdfplumber: pip install pdfplumber
[2026-07-13 17:42:19] INFO [src.ingestion.document_loader.load_document:48]: Đang trích xuất: Operating_Systems_1111.5251v1_Evolution of a Modular Software Network.pdf
[2026-07-13 17:42:19] ERROR [src.ingestion.document_loader.load_directory:71]: Bỏ qua file Operating_Systems_1111.5251v1_Evolution of a Modular Software Network.pdf do lỗi: Vui lòng cài đặt pdfplumber: pip install pdfplumber
[2026-07-13 17:42:19] INFO [src.ingestion.document_loader.load_document:48]: Đang trích xuất: Operating_Systems_1111.5348v1_A New Round Robin Based Scheduling Algor.pdf
[2026-07-13 17:42:19] ERROR [src.ingestion.document_loader.load_directory:71]: Bỏ qua file Operating_Systems_1111.5348v1_A New Round Robin Based Scheduling Algor.pdf do lỗi: Vui lòng cài đặt pdfplumber: pip install pdfplumber
[2026-07-13 17:42:19] INFO [src.ingestion.document_loader.load_document:48]: Đang trích xuất: Operating_Systems_1112.5136v1_Quest-V_ A Virtualized Multikernel for H.pdf
[2026-07-13 17:42:19] ERROR [src.ingestion.document_loader.load_directory:71]: Bỏ qua file Operating_Systems_1112.5136v1_Quest-V_ A Virtualized Multikernel for H.pdf do lỗi: Vui lòng cài đặt pdfplumber: pip install pdfplumber
[2026-07-13 17:42:19] INFO [src.ingestion.document_loader.load_document:48]: Đang trích xuất: Operating_Systems_1205.1687v1_Age Based User Interface in Mobile Opera.pdf
[2026-07-13 17:42:19] ERROR [src.ingestion.document_loader.load_directory:71]: Bỏ qua file Operating_Systems_1205.1687v1_Age Based User Interface in Mobile Opera.pdf do lỗi: Vui lòng cài đặt pdfplumber: pip install pdfplumber
[2026-07-13 17:42:19] INFO [src.ingestion.document_loader.load_document:48]: Đang trích xuất: Operating_Systems_1207.1591v1_A Secure Dynamic Job Scheduling on Smart.pdf
[2026-07-13 17:42:19] ERROR [src.ingestion.document_loader.load_directory:71]: Bỏ qua file Operating_Systems_1207.1591v1_A Secure Dynamic Job Scheduling on Smart.pdf do lỗi: Vui lòng cài đặt pdfplumber: pip install pdfplumber
[2026-07-13 17:42:19] INFO [src.ingestion.document_loader.load_document:48]: Đang trích xuất: Operating_Systems_1208.6390v1_Performance Evaluation of Flash File Sys.pdf
[2026-07-13 17:42:19] ERROR [src.ingestion.document_loader.load_directory:71]: Bỏ qua file Operating_Systems_1208.6390v1_Performance Evaluation of Flash File Sys.pdf do lỗi: Vui lòng cài đặt pdfplumber: pip install pdfplumber
[2026-07-13 17:42:19] INFO [src.ingestion.document_loader.load_document:48]: Đang trích xuất: Operating_Systems_1806.01589v2_Blocking time under basic priority inher.pdf
[2026-07-13 17:42:19] ERROR [src.ingestion.document_loader.load_directory:71]: Bỏ qua file Operating_Systems_1806.01589v2_Blocking time under basic priority inher.pdf do lỗi: Vui lòng cài đặt pdfplumber: pip install pdfplumber
[2026-07-13 17:42:19] INFO [src.ingestion.document_loader.load_document:48]: Đang trích xuất: Operating_Systems_1808.00017v1_New Analysis Techniques for Supporting H.pdf
[2026-07-13 17:42:19] ERROR [src.ingestion.document_loader.load_directory:71]: Bỏ qua file Operating_Systems_1808.00017v1_New Analysis Techniques for Supporting H.pdf do lỗi: Vui lòng cài đặt pdfplumber: pip install pdfplumber
[2026-07-13 17:42:19] INFO [src.ingestion.document_loader.load_document:48]: Đang trích xuất: Operating_Systems_1808.04239v1_A Spin-based model checking for the simp.pdf
[2026-07-13 17:42:19] ERROR [src.ingestion.document_loader.load_directory:71]: Bỏ qua file Operating_Systems_1808.04239v1_A Spin-based model checking for the simp.pdf do lỗi: Vui lòng cài đặt pdfplumber: pip install pdfplumber
[2026-07-13 17:42:19] INFO [src.ingestion.document_loader.load_document:48]: Đang trích xuất: Operating_Systems_1808.10097v2_Profiling and Improving the Duty-Cycling.pdf
[2026-07-13 17:42:19] ERROR [src.ingestion.document_loader.load_directory:71]: Bỏ qua file Operating_Systems_1808.10097v2_Profiling and Improving the Duty-Cycling.pdf do lỗi: Vui lòng cài đặt pdfplumber: pip install pdfplumber
[2026-07-13 17:42:19] INFO [src.ingestion.document_loader.load_document:48]: Đang trích xuất: Operating_Systems_1809.02892v1_Dependency Graph Approach for Multiproce.pdf
[2026-07-13 17:42:19] ERROR [src.ingestion.document_loader.load_directory:71]: Bỏ qua file Operating_Systems_1809.02892v1_Dependency Graph Approach for Multiproce.pdf do lỗi: Vui lòng cài đặt pdfplumber: pip install pdfplumber
[2026-07-13 17:42:19] INFO [src.ingestion.document_loader.load_document:48]: Đang trích xuất: Operating_Systems_1809.07701v1_On the Fly Orchestration of Unikernels_ .pdf
[2026-07-13 17:42:19] ERROR [src.ingestion.document_loader.load_directory:71]: Bỏ qua file Operating_Systems_1809.07701v1_On the Fly Orchestration of Unikernels_ .pdf do lỗi: Vui lòng cài đặt pdfplumber: pip install pdfplumber
[2026-07-13 17:42:19] INFO [src.ingestion.document_loader.load_document:48]: Đang trích xuất: Operating_Systems_1810.01573v4_TWA -- Ticket Locks Augmented with a Wai.pdf
[2026-07-13 17:42:19] ERROR [src.ingestion.document_loader.load_directory:71]: Bỏ qua file Operating_Systems_1810.01573v4_TWA -- Ticket Locks Augmented with a Wai.pdf do lỗi: Vui lòng cài đặt pdfplumber: pip install pdfplumber
[2026-07-13 17:42:19] INFO [src.ingestion.document_loader.load_document:48]: Đang trích xuất: Operating_Systems_1810.02904v1_Finding Crash-Consistency Bugs with Boun.pdf
[2026-07-13 17:42:19] ERROR [src.ingestion.document_loader.load_directory:71]: Bỏ qua file Operating_Systems_1810.02904v1_Finding Crash-Consistency Bugs with Boun.pdf do lỗi: Vui lòng cài đặt pdfplumber: pip install pdfplumber
[2026-07-13 17:42:19] INFO [src.ingestion.document_loader.load_document:48]: Đang trích xuất: Operating_Systems_1812.07723v1_Modeling Processor Idle Times in MPSoC P.pdf
[2026-07-13 17:42:19] ERROR [src.ingestion.document_loader.load_directory:71]: Bỏ qua file Operating_Systems_1812.07723v1_Modeling Processor Idle Times in MPSoC P.pdf do lỗi: Vui lòng cài đặt pdfplumber: pip install pdfplumber
[2026-07-13 17:42:19] INFO [src.ingestion.document_loader.load_document:48]: Đang trích xuất: Operating_Systems_1812.09822v5_MI6_ Secure Enclaves in a Speculative Ou.pdf
[2026-07-13 17:42:19] ERROR [src.ingestion.document_loader.load_directory:71]: Bỏ qua file Operating_Systems_1812.09822v5_MI6_ Secure Enclaves in a Speculative Ou.pdf do lỗi: Vui lòng cài đặt pdfplumber: pip install pdfplumber
[2026-07-13 17:42:19] INFO [src.ingestion.document_loader.load_document:48]: Đang trích xuất: Operating_Systems_1812.09920v1_Divide et Impera_ MemoryRanger Runs Driv.pdf
[2026-07-13 17:42:19] ERROR [src.ingestion.document_loader.load_directory:71]: Bỏ qua file Operating_Systems_1812.09920v1_Divide et Impera_ MemoryRanger Runs Driv.pdf do lỗi: Vui lòng cài đặt pdfplumber: pip install pdfplumber
[2026-07-13 17:42:19] INFO [src.ingestion.document_loader.load_document:48]: Đang trích xuất: Operating_Systems_1903.03701v1_Processor in Non-Volatile Memory _PiNVSM.pdf
[2026-07-13 17:42:19] ERROR [src.ingestion.document_loader.load_directory:71]: Bỏ qua file Operating_Systems_1903.03701v1_Processor in Non-Volatile Memory _PiNVSM.pdf do lỗi: Vui lòng cài đặt pdfplumber: pip install pdfplumber
[2026-07-13 17:42:19] INFO [src.ingestion.document_loader.load_document:48]: Đang trích xuất: Operating_Systems_1904.11560v1_A Survey on Tiering and Caching in High-.pdf
[2026-07-13 17:42:19] ERROR [src.ingestion.document_loader.load_directory:71]: Bỏ qua file Operating_Systems_1904.11560v1_A Survey on Tiering and Caching in High-.pdf do lỗi: Vui lòng cài đặt pdfplumber: pip install pdfplumber
[2026-07-13 17:42:19] INFO [src.ingestion.document_loader.load_document:48]: Đang trích xuất: Operating_Systems_1905.10141v1_Scan-and-Pay on Android is Dangerous.pdf
[2026-07-13 17:42:19] ERROR [src.ingestion.document_loader.load_directory:71]: Bỏ qua file Operating_Systems_1905.10141v1_Scan-and-Pay on Android is Dangerous.pdf do lỗi: Vui lòng cài đặt pdfplumber: pip install pdfplumber
[2026-07-13 17:42:19] INFO [src.ingestion.document_loader.load_document:48]: Đang trích xuất: Operating_Systems_1905.10818v2_Avoiding Scalability Collapse by Restric.pdf
[2026-07-13 17:42:19] ERROR [src.ingestion.document_loader.load_directory:71]: Bỏ qua file Operating_Systems_1905.10818v2_Avoiding Scalability Collapse by Restric.pdf do lỗi: Vui lòng cài đặt pdfplumber: pip install pdfplumber
[2026-07-13 17:42:19] INFO [src.ingestion.document_loader.load_document:48]: Đang trích xuất: Operating_Systems_1905.12974v3_ExplFrame_ Exploiting Page Frame Cache f.pdf
[2026-07-13 17:42:19] ERROR [src.ingestion.document_loader.load_directory:71]: Bỏ qua file Operating_Systems_1905.12974v3_ExplFrame_ Exploiting Page Frame Cache f.pdf do lỗi: Vui lòng cài đặt pdfplumber: pip install pdfplumber
[2026-07-13 17:42:19] INFO [src.ingestion.document_loader.load_document:48]: Đang trích xuất: Operating_Systems_1907.00271v1_HTS_ A Hardware Task Scheduler for Heter.pdf
[2026-07-13 17:42:19] ERROR [src.ingestion.document_loader.load_directory:71]: Bỏ qua file Operating_Systems_1907.00271v1_HTS_ A Hardware Task Scheduler for Heter.pdf do lỗi: Vui lòng cài đặt pdfplumber: pip install pdfplumber
[2026-07-13 17:42:19] INFO [src.ingestion.document_loader.load_document:48]: Đang trích xuất: Operating_Systems_1907.02064v5_Accelerator-level Parallelism.pdf
[2026-07-13 17:42:19] ERROR [src.ingestion.document_loader.load_directory:71]: Bỏ qua file Operating_Systems_1907.02064v5_Accelerator-level Parallelism.pdf do lỗi: Vui lòng cài đặt pdfplumber: pip install pdfplumber
[2026-07-13 17:42:19] INFO [src.ingestion.document_loader.load_document:48]: Đang trích xuất: Operating_Systems_1907.13245v2_EnclaveDom_ Privilege Separation for Lar.pdf
[2026-07-13 17:42:19] ERROR [src.ingestion.document_loader.load_directory:71]: Bỏ qua file Operating_Systems_1907.13245v2_EnclaveDom_ Privilege Separation for Lar.pdf do lỗi: Vui lòng cài đặt pdfplumber: pip install pdfplumber
[2026-07-13 17:42:19] INFO [src.ingestion.document_loader.load_document:48]: Đang trích xuất: Operating_Systems_1909.09600v1_Multiprocessor Real-Time Locking Protoco.pdf
[2026-07-13 17:42:19] ERROR [src.ingestion.document_loader.load_directory:71]: Bỏ qua file Operating_Systems_1909.09600v1_Multiprocessor Real-Time Locking Protoco.pdf do lỗi: Vui lòng cài đặt pdfplumber: pip install pdfplumber
[2026-07-13 17:42:19] INFO [src.ingestion.document_loader.load_document:48]: Đang trích xuất: Operating_Systems_1910.04949v1_Enabling Failure-resilient Intermittent .pdf
[2026-07-13 17:42:19] ERROR [src.ingestion.document_loader.load_directory:71]: Bỏ qua file Operating_Systems_1910.04949v1_Enabling Failure-resilient Intermittent .pdf do lỗi: Vui lòng cài đặt pdfplumber: pip install pdfplumber
[2026-07-13 17:42:19] INFO [src.ingestion.document_loader.load_document:48]: Đang trích xuất: Operating_Systems_1910.13056v1_Disaggregation and the Application.pdf
[2026-07-13 17:42:19] ERROR [src.ingestion.document_loader.load_directory:71]: Bỏ qua file Operating_Systems_1910.13056v1_Disaggregation and the Application.pdf do lỗi: Vui lòng cài đặt pdfplumber: pip install pdfplumber
[2026-07-13 17:42:19] INFO [src.ingestion.document_loader.load_document:48]: Đang trích xuất: Operating_Systems_1910.14546v1_Debian Package usage profiler for Debian.pdf
[2026-07-13 17:42:19] ERROR [src.ingestion.document_loader.load_directory:71]: Bỏ qua file Operating_Systems_1910.14546v1_Debian Package usage profiler for Debian.pdf do lỗi: Vui lòng cài đặt pdfplumber: pip install pdfplumber
[2026-07-13 17:42:19] INFO [src.ingestion.document_loader.load_document:48]: Đang trích xuất: Operating_Systems_1911.13208v3_Intelligent Resource Scheduling for Co-l.pdf
[2026-07-13 17:42:19] ERROR [src.ingestion.document_loader.load_directory:71]: Bỏ qua file Operating_Systems_1911.13208v3_Intelligent Resource Scheduling for Co-l.pdf do lỗi: Vui lòng cài đặt pdfplumber: pip install pdfplumber
[2026-07-13 17:42:19] INFO [src.ingestion.document_loader.load_document:48]: Đang trích xuất: Operating_Systems_1912.03490v1_Dependability Assessment of the Android .pdf
[2026-07-13 17:42:19] ERROR [src.ingestion.document_loader.load_directory:71]: Bỏ qua file Operating_Systems_1912.03490v1_Dependability Assessment of the Android .pdf do lỗi: Vui lòng cài đặt pdfplumber: pip install pdfplumber
[2026-07-13 17:42:19] INFO [src.ingestion.document_loader.load_document:48]: Đang trích xuất: Operating_Systems_2001.04698v1_Online Scheduling with Makespan Minimiza.pdf
[2026-07-13 17:42:19] ERROR [src.ingestion.document_loader.load_directory:71]: Bỏ qua file Operating_Systems_2001.04698v1_Online Scheduling with Makespan Minimiza.pdf do lỗi: Vui lòng cài đặt pdfplumber: pip install pdfplumber
[2026-07-13 17:42:19] INFO [src.ingestion.document_loader.load_document:48]: Đang trích xuất: Operating_Systems_2001.06159v1_A New Fairness Model based on User_s Obj.pdf
[2026-07-13 17:42:19] ERROR [src.ingestion.document_loader.load_directory:71]: Bỏ qua file Operating_Systems_2001.06159v1_A New Fairness Model based on User_s Obj.pdf do lỗi: Vui lòng cài đặt pdfplumber: pip install pdfplumber
[2026-07-13 17:42:19] INFO [src.ingestion.document_loader.load_document:48]: Đang trích xuất: Operating_Systems_2001.07450v1_Occlum_ Secure and Efficient Multitaskin.pdf
[2026-07-13 17:42:19] ERROR [src.ingestion.document_loader.load_directory:71]: Bỏ qua file Operating_Systems_2001.07450v1_Occlum_ Secure and Efficient Multitaskin.pdf do lỗi: Vui lòng cài đặt pdfplumber: pip install pdfplumber
[2026-07-13 17:42:19] INFO [src.ingestion.document_loader.load_document:48]: Đang trích xuất: Operating_Systems_2001.09991v1_Intel Page Modification Logging_ a hardw.pdf
[2026-07-13 17:42:19] ERROR [src.ingestion.document_loader.load_directory:71]: Bỏ qua file Operating_Systems_2001.09991v1_Intel Page Modification Logging_ a hardw.pdf do lỗi: Vui lòng cài đặt pdfplumber: pip install pdfplumber
[2026-07-13 17:42:19] INFO [src.ingestion.document_loader.load_document:48]: Đang trích xuất: Operating_Systems_2002.11528v1_Safe and Efficient Remote Application Co.pdf
[2026-07-13 17:42:19] ERROR [src.ingestion.document_loader.load_directory:71]: Bỏ qua file Operating_Systems_2002.11528v1_Safe and Efficient Remote Application Co.pdf do lỗi: Vui lòng cài đặt pdfplumber: pip install pdfplumber
[2026-07-13 17:42:19] INFO [src.ingestion.document_loader.load_document:48]: Đang trích xuất: Operating_Systems_2003.05168v1_Multi-Rate Fluid Scheduling of Mixed-Cri.pdf
[2026-07-13 17:42:19] ERROR [src.ingestion.document_loader.load_directory:71]: Bỏ qua file Operating_Systems_2003.05168v1_Multi-Rate Fluid Scheduling of Mixed-Cri.pdf do lỗi: Vui lòng cài đặt pdfplumber: pip install pdfplumber
[2026-07-13 17:42:19] INFO [src.ingestion.document_loader.load_document:48]: Đang trích xuất: Operating_Systems_2004.02400v1_Resource Efficient Isolation Mechanisms .pdf
[2026-07-13 17:42:19] ERROR [src.ingestion.document_loader.load_directory:71]: Bỏ qua file Operating_Systems_2004.02400v1_Resource Efficient Isolation Mechanisms .pdf do lỗi: Vui lòng cài đặt pdfplumber: pip install pdfplumber
[2026-07-13 17:42:19] INFO [src.ingestion.document_loader.load_document:48]: Đang trích xuất: Operating_Systems_2004.02439v1_Optimal Virtual Cluster-based Multiproce.pdf
[2026-07-13 17:42:19] ERROR [src.ingestion.document_loader.load_directory:71]: Bỏ qua file Operating_Systems_2004.02439v1_Optimal Virtual Cluster-based Multiproce.pdf do lỗi: Vui lòng cài đặt pdfplumber: pip install pdfplumber
[2026-07-13 17:42:19] INFO [src.ingestion.document_loader.load_document:48]: Đang trích xuất: Operating_Systems_2004.04846v1__μ_Tiles_ Efficient Intra-Process Privil.pdf
[2026-07-13 17:42:19] ERROR [src.ingestion.document_loader.load_directory:71]: Bỏ qua file Operating_Systems_2004.04846v1__μ_Tiles_ Efficient Intra-Process Privil.pdf do lỗi: Vui lòng cài đặt pdfplumber: pip install pdfplumber
[2026-07-13 17:42:19] INFO [src.ingestion.document_loader.load_document:48]: Đang trích xuất: Operating_Systems_2004.06354v1_A Linux Kernel Scheduler Extension for M.pdf
[2026-07-13 17:42:19] ERROR [src.ingestion.document_loader.load_directory:71]: Bỏ qua file Operating_Systems_2004.06354v1_A Linux Kernel Scheduler Extension for M.pdf do lỗi: Vui lòng cài đặt pdfplumber: pip install pdfplumber
[2026-07-13 17:42:19] INFO [src.ingestion.document_loader.load_document:48]: Đang trích xuất: Operating_Systems_2005.04750v1_Exploiting Inter- and Intra-Memory Asymm.pdf
[2026-07-13 17:42:19] ERROR [src.ingestion.document_loader.load_directory:71]: Bỏ qua file Operating_Systems_2005.04750v1_Exploiting Inter- and Intra-Memory Asymm.pdf do lỗi: Vui lòng cài đặt pdfplumber: pip install pdfplumber
[2026-07-13 17:42:19] INFO [src.ingestion.document_loader.load_document:48]: Đang trích xuất: Operating_Systems_2005.09723v3_High Velocity Kernel File Systems with B.pdf
[2026-07-13 17:42:19] ERROR [src.ingestion.document_loader.load_directory:71]: Bỏ qua file Operating_Systems_2005.09723v3_High Velocity Kernel File Systems with B.pdf do lỗi: Vui lòng cài đặt pdfplumber: pip install pdfplumber
[2026-07-13 17:42:19] INFO [src.ingestion.document_loader.load_document:48]: Đang trích xuất: Operating_Systems_2005.12821v1_Study of Firecracker MicroVM.pdf
[2026-07-13 17:42:19] ERROR [src.ingestion.document_loader.load_directory:71]: Bỏ qua file Operating_Systems_2005.12821v1_Study of Firecracker MicroVM.pdf do lỗi: Vui lòng cài đặt pdfplumber: pip install pdfplumber
[2026-07-13 17:42:19] INFO [src.ingestion.document_loader.load_document:48]: Đang trích xuất: Operating_Systems_2006.07163v2_Nefele_ Process Orchestration for the Cl.pdf
[2026-07-13 17:42:19] ERROR [src.ingestion.document_loader.load_directory:71]: Bỏ qua file Operating_Systems_2006.07163v2_Nefele_ Process Orchestration for the Cl.pdf do lỗi: Vui lòng cài đặt pdfplumber: pip install pdfplumber
[2026-07-13 17:42:19] INFO [src.ingestion.document_loader.load_document:48]: Đang trích xuất: Operating_Systems_2006.08966v2_FastDrain_ Removing Page Victimization O.pdf
[2026-07-13 17:42:19] ERROR [src.ingestion.document_loader.load_directory:71]: Bỏ qua file Operating_Systems_2006.08966v2_FastDrain_ Removing Page Victimization O.pdf do lỗi: Vui lòng cài đặt pdfplumber: pip install pdfplumber
[2026-07-13 17:42:19] INFO [src.ingestion.document_loader.load_document:48]: Đang trích xuất: Operating_Systems_2006.12133v2_Optimizing Placement of Heap Memory Obje.pdf
[2026-07-13 17:42:19] ERROR [src.ingestion.document_loader.load_directory:71]: Bỏ qua file Operating_Systems_2006.12133v2_Optimizing Placement of Heap Memory Obje.pdf do lỗi: Vui lòng cài đặt pdfplumber: pip install pdfplumber
[2026-07-13 17:42:19] INFO [src.ingestion.document_loader.load_document:48]: Đang trích xuất: Operating_Systems_2007.06775v3_Analyzing and Mitigating Data Stalls in .pdf
[2026-07-13 17:42:19] ERROR [src.ingestion.document_loader.load_directory:71]: Bỏ qua file Operating_Systems_2007.06775v3_Analyzing and Mitigating Data Stalls in .pdf do lỗi: Vui lòng cài đặt pdfplumber: pip install pdfplumber
[2026-07-13 17:42:19] INFO [src.ingestion.document_loader.load_document:48]: Đang trích xuất: Operating_Systems_2007.12112v1_HeRTA_ Heaviside Real-Time Analysis.pdf
[2026-07-13 17:42:19] ERROR [src.ingestion.document_loader.load_directory:71]: Bỏ qua file Operating_Systems_2007.12112v1_HeRTA_ Heaviside Real-Time Analysis.pdf do lỗi: Vui lòng cài đặt pdfplumber: pip install pdfplumber
[2026-07-13 17:42:19] INFO [src.ingestion.document_loader.load_document:48]: Đang trích xuất: Operating_Systems_2008.03563v1_eXpOS_ A Simple Pedagogical Operating Sy.pdf
[2026-07-13 17:42:19] ERROR [src.ingestion.document_loader.load_directory:71]: Bỏ qua file Operating_Systems_2008.03563v1_eXpOS_ A Simple Pedagogical Operating Sy.pdf do lỗi: Vui lòng cài đặt pdfplumber: pip install pdfplumber
[2026-07-13 17:42:19] INFO [src.ingestion.document_loader.load_document:48]: Đang trích xuất: Operating_Systems_2008.12501v1_Analysis of Interference between RDMA an.pdf
[2026-07-13 17:42:19] ERROR [src.ingestion.document_loader.load_directory:71]: Bỏ qua file Operating_Systems_2008.12501v1_Analysis of Interference between RDMA an.pdf do lỗi: Vui lòng cài đặt pdfplumber: pip install pdfplumber
[2026-07-13 17:42:19] INFO [src.ingestion.document_loader.load_document:48]: Đang trích xuất: Operating_Systems_2009.09206v1_DEAP Cache_ Deep Eviction Admission and .pdf
[2026-07-13 17:42:19] ERROR [src.ingestion.document_loader.load_directory:71]: Bỏ qua file Operating_Systems_2009.09206v1_DEAP Cache_ Deep Eviction Admission and .pdf do lỗi: Vui lòng cài đặt pdfplumber: pip install pdfplumber
[2026-07-13 17:42:19] INFO [src.ingestion.document_loader.load_document:48]: Đang trích xuất: Operating_Systems_2010.15572v2_Experimental Analysis of Communication R.pdf
[2026-07-13 17:42:19] ERROR [src.ingestion.document_loader.load_directory:71]: Bỏ qua file Operating_Systems_2010.15572v2_Experimental Analysis of Communication R.pdf do lỗi: Vui lòng cài đặt pdfplumber: pip install pdfplumber
[2026-07-13 17:42:19] INFO [src.ingestion.document_loader.load_document:48]: Đang trích xuất: Operating_Systems_2011.12092v1_Leveraging Architectural Support of Thre.pdf
[2026-07-13 17:42:19] ERROR [src.ingestion.document_loader.load_directory:71]: Bỏ qua file Operating_Systems_2011.12092v1_Leveraging Architectural Support of Thre.pdf do lỗi: Vui lòng cài đặt pdfplumber: pip install pdfplumber
[2026-07-13 17:42:19] INFO [src.ingestion.document_loader.load_document:48]: Đang trích xuất: Operating_Systems_2102.09980v3_A flow-based IDS using Machine Learning .pdf
[2026-07-13 17:42:19] ERROR [src.ingestion.document_loader.load_directory:71]: Bỏ qua file Operating_Systems_2102.09980v3_A flow-based IDS using Machine Learning .pdf do lỗi: Vui lòng cài đặt pdfplumber: pip install pdfplumber
[2026-07-13 17:42:19] INFO [src.ingestion.document_loader.load_document:48]: Đang trích xuất: Operating_Systems_2110.06253v2_StateAFL_ Greybox Fuzzing for Stateful N.pdf
[2026-07-13 17:42:19] ERROR [src.ingestion.document_loader.load_directory:71]: Bỏ qua file Operating_Systems_2110.06253v2_StateAFL_ Greybox Fuzzing for Stateful N.pdf do lỗi: Vui lòng cài đặt pdfplumber: pip install pdfplumber
[2026-07-13 17:42:19] INFO [src.ingestion.document_loader.load_document:48]: Đang trích xuất: Operating_Systems_2110.10357v1_Fast Bitmap Fit_ A CPU Cache Line friend.pdf
[2026-07-13 17:42:19] ERROR [src.ingestion.document_loader.load_directory:71]: Bỏ qua file Operating_Systems_2110.10357v1_Fast Bitmap Fit_ A CPU Cache Line friend.pdf do lỗi: Vui lòng cài đặt pdfplumber: pip install pdfplumber
[2026-07-13 17:42:19] INFO [src.ingestion.document_loader.load_document:48]: Đang trích xuất: Operating_Systems_2110.11602v1_An O_1_ algorithm for implementing the L.pdf
[2026-07-13 17:42:19] ERROR [src.ingestion.document_loader.load_directory:71]: Bỏ qua file Operating_Systems_2110.11602v1_An O_1_ algorithm for implementing the L.pdf do lỗi: Vui lòng cài đặt pdfplumber: pip install pdfplumber
[2026-07-13 17:42:19] INFO [src.ingestion.document_loader.load_document:48]: Đang trích xuất: Operating_Systems_2111.11554v2_KML_ Using Machine Learning to Improve S.pdf
[2026-07-13 17:42:19] ERROR [src.ingestion.document_loader.load_directory:71]: Bỏ qua file Operating_Systems_2111.11554v2_KML_ Using Machine Learning to Improve S.pdf do lỗi: Vui lòng cài đặt pdfplumber: pip install pdfplumber
[2026-07-13 17:42:19] INFO [src.ingestion.document_loader.load_document:48]: Đang trích xuất: Operating_Systems_2112.06875v1_Virtualizing Mixed-Criticality Systems_ .pdf
[2026-07-13 17:42:19] ERROR [src.ingestion.document_loader.load_directory:71]: Bỏ qua file Operating_Systems_2112.06875v1_Virtualizing Mixed-Criticality Systems_ .pdf do lỗi: Vui lòng cài đặt pdfplumber: pip install pdfplumber
[2026-07-13 17:42:19] INFO [src.ingestion.document_loader.load_document:48]: Đang trích xuất: Operating_Systems_2201.08378v1_Adelie_ Continuous Address Space Layout .pdf
[2026-07-13 17:42:19] ERROR [src.ingestion.document_loader.load_directory:71]: Bỏ qua file Operating_Systems_2201.08378v1_Adelie_ Continuous Address Space Layout .pdf do lỗi: Vui lòng cài đặt pdfplumber: pip install pdfplumber
[2026-07-13 17:42:19] INFO [src.ingestion.document_loader.load_document:48]: Đang trích xuất: Operating_Systems_2201.13160v1_AnyCall_ Fast and Flexible System-Call A.pdf
[2026-07-13 17:42:19] ERROR [src.ingestion.document_loader.load_directory:71]: Bỏ qua file Operating_Systems_2201.13160v1_AnyCall_ Fast and Flexible System-Call A.pdf do lỗi: Vui lòng cài đặt pdfplumber: pip install pdfplumber
[2026-07-13 17:42:19] INFO [src.ingestion.document_loader.load_document:48]: Đang trích xuất: Operating_Systems_2202.10400v2_GenStore_ A High-Performance and Energy-.pdf
[2026-07-13 17:42:19] ERROR [src.ingestion.document_loader.load_directory:71]: Bỏ qua file Operating_Systems_2202.10400v2_GenStore_ A High-Performance and Energy-.pdf do lỗi: Vui lòng cài đặt pdfplumber: pip install pdfplumber
[2026-07-13 17:42:19] INFO [src.ingestion.document_loader.load_document:48]: Đang trích xuất: Operating_Systems_2203.10359v3_FPGA-extended General Purpose Computer A.pdf
[2026-07-13 17:42:19] ERROR [src.ingestion.document_loader.load_directory:71]: Bỏ qua file Operating_Systems_2203.10359v3_FPGA-extended General Purpose Computer A.pdf do lỗi: Vui lòng cài đặt pdfplumber: pip install pdfplumber
[2026-07-13 17:42:19] INFO [src.ingestion.document_loader.load_document:48]: Đang trích xuất: Operating_Systems_2204.03289v1_Persistent Memory Objects_ Fast and Easy.pdf
[2026-07-13 17:42:19] ERROR [src.ingestion.document_loader.load_directory:71]: Bỏ qua file Operating_Systems_2204.03289v1_Persistent Memory Objects_ Fast and Easy.pdf do lỗi: Vui lòng cài đặt pdfplumber: pip install pdfplumber
[2026-07-13 17:42:19] INFO [src.ingestion.document_loader.load_document:48]: Đang trích xuất: Operating_Systems_2204.07167v2_Towards Porting Operating Systems with P.pdf
[2026-07-13 17:42:19] ERROR [src.ingestion.document_loader.load_directory:71]: Bỏ qua file Operating_Systems_2204.07167v2_Towards Porting Operating Systems with P.pdf do lỗi: Vui lòng cài đặt pdfplumber: pip install pdfplumber
[2026-07-13 17:42:19] INFO [src.ingestion.document_loader.load_document:48]: Đang trích xuất: Operating_Systems_2204.08846v1_Differentiating Network Flows for Priori.pdf
[2026-07-13 17:42:19] ERROR [src.ingestion.document_loader.load_directory:71]: Bỏ qua file Operating_Systems_2204.08846v1_Differentiating Network Flows for Priori.pdf do lỗi: Vui lòng cài đặt pdfplumber: pip install pdfplumber
[2026-07-13 17:42:19] INFO [src.ingestion.document_loader.load_document:48]: Đang trích xuất: Operating_Systems_2206.00789v2_Unikernel Linux _UKL_.pdf
[2026-07-13 17:42:19] ERROR [src.ingestion.document_loader.load_directory:71]: Bỏ qua file Operating_Systems_2206.00789v2_Unikernel Linux _UKL_.pdf do lỗi: Vui lòng cài đặt pdfplumber: pip install pdfplumber
[2026-07-13 17:42:19] INFO [src.ingestion.document_loader.load_document:48]: Đang trích xuất: Operating_Systems_2206.01547v1_Understanding NVMe Zoned Namespace _ZNS_.pdf
[2026-07-13 17:42:19] ERROR [src.ingestion.document_loader.load_directory:71]: Bỏ qua file Operating_Systems_2206.01547v1_Understanding NVMe Zoned Namespace _ZNS_.pdf do lỗi: Vui lòng cài đặt pdfplumber: pip install pdfplumber
[2026-07-13 17:42:19] INFO [src.ingestion.document_loader.load_document:48]: Đang trích xuất: Operating_Systems_2206.12751v1_Implementation of SquashFS Support in U-.pdf
[2026-07-13 17:42:19] ERROR [src.ingestion.document_loader.load_directory:71]: Bỏ qua file Operating_Systems_2206.12751v1_Implementation of SquashFS Support in U-.pdf do lỗi: Vui lòng cài đặt pdfplumber: pip install pdfplumber
[2026-07-13 17:42:19] INFO [src.ingestion.document_loader.load_document:48]: Đang trích xuất: Operating_Systems_2207.05676v2_HyperDbg_ Reinventing Hardware-Assisted .pdf
[2026-07-13 17:42:19] ERROR [src.ingestion.document_loader.load_directory:71]: Bỏ qua file Operating_Systems_2207.05676v2_HyperDbg_ Reinventing Hardware-Assisted .pdf do lỗi: Vui lòng cài đặt pdfplumber: pip install pdfplumber
[2026-07-13 17:42:19] INFO [src.ingestion.document_loader.load_document:48]: Đang trích xuất: Operating_Systems_2209.08826v1_Rapid Recovery of Program Execution Unde.pdf
[2026-07-13 17:42:19] ERROR [src.ingestion.document_loader.load_directory:71]: Bỏ qua file Operating_Systems_2209.08826v1_Rapid Recovery of Program Execution Unde.pdf do lỗi: Vui lòng cài đặt pdfplumber: pip install pdfplumber
[2026-07-13 17:42:19] INFO [src.ingestion.document_loader.load_document:48]: Đang trích xuất: Operating_Systems_2211.02177v1_MUSTACHE_ Multi-Step-Ahead Predictions f.pdf
[2026-07-13 17:42:19] ERROR [src.ingestion.document_loader.load_directory:71]: Bỏ qua file Operating_Systems_2211.02177v1_MUSTACHE_ Multi-Step-Ahead Predictions f.pdf do lỗi: Vui lòng cài đặt pdfplumber: pip install pdfplumber
[2026-07-13 17:42:19] INFO [src.ingestion.document_loader.load_document:48]: Đang trích xuất: Operating_Systems_2212.04197v1_HyperEnclave_ An Open and Cross-platform.pdf
[2026-07-13 17:42:19] ERROR [src.ingestion.document_loader.load_directory:71]: Bỏ qua file Operating_Systems_2212.04197v1_HyperEnclave_ An Open and Cross-platform.pdf do lỗi: Vui lòng cài đặt pdfplumber: pip install pdfplumber
[2026-07-13 17:42:19] INFO [src.ingestion.document_loader.load_document:48]: Đang trích xuất: Operating_Systems_2301.00562v1_Age-Optimal Multi-Channel-Scheduling und.pdf
[2026-07-13 17:42:19] ERROR [src.ingestion.document_loader.load_directory:71]: Bỏ qua file Operating_Systems_2301.00562v1_Age-Optimal Multi-Channel-Scheduling und.pdf do lỗi: Vui lòng cài đặt pdfplumber: pip install pdfplumber
[2026-07-13 17:42:19] INFO [src.ingestion.document_loader.load_document:48]: Đang trích xuất: Operating_Systems_2302.06418v2_PADLL_ Taming Metadata-intensive HPC Job.pdf
[2026-07-13 17:42:19] ERROR [src.ingestion.document_loader.load_directory:71]: Bỏ qua file Operating_Systems_2302.06418v2_PADLL_ Taming Metadata-intensive HPC Job.pdf do lỗi: Vui lòng cài đặt pdfplumber: pip install pdfplumber
[2026-07-13 17:42:19] INFO [src.ingestion.document_loader.load_document:48]: Đang trích xuất: Operating_Systems_2303.09725v1_Policy_mechanism separation in the Wareh.pdf
[2026-07-13 17:42:19] ERROR [src.ingestion.document_loader.load_directory:71]: Bỏ qua file Operating_Systems_2303.09725v1_Policy_mechanism separation in the Wareh.pdf do lỗi: Vui lòng cài đặt pdfplumber: pip install pdfplumber
[2026-07-13 17:42:19] INFO [src.ingestion.document_loader.load_document:48]: Đang trích xuất: Operating_Systems_2303.13226v2_LearnedFTL_ A Learning-Based Page-Level .pdf
[2026-07-13 17:42:19] ERROR [src.ingestion.document_loader.load_directory:71]: Bỏ qua file Operating_Systems_2303.13226v2_LearnedFTL_ A Learning-Based Page-Level .pdf do lỗi: Vui lòng cài đặt pdfplumber: pip install pdfplumber
[2026-07-13 17:42:19] INFO [src.ingestion.document_loader.load_document:48]: Đang trích xuất: Operating_Systems_2306.01811v3_DVFO_ Learning-Based DVFS for Energy-Eff.pdf
[2026-07-13 17:42:19] ERROR [src.ingestion.document_loader.load_directory:71]: Bỏ qua file Operating_Systems_2306.01811v3_DVFO_ Learning-Based DVFS for Energy-Eff.pdf do lỗi: Vui lòng cài đặt pdfplumber: pip install pdfplumber
[2026-07-13 17:42:19] INFO [src.ingestion.document_loader.load_document:48]: Đang trích xuất: Operating_Systems_2307.11860v1_Understanding _Un_Written Contracts of N.pdf
[2026-07-13 17:42:19] ERROR [src.ingestion.document_loader.load_directory:71]: Bỏ qua file Operating_Systems_2307.11860v1_Understanding _Un_Written Contracts of N.pdf do lỗi: Vui lòng cài đặt pdfplumber: pip install pdfplumber
[2026-07-13 17:42:19] INFO [src.ingestion.document_loader.load_document:48]: Đang trích xuất: Operating_Systems_2309.09618v1_A Discussion on Generalization in Next-A.pdf
[2026-07-13 17:42:19] ERROR [src.ingestion.document_loader.load_directory:71]: Bỏ qua file Operating_Systems_2309.09618v1_A Discussion on Generalization in Next-A.pdf do lỗi: Vui lòng cài đặt pdfplumber: pip install pdfplumber
[2026-07-13 17:42:19] INFO [src.ingestion.document_loader.load_document:48]: Đang trích xuất: Operating_Systems_2309.14477v1_Carbon Containers_ A System-level Facili.pdf
[2026-07-13 17:42:19] ERROR [src.ingestion.document_loader.load_directory:71]: Bỏ qua file Operating_Systems_2309.14477v1_Carbon Containers_ A System-level Facili.pdf do lỗi: Vui lòng cài đặt pdfplumber: pip install pdfplumber
[2026-07-13 17:42:19] INFO [src.ingestion.document_loader.load_document:48]: Đang trích xuất: Operating_Systems_2312.00647v1_MaxMem_ Colocation and Performance for B.pdf
[2026-07-13 17:42:19] ERROR [src.ingestion.document_loader.load_directory:71]: Bỏ qua file Operating_Systems_2312.00647v1_MaxMem_ Colocation and Performance for B.pdf do lỗi: Vui lòng cài đặt pdfplumber: pip install pdfplumber
[2026-07-13 17:42:19] INFO [src.ingestion.document_loader.load_document:48]: Đang trích xuất: Operating_Systems_2312.15153v1_Design and Implementation Considerations.pdf
[2026-07-13 17:42:19] ERROR [src.ingestion.document_loader.load_directory:71]: Bỏ qua file Operating_Systems_2312.15153v1_Design and Implementation Considerations.pdf do lỗi: Vui lòng cài đặt pdfplumber: pip install pdfplumber
[2026-07-13 17:42:19] INFO [src.ingestion.document_loader.load_document:48]: Đang trích xuất: Operating_Systems_2401.00316v1_RASP for LSASS_ Preventing Mimikatz-Rela.pdf
[2026-07-13 17:42:19] ERROR [src.ingestion.document_loader.load_directory:71]: Bỏ qua file Operating_Systems_2401.00316v1_RASP for LSASS_ Preventing Mimikatz-Rela.pdf do lỗi: Vui lòng cài đặt pdfplumber: pip install pdfplumber
[2026-07-13 17:42:19] INFO [src.ingestion.document_loader.load_document:48]: Đang trích xuất: Operating_Systems_2401.01826v1_Data-Driven Power Modeling and Monitorin.pdf
[2026-07-13 17:42:19] ERROR [src.ingestion.document_loader.load_directory:71]: Bỏ qua file Operating_Systems_2401.01826v1_Data-Driven Power Modeling and Monitorin.pdf do lỗi: Vui lòng cài đặt pdfplumber: pip install pdfplumber
[2026-07-13 17:42:19] INFO [src.ingestion.document_loader.load_document:48]: Đang trích xuất: Operating_Systems_2402.07664v1_Enabling performance portability of data.pdf
[2026-07-13 17:42:19] ERROR [src.ingestion.document_loader.load_directory:71]: Bỏ qua file Operating_Systems_2402.07664v1_Enabling performance portability of data.pdf do lỗi: Vui lòng cài đặt pdfplumber: pip install pdfplumber
[2026-07-13 17:42:19] INFO [src.ingestion.document_loader.load_document:48]: Đang trích xuất: Operating_Systems_2404.01363v1_AIOps Solutions for Incident Management_.pdf
[2026-07-13 17:42:19] ERROR [src.ingestion.document_loader.load_directory:71]: Bỏ qua file Operating_Systems_2404.01363v1_AIOps Solutions for Incident Management_.pdf do lỗi: Vui lòng cài đặt pdfplumber: pip install pdfplumber
[2026-07-13 17:42:19] INFO [src.ingestion.document_loader.load_document:48]: Đang trích xuất: Software_Engineering_1904.08007v1_Metamorphic Testing for Quality Assuranc.pdf
[2026-07-13 17:42:19] ERROR [src.ingestion.document_loader.load_directory:71]: Bỏ qua file Software_Engineering_1904.08007v1_Metamorphic Testing for Quality Assuranc.pdf do lỗi: Vui lòng cài đặt pdfplumber: pip install pdfplumber
[2026-07-13 17:42:19] INFO [src.ingestion.document_loader.load_document:48]: Đang trích xuất: Software_Engineering_1904.08164v1_Impact of requirements volatility on sof.pdf
[2026-07-13 17:42:19] ERROR [src.ingestion.document_loader.load_directory:71]: Bỏ qua file Software_Engineering_1904.08164v1_Impact of requirements volatility on sof.pdf do lỗi: Vui lòng cài đặt pdfplumber: pip install pdfplumber
[2026-07-13 17:42:19] INFO [src.ingestion.document_loader.load_document:48]: Đang trích xuất: Software_Engineering_1904.12131v1_Boundary Objects and their Use in Agile .pdf
[2026-07-13 17:42:19] ERROR [src.ingestion.document_loader.load_directory:71]: Bỏ qua file Software_Engineering_1904.12131v1_Boundary Objects and their Use in Agile .pdf do lỗi: Vui lòng cài đặt pdfplumber: pip install pdfplumber
[2026-07-13 17:42:19] INFO [src.ingestion.document_loader.load_document:48]: Đang trích xuất: Software_Engineering_1904.12540v1_A Genetic Framework Model For Self-Adapt.pdf
[2026-07-13 17:42:19] ERROR [src.ingestion.document_loader.load_directory:71]: Bỏ qua file Software_Engineering_1904.12540v1_A Genetic Framework Model For Self-Adapt.pdf do lỗi: Vui lòng cài đặt pdfplumber: pip install pdfplumber
[2026-07-13 17:42:19] INFO [src.ingestion.document_loader.load_document:48]: Đang trích xuất: Software_Engineering_1904.13195v1_Test Selection for Deep Learning Systems.pdf
[2026-07-13 17:42:19] ERROR [src.ingestion.document_loader.load_directory:71]: Bỏ qua file Software_Engineering_1904.13195v1_Test Selection for Deep Learning Systems.pdf do lỗi: Vui lòng cài đặt pdfplumber: pip install pdfplumber
[2026-07-13 17:42:19] INFO [src.ingestion.document_loader.load_document:48]: Đang trích xuất: Software_Engineering_1905.02258v1_Toward Human-Like Summaries Generated fr.pdf
[2026-07-13 17:42:19] ERROR [src.ingestion.document_loader.load_directory:71]: Bỏ qua file Software_Engineering_1905.02258v1_Toward Human-Like Summaries Generated fr.pdf do lỗi: Vui lòng cài đặt pdfplumber: pip install pdfplumber
[2026-07-13 17:42:19] INFO [src.ingestion.document_loader.load_document:48]: Đang trích xuất: Software_Engineering_1906.00815v1_Static Code Analysis of Multilanguage So.pdf
[2026-07-13 17:42:19] ERROR [src.ingestion.document_loader.load_directory:71]: Bỏ qua file Software_Engineering_1906.00815v1_Static Code Analysis of Multilanguage So.pdf do lỗi: Vui lòng cài đặt pdfplumber: pip install pdfplumber
[2026-07-13 17:42:19] INFO [src.ingestion.document_loader.load_document:48]: Đang trích xuất: Software_Engineering_1906.01577v1_Gamification of Enterprise Systems_ A Sy.pdf
[2026-07-13 17:42:19] ERROR [src.ingestion.document_loader.load_directory:71]: Bỏ qua file Software_Engineering_1906.01577v1_Gamification of Enterprise Systems_ A Sy.pdf do lỗi: Vui lòng cài đặt pdfplumber: pip install pdfplumber
[2026-07-13 17:42:19] INFO [src.ingestion.document_loader.load_document:48]: Đang trích xuất: Software_Engineering_2004.10166v1_Dependency-Based Neural Representations .pdf
[2026-07-13 17:42:19] ERROR [src.ingestion.document_loader.load_directory:71]: Bỏ qua file Software_Engineering_2004.10166v1_Dependency-Based Neural Representations .pdf do lỗi: Vui lòng cài đặt pdfplumber: pip install pdfplumber
[2026-07-13 17:42:19] INFO [src.ingestion.document_loader.load_document:48]: Đang trích xuất: Software_Engineering_2005.04045v2_Fundamental Considerations around Scenar.pdf
[2026-07-13 17:42:19] ERROR [src.ingestion.document_loader.load_directory:71]: Bỏ qua file Software_Engineering_2005.04045v2_Fundamental Considerations around Scenar.pdf do lỗi: Vui lòng cài đặt pdfplumber: pip install pdfplumber
[2026-07-13 17:42:19] INFO [src.ingestion.document_loader.load_document:48]: Đang trích xuất: Software_Engineering_2005.10295v1_A refinement checking based strategy for.pdf
[2026-07-13 17:42:19] ERROR [src.ingestion.document_loader.load_directory:71]: Bỏ qua file Software_Engineering_2005.10295v1_A refinement checking based strategy for.pdf do lỗi: Vui lòng cài đặt pdfplumber: pip install pdfplumber
[2026-07-13 17:42:19] INFO [src.ingestion.document_loader.load_document:48]: Đang trích xuất: Software_Engineering_2005.10890v1_Systematic Literature Reviews in Softwar.pdf
[2026-07-13 17:42:19] ERROR [src.ingestion.document_loader.load_directory:71]: Bỏ qua file Software_Engineering_2005.10890v1_Systematic Literature Reviews in Softwar.pdf do lỗi: Vui lòng cài đặt pdfplumber: pip install pdfplumber
[2026-07-13 17:42:19] INFO [src.ingestion.document_loader.load_document:48]: Đang trích xuất: Software_Engineering_2005.13047v1_On the benefit of 3-tier SOA architectur.pdf
[2026-07-13 17:42:19] ERROR [src.ingestion.document_loader.load_directory:71]: Bỏ qua file Software_Engineering_2005.13047v1_On the benefit of 3-tier SOA architectur.pdf do lỗi: Vui lòng cài đặt pdfplumber: pip install pdfplumber
[2026-07-13 17:42:19] INFO [src.ingestion.document_loader.load_document:48]: Đang trích xuất: Software_Engineering_2005.13186v1_Beware the evolving _intelligent_ web se.pdf
[2026-07-13 17:42:19] ERROR [src.ingestion.document_loader.load_directory:71]: Bỏ qua file Software_Engineering_2005.13186v1_Beware the evolving _intelligent_ web se.pdf do lỗi: Vui lòng cài đặt pdfplumber: pip install pdfplumber
[2026-07-13 17:42:19] INFO [src.ingestion.document_loader.load_document:48]: Đang trích xuất: Software_Engineering_2005.13206v2_A Security Policy Model Transformation a.pdf
[2026-07-13 17:42:19] ERROR [src.ingestion.document_loader.load_directory:71]: Bỏ qua file Software_Engineering_2005.13206v2_A Security Policy Model Transformation a.pdf do lỗi: Vui lòng cài đặt pdfplumber: pip install pdfplumber
[2026-07-13 17:42:19] INFO [src.ingestion.document_loader.load_document:48]: Đang trích xuất: Software_Engineering_2006.00236v1_Extracting Features From Process Variant.pdf
[2026-07-13 17:42:19] ERROR [src.ingestion.document_loader.load_directory:71]: Bỏ qua file Software_Engineering_2006.00236v1_Extracting Features From Process Variant.pdf do lỗi: Vui lòng cài đặt pdfplumber: pip install pdfplumber
[2026-07-13 17:42:19] INFO [src.ingestion.document_loader.load_document:48]: Đang trích xuất: Software_Engineering_2006.01351v1_Analyzing programming languages by commu.pdf
[2026-07-13 17:42:19] ERROR [src.ingestion.document_loader.load_directory:71]: Bỏ qua file Software_Engineering_2006.01351v1_Analyzing programming languages by commu.pdf do lỗi: Vui lòng cài đặt pdfplumber: pip install pdfplumber
[2026-07-13 17:42:19] INFO [src.ingestion.document_loader.load_document:48]: Đang trích xuất: Software_Engineering_2006.02168v1_A Mixed Initiative Semantic Web Framewor.pdf
[2026-07-13 17:42:19] ERROR [src.ingestion.document_loader.load_directory:71]: Bỏ qua file Software_Engineering_2006.02168v1_A Mixed Initiative Semantic Web Framewor.pdf do lỗi: Vui lòng cài đặt pdfplumber: pip install pdfplumber
[2026-07-13 17:42:19] INFO [src.ingestion.document_loader.load_document:48]: Đang trích xuất: Software_Engineering_2006.02370v1_Exploring Context-Aware Conversational A.pdf
[2026-07-13 17:42:19] ERROR [src.ingestion.document_loader.load_directory:71]: Bỏ qua file Software_Engineering_2006.02370v1_Exploring Context-Aware Conversational A.pdf do lỗi: Vui lòng cài đặt pdfplumber: pip install pdfplumber
[2026-07-13 17:42:19] INFO [src.ingestion.document_loader.load_document:48]: Đang trích xuất: Software_Engineering_2006.02515v1_A Comparative Study of Data Storage and .pdf
[2026-07-13 17:42:19] ERROR [src.ingestion.document_loader.load_directory:71]: Bỏ qua file Software_Engineering_2006.02515v1_A Comparative Study of Data Storage and .pdf do lỗi: Vui lòng cài đặt pdfplumber: pip install pdfplumber
[2026-07-13 17:42:19] INFO [src.ingestion.document_loader.load_document:48]: Đang trích xuất: Software_Engineering_2006.02763v1_Design Science Research Process_ A Model.pdf
[2026-07-13 17:42:19] ERROR [src.ingestion.document_loader.load_directory:71]: Bỏ qua file Software_Engineering_2006.02763v1_Design Science Research Process_ A Model.pdf do lỗi: Vui lòng cài đặt pdfplumber: pip install pdfplumber
[2026-07-13 17:42:19] INFO [src.ingestion.document_loader.load_document:48]: Đang trích xuất: Software_Engineering_2006.03725v1_Applied Awareness_ Test-Driven GUI Devel.pdf
[2026-07-13 17:42:19] ERROR [src.ingestion.document_loader.load_directory:71]: Bỏ qua file Software_Engineering_2006.03725v1_Applied Awareness_ Test-Driven GUI Devel.pdf do lỗi: Vui lòng cài đặt pdfplumber: pip install pdfplumber
[2026-07-13 17:42:19] INFO [src.ingestion.document_loader.load_document:48]: Đang trích xuất: Software_Engineering_2006.03863v1_Guarded Deep Learning using Scenario-Bas.pdf
[2026-07-13 17:42:19] ERROR [src.ingestion.document_loader.load_directory:71]: Bỏ qua file Software_Engineering_2006.03863v1_Guarded Deep Learning using Scenario-Bas.pdf do lỗi: Vui lòng cài đặt pdfplumber: pip install pdfplumber
[2026-07-13 17:42:19] INFO [src.ingestion.document_loader.load_document:48]: Đang trích xuất: Software_Engineering_2006.04238v1_Blurring Boundaries_ Toward the Collecti.pdf
[2026-07-13 17:42:19] ERROR [src.ingestion.document_loader.load_directory:71]: Bỏ qua file Software_Engineering_2006.04238v1_Blurring Boundaries_ Toward the Collecti.pdf do lỗi: Vui lòng cài đặt pdfplumber: pip install pdfplumber
[2026-07-13 17:42:19] INFO [src.ingestion.document_loader.load_document:48]: Đang trích xuất: Software_Engineering_2006.04911v1_ObjSim_ Lightweight Automatic Patch Prio.pdf
[2026-07-13 17:42:19] ERROR [src.ingestion.document_loader.load_directory:71]: Bỏ qua file Software_Engineering_2006.04911v1_ObjSim_ Lightweight Automatic Patch Prio.pdf do lỗi: Vui lòng cài đặt pdfplumber: pip install pdfplumber
[2026-07-13 17:42:19] INFO [src.ingestion.document_loader.load_document:48]: Đang trích xuất: Software_Engineering_2007.02194v1_30 Years of Software Refactoring Researc.pdf
[2026-07-13 17:42:19] ERROR [src.ingestion.document_loader.load_directory:71]: Bỏ qua file Software_Engineering_2007.02194v1_30 Years of Software Refactoring Researc.pdf do lỗi: Vui lòng cài đặt pdfplumber: pip install pdfplumber
[2026-07-13 17:42:19] INFO [src.ingestion.document_loader.load_document:48]: Đang trích xuất: Software_Engineering_2007.03275v1_An Advanced Approach for Choosing Securi.pdf
[2026-07-13 17:42:19] ERROR [src.ingestion.document_loader.load_directory:71]: Bỏ qua file Software_Engineering_2007.03275v1_An Advanced Approach for Choosing Securi.pdf do lỗi: Vui lòng cài đặt pdfplumber: pip install pdfplumber
[2026-07-13 17:42:19] INFO [src.ingestion.document_loader.load_document:48]: Đang trích xuất: Software_Engineering_2007.04263v1_Social Media Analysis for Crisis Informa.pdf
[2026-07-13 17:42:19] ERROR [src.ingestion.document_loader.load_directory:71]: Bỏ qua file Software_Engineering_2007.04263v1_Social Media Analysis for Crisis Informa.pdf do lỗi: Vui lòng cài đặt pdfplumber: pip install pdfplumber
[2026-07-13 17:42:19] INFO [src.ingestion.document_loader.load_document:48]: Đang trích xuất: Software_Engineering_2007.06654v1_How Do Open Source Software Contributors.pdf
[2026-07-13 17:42:19] ERROR [src.ingestion.document_loader.load_directory:71]: Bỏ qua file Software_Engineering_2007.06654v1_How Do Open Source Software Contributors.pdf do lỗi: Vui lòng cài đặt pdfplumber: pip install pdfplumber
[2026-07-13 17:42:19] INFO [src.ingestion.document_loader.load_document:48]: Đang trích xuất: Software_Engineering_2007.07031v1_A Systematic Identification of Formal an.pdf
[2026-07-13 17:42:19] ERROR [src.ingestion.document_loader.load_directory:71]: Bỏ qua file Software_Engineering_2007.07031v1_A Systematic Identification of Formal an.pdf do lỗi: Vui lòng cài đặt pdfplumber: pip install pdfplumber
[2026-07-13 17:42:19] INFO [src.ingestion.document_loader.load_document:48]: Đang trích xuất: Software_Engineering_2007.07768v2_Opening the Software Engineering Toolbox.pdf
[2026-07-13 17:42:19] ERROR [src.ingestion.document_loader.load_directory:71]: Bỏ qua file Software_Engineering_2007.07768v2_Opening the Software Engineering Toolbox.pdf do lỗi: Vui lòng cài đặt pdfplumber: pip install pdfplumber
[2026-07-13 17:42:19] INFO [src.ingestion.document_loader.load_document:48]: Đang trích xuất: Software_Engineering_2007.07820v1_A complex network analysis of the Compre.pdf
[2026-07-13 17:42:19] ERROR [src.ingestion.document_loader.load_directory:71]: Bỏ qua file Software_Engineering_2007.07820v1_A complex network analysis of the Compre.pdf do lỗi: Vui lòng cài đặt pdfplumber: pip install pdfplumber
[2026-07-13 17:42:19] INFO [src.ingestion.document_loader.load_document:48]: Đang trích xuất: Software_Engineering_2007.08048v1_SafeRESTScript_ Statically Checking REST.pdf
[2026-07-13 17:42:19] ERROR [src.ingestion.document_loader.load_directory:71]: Bỏ qua file Software_Engineering_2007.08048v1_SafeRESTScript_ Statically Checking REST.pdf do lỗi: Vui lòng cài đặt pdfplumber: pip install pdfplumber
[2026-07-13 17:42:19] INFO [src.ingestion.document_loader.load_document:48]: Đang trích xuất: Software_Engineering_2007.08095v2_Synthesize_ Execute and Debug_ Learning .pdf
[2026-07-13 17:42:19] ERROR [src.ingestion.document_loader.load_directory:71]: Bỏ qua file Software_Engineering_2007.08095v2_Synthesize_ Execute and Debug_ Learning .pdf do lỗi: Vui lòng cài đặt pdfplumber: pip install pdfplumber
[2026-07-13 17:42:19] INFO [src.ingestion.document_loader.load_document:48]: Đang trích xuất: Software_Engineering_2007.08292v1_Detecting Optimization Bugs in Database .pdf
[2026-07-13 17:42:19] ERROR [src.ingestion.document_loader.load_directory:71]: Bỏ qua file Software_Engineering_2007.08292v1_Detecting Optimization Bugs in Database .pdf do lỗi: Vui lòng cài đặt pdfplumber: pip install pdfplumber
[2026-07-13 17:42:19] INFO [src.ingestion.document_loader.load_document:48]: Đang trích xuất: Software_Engineering_2007.08351v1_Strengthening Deterministic Policies for.pdf
[2026-07-13 17:42:19] ERROR [src.ingestion.document_loader.load_directory:71]: Bỏ qua file Software_Engineering_2007.08351v1_Strengthening Deterministic Policies for.pdf do lỗi: Vui lòng cài đặt pdfplumber: pip install pdfplumber
[2026-07-13 17:42:19] INFO [src.ingestion.document_loader.load_document:48]: Đang trích xuất: Software_Engineering_2007.08927v3_Towards a Model of Testers_ Cognitive Pr.pdf
[2026-07-13 17:42:19] ERROR [src.ingestion.document_loader.load_directory:71]: Bỏ qua file Software_Engineering_2007.08927v3_Towards a Model of Testers_ Cognitive Pr.pdf do lỗi: Vui lòng cài đặt pdfplumber: pip install pdfplumber
[2026-07-13 17:42:19] INFO [src.ingestion.document_loader.load_document:48]: Đang trích xuất: Software_Engineering_2007.10744v3_Beyond Accuracy_ Assessing Software Docu.pdf
[2026-07-13 17:42:19] ERROR [src.ingestion.document_loader.load_directory:71]: Bỏ qua file Software_Engineering_2007.10744v3_Beyond Accuracy_ Assessing Software Docu.pdf do lỗi: Vui lòng cài đặt pdfplumber: pip install pdfplumber
[2026-07-13 17:42:19] INFO [src.ingestion.document_loader.load_document:48]: Đang trích xuất: Software_Engineering_2007.11897v1_Towards a Systems Engineering based Auto.pdf
[2026-07-13 17:42:19] ERROR [src.ingestion.document_loader.load_directory:71]: Bỏ qua file Software_Engineering_2007.11897v1_Towards a Systems Engineering based Auto.pdf do lỗi: Vui lòng cài đặt pdfplumber: pip install pdfplumber
[2026-07-13 17:42:19] INFO [src.ingestion.document_loader.load_document:48]: Đang trích xuất: Software_Engineering_2007.13025v1_Automated Query Generation for Design Pa.pdf
[2026-07-13 17:42:19] ERROR [src.ingestion.document_loader.load_directory:71]: Bỏ qua file Software_Engineering_2007.13025v1_Automated Query Generation for Design Pa.pdf do lỗi: Vui lòng cài đặt pdfplumber: pip install pdfplumber
[2026-07-13 17:42:19] INFO [src.ingestion.document_loader.load_document:48]: Đang trích xuất: Software_Engineering_2007.13422v1_Long-Term Evaluation of Technical Debt i.pdf
[2026-07-13 17:42:19] ERROR [src.ingestion.document_loader.load_directory:71]: Bỏ qua file Software_Engineering_2007.13422v1_Long-Term Evaluation of Technical Debt i.pdf do lỗi: Vui lòng cài đặt pdfplumber: pip install pdfplumber
[2026-07-13 17:42:19] INFO [src.ingestion.document_loader.load_document:48]: Đang trích xuất: Software_Engineering_2007.15943v1_MUZZ_ Thread-aware Grey-box Fuzzing for .pdf
[2026-07-13 17:42:19] ERROR [src.ingestion.document_loader.load_directory:71]: Bỏ qua file Software_Engineering_2007.15943v1_MUZZ_ Thread-aware Grey-box Fuzzing for .pdf do lỗi: Vui lòng cài đặt pdfplumber: pip install pdfplumber
[2026-07-13 17:42:19] INFO [src.ingestion.document_loader.load_document:48]: Đang trích xuất: Software_Engineering_2008.00474v1_MDA Models and PIM_PSM Transformations U.pdf
[2026-07-13 17:42:19] ERROR [src.ingestion.document_loader.load_directory:71]: Bỏ qua file Software_Engineering_2008.00474v1_MDA Models and PIM_PSM Transformations U.pdf do lỗi: Vui lòng cài đặt pdfplumber: pip install pdfplumber
[2026-07-13 17:42:19] INFO [src.ingestion.document_loader.load_document:48]: Đang trích xuất: Software_Engineering_2008.01725v2_A Large Scale Analysis of Android-Web Hy.pdf
[2026-07-13 17:42:19] ERROR [src.ingestion.document_loader.load_directory:71]: Bỏ qua file Software_Engineering_2008.01725v2_A Large Scale Analysis of Android-Web Hy.pdf do lỗi: Vui lòng cài đặt pdfplumber: pip install pdfplumber
[2026-07-13 17:42:19] INFO [src.ingestion.document_loader.load_document:48]: Đang trích xuất: Software_Engineering_2008.02502v1_iMER_ Iterative Process of Entity Relati.pdf
[2026-07-13 17:42:19] ERROR [src.ingestion.document_loader.load_directory:71]: Bỏ qua file Software_Engineering_2008.02502v1_iMER_ Iterative Process of Entity Relati.pdf do lỗi: Vui lòng cài đặt pdfplumber: pip install pdfplumber
[2026-07-13 17:42:19] INFO [src.ingestion.document_loader.load_document:48]: Đang trích xuất: Software_Engineering_2008.02933v1_Prolog for Verification_ Analysis and Tr.pdf
[2026-07-13 17:42:19] ERROR [src.ingestion.document_loader.load_directory:71]: Bỏ qua file Software_Engineering_2008.02933v1_Prolog for Verification_ Analysis and Tr.pdf do lỗi: Vui lòng cài đặt pdfplumber: pip install pdfplumber
[2026-07-13 17:42:19] INFO [src.ingestion.document_loader.load_document:48]: Đang trích xuất: Software_Engineering_2008.03046v1_Towards Using Probabilistic Models to De.pdf
[2026-07-13 17:42:19] ERROR [src.ingestion.document_loader.load_directory:71]: Bỏ qua file Software_Engineering_2008.03046v1_Towards Using Probabilistic Models to De.pdf do lỗi: Vui lòng cài đặt pdfplumber: pip install pdfplumber
[2026-07-13 17:42:19] INFO [src.ingestion.document_loader.load_document:48]: Đang trích xuất: Software_Engineering_2008.03547v1_DR-Tools_ a suite of lightweight open-so.pdf
[2026-07-13 17:42:19] ERROR [src.ingestion.document_loader.load_directory:71]: Bỏ qua file Software_Engineering_2008.03547v1_DR-Tools_ a suite of lightweight open-so.pdf do lỗi: Vui lòng cài đặt pdfplumber: pip install pdfplumber
[2026-07-13 17:42:19] INFO [src.ingestion.document_loader.load_document:48]: Đang trích xuất: Software_Engineering_2008.04230v2_A Scalable Querying Scheme for Memory-ef.pdf
[2026-07-13 17:42:19] ERROR [src.ingestion.document_loader.load_directory:71]: Bỏ qua file Software_Engineering_2008.04230v2_A Scalable Querying Scheme for Memory-ef.pdf do lỗi: Vui lòng cài đặt pdfplumber: pip install pdfplumber
[2026-07-13 17:42:19] INFO [src.ingestion.document_loader.load_document:48]: Đang trích xuất: Software_Engineering_2008.04467v1_Challenges in Docker Development_ A Larg.pdf
[2026-07-13 17:42:19] ERROR [src.ingestion.document_loader.load_directory:71]: Bỏ qua file Software_Engineering_2008.04467v1_Challenges in Docker Development_ A Larg.pdf do lỗi: Vui lòng cài đặt pdfplumber: pip install pdfplumber
[2026-07-13 17:42:19] INFO [src.ingestion.document_loader.load_document:48]: Đang trích xuất: Software_Engineering_2008.04618v1_An ad-hoc social network generation appr.pdf
[2026-07-13 17:42:19] ERROR [src.ingestion.document_loader.load_directory:71]: Bỏ qua file Software_Engineering_2008.04618v1_An ad-hoc social network generation appr.pdf do lỗi: Vui lòng cài đặt pdfplumber: pip install pdfplumber
[2026-07-13 17:42:19] INFO [src.ingestion.document_loader.load_document:48]: Đang trích xuất: Software_Engineering_2008.05159v1_Prevalence_ Contents and Automatic Detec.pdf
[2026-07-13 17:42:19] ERROR [src.ingestion.document_loader.load_directory:71]: Bỏ qua file Software_Engineering_2008.05159v1_Prevalence_ Contents and Automatic Detec.pdf do lỗi: Vui lòng cài đặt pdfplumber: pip install pdfplumber
[2026-07-13 17:42:19] INFO [src.ingestion.document_loader.load_document:48]: Đang trích xuất: Software_Engineering_2008.05201v2_OCoR_ An Overlapping-Aware Code Retrieve.pdf
[2026-07-13 17:42:19] ERROR [src.ingestion.document_loader.load_directory:71]: Bỏ qua file Software_Engineering_2008.05201v2_OCoR_ An Overlapping-Aware Code Retrieve.pdf do lỗi: Vui lòng cài đặt pdfplumber: pip install pdfplumber
[2026-07-13 17:42:19] INFO [src.ingestion.document_loader.load_document:48]: Đang trích xuất: Software_Engineering_2008.05515v1_Synergy between Machine_Deep Learning an.pdf
[2026-07-13 17:42:19] ERROR [src.ingestion.document_loader.load_directory:71]: Bỏ qua file Software_Engineering_2008.05515v1_Synergy between Machine_Deep Learning an.pdf do lỗi: Vui lòng cài đặt pdfplumber: pip install pdfplumber
[2026-07-13 17:42:19] INFO [src.ingestion.document_loader.load_document:48]: Đang trích xuất: Software_Engineering_2008.05895v1_Can We Trust Your Explanations_ Sanity C.pdf
[2026-07-13 17:42:19] ERROR [src.ingestion.document_loader.load_directory:71]: Bỏ qua file Software_Engineering_2008.05895v1_Can We Trust Your Explanations_ Sanity C.pdf do lỗi: Vui lòng cài đặt pdfplumber: pip install pdfplumber
[2026-07-13 17:42:19] INFO [src.ingestion.document_loader.load_document:48]: Đang trích xuất: Software_Engineering_2008.10515v1_Leading DevOps Practice and Principle Ad.pdf
[2026-07-13 17:42:20] ERROR [src.ingestion.document_loader.load_directory:71]: Bỏ qua file Software_Engineering_2008.10515v1_Leading DevOps Practice and Principle Ad.pdf do lỗi: Vui lòng cài đặt pdfplumber: pip install pdfplumber
[2026-07-13 17:42:20] INFO [src.ingestion.document_loader.load_document:48]: Đang trích xuất: Software_Engineering_2008.12528v1_Researcher Bias in Software Engineering .pdf
[2026-07-13 17:42:20] ERROR [src.ingestion.document_loader.load_directory:71]: Bỏ qua file Software_Engineering_2008.12528v1_Researcher Bias in Software Engineering .pdf do lỗi: Vui lòng cài đặt pdfplumber: pip install pdfplumber
[2026-07-13 17:42:20] INFO [src.ingestion.document_loader.load_document:48]: Đang trích xuất: Software_Engineering_2008.13489v1_BiLO-CPDP_ Bi-Level Programming for Auto.pdf
[2026-07-13 17:42:20] ERROR [src.ingestion.document_loader.load_directory:71]: Bỏ qua file Software_Engineering_2008.13489v1_BiLO-CPDP_ Bi-Level Programming for Auto.pdf do lỗi: Vui lòng cài đặt pdfplumber: pip install pdfplumber
[2026-07-13 17:42:20] INFO [src.ingestion.document_loader.load_document:48]: Đang trích xuất: Software_Engineering_2009.00867v1_Tree Automata for Extracting Consensus f.pdf
[2026-07-13 17:42:20] ERROR [src.ingestion.document_loader.load_directory:71]: Bỏ qua file Software_Engineering_2009.00867v1_Tree Automata for Extracting Consensus f.pdf do lỗi: Vui lòng cài đặt pdfplumber: pip install pdfplumber
[2026-07-13 17:42:20] INFO [src.ingestion.document_loader.load_document:48]: Đang trích xuất: Software_Engineering_2009.00981v1_Analysis of open source license selectio.pdf
[2026-07-13 17:42:20] ERROR [src.ingestion.document_loader.load_directory:71]: Bỏ qua file Software_Engineering_2009.00981v1_Analysis of open source license selectio.pdf do lỗi: Vui lòng cài đặt pdfplumber: pip install pdfplumber
[2026-07-13 17:42:20] INFO [src.ingestion.document_loader.load_document:48]: Đang trích xuất: Software_Engineering_2009.00999v1_An Automatically Verified Prototype of t.pdf
[2026-07-13 17:42:20] ERROR [src.ingestion.document_loader.load_directory:71]: Bỏ qua file Software_Engineering_2009.00999v1_An Automatically Verified Prototype of t.pdf do lỗi: Vui lòng cài đặt pdfplumber: pip install pdfplumber
[2026-07-13 17:42:20] INFO [src.ingestion.document_loader.load_document:48]: Đang trích xuất: Software_Engineering_2009.01722v1_What Makes Agile Test Artifacts Useful_ .pdf
[2026-07-13 17:42:20] ERROR [src.ingestion.document_loader.load_directory:71]: Bỏ qua file Software_Engineering_2009.01722v1_What Makes Agile Test Artifacts Useful_ .pdf do lỗi: Vui lòng cài đặt pdfplumber: pip install pdfplumber
[2026-07-13 17:42:20] INFO [src.ingestion.document_loader.load_document:48]: Đang trích xuất: Software_Engineering_2009.02438v1_A Large Scale Empirical Study of the Imp.pdf
[2026-07-13 17:42:20] ERROR [src.ingestion.document_loader.load_directory:71]: Bỏ qua file Software_Engineering_2009.02438v1_A Large Scale Empirical Study of the Imp.pdf do lỗi: Vui lòng cài đặt pdfplumber: pip install pdfplumber
[2026-07-13 17:42:20] INFO [src.ingestion.document_loader.load_document:48]: Đang trích xuất: Software_Engineering_2009.02915v1_Code Coverage Aware Test Generation Usin.pdf
[2026-07-13 17:42:20] ERROR [src.ingestion.document_loader.load_directory:71]: Bỏ qua file Software_Engineering_2009.02915v1_Code Coverage Aware Test Generation Usin.pdf do lỗi: Vui lòng cài đặt pdfplumber: pip install pdfplumber
[2026-07-13 17:42:20] INFO [src.ingestion.document_loader.load_document:48]: Đang trích xuất: Software_Engineering_2009.04549v1_Multimodal Deep Learning for Flaw Detect.pdf
[2026-07-13 17:42:20] ERROR [src.ingestion.document_loader.load_directory:71]: Bỏ qua file Software_Engineering_2009.04549v1_Multimodal Deep Learning for Flaw Detect.pdf do lỗi: Vui lòng cài đặt pdfplumber: pip install pdfplumber
[2026-07-13 17:42:20] INFO [src.ingestion.document_loader.load_document:48]: Đang trích xuất: Software_Engineering_2009.05926v1_On the Use of Grey Literature_ A Survey .pdf
[2026-07-13 17:42:20] ERROR [src.ingestion.document_loader.load_directory:71]: Bỏ qua file Software_Engineering_2009.05926v1_On the Use of Grey Literature_ A Survey .pdf do lỗi: Vui lòng cài đặt pdfplumber: pip install pdfplumber
[2026-07-13 17:42:20] INFO [src.ingestion.document_loader.load_document:48]: Đang trích xuất: Software_Engineering_2009.06592v1_Analogy-Making as a Core Primitive in th.pdf
[2026-07-13 17:42:20] ERROR [src.ingestion.document_loader.load_directory:71]: Bỏ qua file Software_Engineering_2009.06592v1_Analogy-Making as a Core Primitive in th.pdf do lỗi: Vui lòng cài đặt pdfplumber: pip install pdfplumber
[2026-07-13 17:42:20] INFO [src.ingestion.document_loader.load_document:48]: Đang trích xuất: Software_Engineering_2009.06848v1_PRF_ A Framework for Building Automatic .pdf
[2026-07-13 17:42:20] ERROR [src.ingestion.document_loader.load_directory:71]: Bỏ qua file Software_Engineering_2009.06848v1_PRF_ A Framework for Building Automatic .pdf do lỗi: Vui lòng cài đặt pdfplumber: pip install pdfplumber
[2026-07-13 17:42:20] INFO [src.ingestion.document_loader.load_document:48]: Đang trích xuất: Software_Engineering_2009.07015v1_Navigation and Exploration in 3D-Game Au.pdf
[2026-07-13 17:42:20] ERROR [src.ingestion.document_loader.load_directory:71]: Bỏ qua file Software_Engineering_2009.07015v1_Navigation and Exploration in 3D-Game Au.pdf do lỗi: Vui lòng cài đặt pdfplumber: pip install pdfplumber
[2026-07-13 17:42:20] INFO [src.ingestion.document_loader.load_document:48]: Đang trích xuất: Software_Engineering_2009.07990v1_An Abstract Framework for Choreographic .pdf
[2026-07-13 17:42:20] ERROR [src.ingestion.document_loader.load_directory:71]: Bỏ qua file Software_Engineering_2009.07990v1_An Abstract Framework for Choreographic .pdf do lỗi: Vui lòng cài đặt pdfplumber: pip install pdfplumber
[2026-07-13 17:42:20] INFO [src.ingestion.document_loader.load_document:48]: Đang trích xuất: Software_Engineering_2009.09117v1_Out of Sight_ Out of Place_ Detecting an.pdf
[2026-07-13 17:42:20] ERROR [src.ingestion.document_loader.load_directory:71]: Bỏ qua file Software_Engineering_2009.09117v1_Out of Sight_ Out of Place_ Detecting an.pdf do lỗi: Vui lòng cài đặt pdfplumber: pip install pdfplumber
[2026-07-13 17:42:20] INFO [src.ingestion.document_loader.load_document:48]: Đang trích xuất: Software_Engineering_2009.09279v1_Toward the Automatic Classification of S.pdf
[2026-07-13 17:42:20] ERROR [src.ingestion.document_loader.load_directory:71]: Bỏ qua file Software_Engineering_2009.09279v1_Toward the Automatic Classification of S.pdf do lỗi: Vui lòng cài đặt pdfplumber: pip install pdfplumber
[2026-07-13 17:42:20] INFO [src.ingestion.document_loader.load_document:48]: Đang trích xuất: Software_Engineering_2009.11741v1_Dynamic Buffer Sizing for Out-of-Order E.pdf
[2026-07-13 17:42:20] ERROR [src.ingestion.document_loader.load_directory:71]: Bỏ qua file Software_Engineering_2009.11741v1_Dynamic Buffer Sizing for Out-of-Order E.pdf do lỗi: Vui lòng cài đặt pdfplumber: pip install pdfplumber
[2026-07-13 17:42:20] INFO [src.ingestion.document_loader.load_document:48]: Đang trích xuất: Software_Engineering_2009.13250v1_Advancing the Research and Development o.pdf
[2026-07-13 17:42:20] ERROR [src.ingestion.document_loader.load_directory:71]: Bỏ qua file Software_Engineering_2009.13250v1_Advancing the Research and Development o.pdf do lỗi: Vui lòng cài đặt pdfplumber: pip install pdfplumber
[2026-07-13 17:42:20] INFO [src.ingestion.document_loader.load_document:48]: Đang trích xuất: Software_Engineering_2009.14740v1_Retrieving and mining professional exper.pdf
[2026-07-13 17:42:20] ERROR [src.ingestion.document_loader.load_directory:71]: Bỏ qua file Software_Engineering_2009.14740v1_Retrieving and mining professional exper.pdf do lỗi: Vui lòng cài đặt pdfplumber: pip install pdfplumber
[2026-07-13 17:42:20] INFO [src.ingestion.document_loader.load_document:48]: Đang trích xuất: Software_Engineering_2010.01924v1_On the Relevance of Cross-project Learni.pdf
[2026-07-13 17:42:20] ERROR [src.ingestion.document_loader.load_directory:71]: Bỏ qua file Software_Engineering_2010.01924v1_On the Relevance of Cross-project Learni.pdf do lỗi: Vui lòng cài đặt pdfplumber: pip install pdfplumber
[2026-07-13 17:42:20] INFO [src.ingestion.document_loader.load_document:48]: Đang trích xuất: Software_Engineering_2010.03896v1_A practical guide towards agile test-dri.pdf
[2026-07-13 17:42:20] ERROR [src.ingestion.document_loader.load_directory:71]: Bỏ qua file Software_Engineering_2010.03896v1_A practical guide towards agile test-dri.pdf do lỗi: Vui lòng cài đặt pdfplumber: pip install pdfplumber
[2026-07-13 17:42:20] INFO [src.ingestion.document_loader.load_document:48]: Đang trích xuất: Software_Engineering_2010.04101v1_Human-Drone Interactions with Semi-Auton.pdf
[2026-07-13 17:42:20] ERROR [src.ingestion.document_loader.load_directory:71]: Bỏ qua file Software_Engineering_2010.04101v1_Human-Drone Interactions with Semi-Auton.pdf do lỗi: Vui lòng cài đặt pdfplumber: pip install pdfplumber
[2026-07-13 17:42:20] INFO [src.ingestion.document_loader.load_document:48]: Đang trích xuất: Software_Engineering_2010.04660v1_Research_ Develop_ Deploy_ Building a Fu.pdf
[2026-07-13 17:42:20] ERROR [src.ingestion.document_loader.load_directory:71]: Bỏ qua file Software_Engineering_2010.04660v1_Research_ Develop_ Deploy_ Building a Fu.pdf do lỗi: Vui lòng cài đặt pdfplumber: pip install pdfplumber
[2026-07-13 17:42:20] INFO [src.ingestion.document_loader.load_document:48]: Đang trích xuất: Software_Engineering_2010.05584v1_Data Loss Detector_ Automatically Reveal.pdf
[2026-07-13 17:42:20] ERROR [src.ingestion.document_loader.load_directory:71]: Bỏ qua file Software_Engineering_2010.05584v1_Data Loss Detector_ Automatically Reveal.pdf do lỗi: Vui lòng cài đặt pdfplumber: pip install pdfplumber
[2026-07-13 17:42:20] INFO [src.ingestion.document_loader.load_document:48]: Đang trích xuất: Software_Engineering_2010.05708v1_Rooting Formal Methods within Higher Edu.pdf
[2026-07-13 17:42:20] ERROR [src.ingestion.document_loader.load_directory:71]: Bỏ qua file Software_Engineering_2010.05708v1_Rooting Formal Methods within Higher Edu.pdf do lỗi: Vui lòng cài đặt pdfplumber: pip install pdfplumber
[2026-07-13 17:42:20] INFO [src.ingestion.document_loader.load_document:48]: Đang trích xuất: Software_Engineering_2010.06301v1_Automating App Review Response Generatio.pdf
[2026-07-13 17:42:20] ERROR [src.ingestion.document_loader.load_directory:71]: Bỏ qua file Software_Engineering_2010.06301v1_Automating App Review Response Generatio.pdf do lỗi: Vui lòng cài đặt pdfplumber: pip install pdfplumber
[2026-07-13 17:42:20] INFO [src.ingestion.document_loader.load_document:48]: Đang trích xuất: Software_Engineering_2010.06312v1_Data Engineering for HPC with Python.pdf
[2026-07-13 17:42:20] ERROR [src.ingestion.document_loader.load_directory:71]: Bỏ qua file Software_Engineering_2010.06312v1_Data Engineering for HPC with Python.pdf do lỗi: Vui lòng cài đặt pdfplumber: pip install pdfplumber
[2026-07-13 17:42:20] INFO [src.ingestion.document_loader.load_document:48]: Đang trích xuất: Software_Engineering_2010.09914v1_Software Engineering Practices for Scien.pdf
[2026-07-13 17:42:20] ERROR [src.ingestion.document_loader.load_directory:71]: Bỏ qua file Software_Engineering_2010.09914v1_Software Engineering Practices for Scien.pdf do lỗi: Vui lòng cài đặt pdfplumber: pip install pdfplumber
[2026-07-13 17:42:20] INFO [src.ingestion.document_loader.load_document:48]: Đang trích xuất: Software_Engineering_2010.15280v1_Specification description and verificati.pdf
[2026-07-13 17:42:20] ERROR [src.ingestion.document_loader.load_directory:71]: Bỏ qua file Software_Engineering_2010.15280v1_Specification description and verificati.pdf do lỗi: Vui lòng cài đặt pdfplumber: pip install pdfplumber
[2026-07-13 17:42:20] INFO [src.ingestion.document_loader.load_document:48]: Đang trích xuất: Software_Engineering_2010.15545v1_Systematic literature review protocol Id.pdf
[2026-07-13 17:42:20] ERROR [src.ingestion.document_loader.load_directory:71]: Bỏ qua file Software_Engineering_2010.15545v1_Systematic literature review protocol Id.pdf do lỗi: Vui lòng cài đặt pdfplumber: pip install pdfplumber
[2026-07-13 17:42:20] INFO [src.ingestion.document_loader.load_document:48]: Đang trích xuất: Software_Engineering_2010.16305v1_Using Relational Problems to Teach Prope.pdf
[2026-07-13 17:42:20] ERROR [src.ingestion.document_loader.load_directory:71]: Bỏ qua file Software_Engineering_2010.16305v1_Using Relational Problems to Teach Prope.pdf do lỗi: Vui lòng cài đặt pdfplumber: pip install pdfplumber
[2026-07-13 17:42:20] INFO [src.ingestion.document_loader.load_document:48]: Đang trích xuất: Software_Engineering_2011.00965v1_Using Vision Videos in a Virtual Focus G.pdf
[2026-07-13 17:42:20] ERROR [src.ingestion.document_loader.load_directory:71]: Bỏ qua file Software_Engineering_2011.00965v1_Using Vision Videos in a Virtual Focus G.pdf do lỗi: Vui lòng cài đặt pdfplumber: pip install pdfplumber
[2026-07-13 17:42:20] INFO [src.ingestion.document_loader.load_document:48]: Đang trích xuất: Software_Engineering_2011.01043v1_Evaluation of Siamese Networks for Seman.pdf
[2026-07-13 17:42:20] ERROR [src.ingestion.document_loader.load_directory:71]: Bỏ qua file Software_Engineering_2011.01043v1_Evaluation of Siamese Networks for Seman.pdf do lỗi: Vui lòng cài đặt pdfplumber: pip install pdfplumber
[2026-07-13 17:42:20] INFO [src.ingestion.document_loader.load_document:48]: Đang trích xuất: Software_Engineering_2011.01407v1_Exempla Gratis _E_G___ Code Examples for.pdf
[2026-07-13 17:42:20] ERROR [src.ingestion.document_loader.load_directory:71]: Bỏ qua file Software_Engineering_2011.01407v1_Exempla Gratis _E_G___ Code Examples for.pdf do lỗi: Vui lòng cài đặt pdfplumber: pip install pdfplumber
[2026-07-13 17:42:20] INFO [src.ingestion.document_loader.load_document:48]: Đang trích xuất: Software_Engineering_2011.02833v3_Digital Twins_ State of the Art Theory a.pdf
[2026-07-13 17:42:20] ERROR [src.ingestion.document_loader.load_directory:71]: Bỏ qua file Software_Engineering_2011.02833v3_Digital Twins_ State of the Art Theory a.pdf do lỗi: Vui lòng cài đặt pdfplumber: pip install pdfplumber
[2026-07-13 17:42:20] INFO [src.ingestion.document_loader.load_document:48]: Đang trích xuất: Software_Engineering_2011.05106v2_How do Practitioners Perceive the Releva.pdf
[2026-07-13 17:42:20] ERROR [src.ingestion.document_loader.load_directory:71]: Bỏ qua file Software_Engineering_2011.05106v2_How do Practitioners Perceive the Releva.pdf do lỗi: Vui lòng cài đặt pdfplumber: pip install pdfplumber
[2026-07-13 17:42:20] INFO [src.ingestion.document_loader.load_document:48]: Đang trích xuất: Software_Engineering_2011.11228v2_Modeling Functional Similarity in Source.pdf
[2026-07-13 17:42:20] ERROR [src.ingestion.document_loader.load_directory:71]: Bỏ qua file Software_Engineering_2011.11228v2_Modeling Functional Similarity in Source.pdf do lỗi: Vui lòng cài đặt pdfplumber: pip install pdfplumber
[2026-07-13 17:42:20] INFO [src.ingestion.document_loader.load_document:48]: Đang trích xuất: Software_Engineering_2012.03716v1_How Successful Are Open Source Contribut.pdf
[2026-07-13 17:42:20] ERROR [src.ingestion.document_loader.load_directory:71]: Bỏ qua file Software_Engineering_2012.03716v1_How Successful Are Open Source Contribut.pdf do lỗi: Vui lòng cài đặt pdfplumber: pip install pdfplumber
[2026-07-13 17:42:20] INFO [src.ingestion.document_loader.load_document:48]: Đang trích xuất: Software_Engineering_2012.05231v1_The Fulib Solution to the TTC 2020 Migra.pdf
[2026-07-13 17:42:20] ERROR [src.ingestion.document_loader.load_directory:71]: Bỏ qua file Software_Engineering_2012.05231v1_The Fulib Solution to the TTC 2020 Migra.pdf do lỗi: Vui lòng cài đặt pdfplumber: pip install pdfplumber
[2026-07-13 17:42:20] INFO [src.ingestion.document_loader.load_document:48]: Đang trích xuất: Software_Engineering_2012.05987v1_Guiding Development Work Across a Softwa.pdf
[2026-07-13 17:42:20] ERROR [src.ingestion.document_loader.load_directory:71]: Bỏ qua file Software_Engineering_2012.05987v1_Guiding Development Work Across a Softwa.pdf do lỗi: Vui lòng cài đặt pdfplumber: pip install pdfplumber
[2026-07-13 17:42:20] INFO [src.ingestion.document_loader.load_document:48]: Đang trích xuất: Software_Engineering_2012.07005v1_Predicting Software Effort from Use Case.pdf
[2026-07-13 17:42:20] ERROR [src.ingestion.document_loader.load_directory:71]: Bỏ qua file Software_Engineering_2012.07005v1_Predicting Software Effort from Use Case.pdf do lỗi: Vui lòng cài đặt pdfplumber: pip install pdfplumber
[2026-07-13 17:42:20] INFO [src.ingestion.document_loader.load_document:48]: Đang trích xuất: Software_Engineering_2012.08959v1_Monitoring Cyber-Physical Systems_ From .pdf
[2026-07-13 17:42:20] ERROR [src.ingestion.document_loader.load_directory:71]: Bỏ qua file Software_Engineering_2012.08959v1_Monitoring Cyber-Physical Systems_ From .pdf do lỗi: Vui lòng cài đặt pdfplumber: pip install pdfplumber
[2026-07-13 17:42:20] INFO [src.ingestion.document_loader.load_document:48]: Đang trích xuất: Software_Engineering_2012.10839v1_Topics and Treatments in Global Software.pdf
[2026-07-13 17:42:20] ERROR [src.ingestion.document_loader.load_directory:71]: Bỏ qua file Software_Engineering_2012.10839v1_Topics and Treatments in Global Software.pdf do lỗi: Vui lòng cài đặt pdfplumber: pip install pdfplumber
[2026-07-13 17:42:20] INFO [src.ingestion.document_loader.load_document:48]: Đang trích xuất: Software_Engineering_2012.14086v1_A Kubernetes Controller for Managing the.pdf
[2026-07-13 17:42:20] ERROR [src.ingestion.document_loader.load_directory:71]: Bỏ qua file Software_Engineering_2012.14086v1_A Kubernetes Controller for Managing the.pdf do lỗi: Vui lòng cài đặt pdfplumber: pip install pdfplumber
[2026-07-13 17:42:20] INFO [src.ingestion.document_loader.load_directory:73]: Tổng kết: Đã trích xuất xong 0 tài liệu PDF.
[2026-07-13 17:42:20] ERROR [__main__.run_milestone1_pipeline:31]: Không tìm thấy dữ liệu thô trong data/raw/!
[2026-07-13 17:43:34] INFO [__main__.run_milestone1_pipeline:24]: ============================================================
[2026-07-13 17:43:34] INFO [__main__.run_milestone1_pipeline:25]: BẮT ĐẦU CHẠY PIPELINE TRÍCH XUẤT HÀNG LOẠT MILESTONE 1
[2026-07-13 17:43:34] INFO [__main__.run_milestone1_pipeline:26]: ============================================================
[2026-07-13 17:43:34] INFO [src.ingestion.document_loader.load_document:48]: Đang trích xuất: Artificial_Intelligence_1904.07601v3_Relation-Shape Convolutional Neural Netw.pdf
[2026-07-13 17:43:35] INFO [src.ingestion.document_loader.load_document:48]: Đang trích xuất: Artificial_Intelligence_1904.07934v2_Devil is in the Edges_ Learning Semantic.pdf
[2026-07-13 17:43:37] INFO [src.ingestion.document_loader.load_document:48]: Đang trích xuất: Artificial_Intelligence_1904.08010v1_How to define co-occurrence in different.pdf
[2026-07-13 17:43:38] INFO [src.ingestion.document_loader.load_document:48]: Đang trích xuất: Artificial_Intelligence_1904.08109v1_Contextual Aware Joint Probability Model.pdf
[2026-07-13 17:43:39] INFO [src.ingestion.document_loader.load_document:48]: Đang trích xuất: Artificial_Intelligence_1904.08149v2_Bayesian policy selection using active i.pdf
[2026-07-13 17:43:40] INFO [src.ingestion.document_loader.load_document:48]: Đang trích xuất: Artificial_Intelligence_1904.08177v1_Downhole Track Detection via Multiscale .pdf
[2026-07-13 17:43:41] INFO [src.ingestion.document_loader.load_document:48]: Đang trích xuất: Artificial_Intelligence_1904.12059v1_ARCHANGEL_ Tamper-proofing Video Archive.pdf
[2026-07-13 17:43:43] INFO [src.ingestion.document_loader.load_document:48]: Đang trích xuất: Artificial_Intelligence_1904.12635v1_Exploration of Self-Propelling Droplets .pdf
[2026-07-13 17:43:53] INFO [src.ingestion.document_loader.load_document:48]: Đang trích xuất: Artificial_Intelligence_1904.12848v6_Unsupervised Data Augmentation for Consi.pdf
[2026-07-13 17:43:57] INFO [src.ingestion.document_loader.load_document:48]: Đang trích xuất: Artificial_Intelligence_1904.12901v1_Challenges of Real-World Reinforcement L.pdf
[2026-07-13 17:43:59] INFO [src.ingestion.document_loader.load_document:48]: Đang trích xuất: Artificial_Intelligence_1904.13196v1_Semantic Referee_ A Neural-Symbolic Fram.pdf
[2026-07-13 17:44:02] INFO [src.ingestion.document_loader.load_document:48]: Đang trích xuất: Artificial_Intelligence_1904.13333v1_Coevo_ a collaborative design platform w.pdf
[2026-07-13 17:44:03] INFO [src.ingestion.document_loader.load_document:48]: Đang trích xuất: Artificial_Intelligence_1905.01984v1_AI-Powered Text Generation for Harmoniou.pdf
[2026-07-13 17:44:06] INFO [src.ingestion.document_loader.load_document:48]: Đang trích xuất: Artificial_Intelligence_1905.02019v1_Conditioning LSTM Decoder and Bi-directi.pdf
[2026-07-13 17:44:07] INFO [src.ingestion.document_loader.load_document:48]: Đang trích xuất: Artificial_Intelligence_1905.02234v2_Image Matters_ Scalable Detection of Off.pdf
[2026-07-13 17:44:08] INFO [src.ingestion.document_loader.load_document:48]: Đang trích xuất: Artificial_Intelligence_1905.02810v1_Decision Making with Machine Learning an.pdf
[2026-07-13 17:44:41] INFO [src.ingestion.document_loader.load_document:48]: Đang trích xuất: Artificial_Intelligence_1905.02845v1_Feature Selection and Feature Extraction.pdf
[2026-07-13 17:44:45] INFO [src.ingestion.document_loader.load_document:48]: Đang trích xuất: Artificial_Intelligence_1905.02941v1_Robust Federated Training via Collaborat.pdf
[2026-07-13 17:44:47] INFO [src.ingestion.document_loader.load_document:48]: Đang trích xuất: Artificial_Intelligence_1905.03362v1_2-bit Model Compression of Deep Convolut.pdf
[2026-07-13 17:44:48] INFO [src.ingestion.document_loader.load_document:48]: Đang trích xuất: Artificial_Intelligence_1905.03427v1_Variable Neighborhood Search for the Bin.pdf
[2026-07-13 17:44:50] INFO [src.ingestion.document_loader.load_document:48]: Đang trích xuất: Artificial_Intelligence_1906.00744v5_Hierarchical Decision Making by Generati.pdf
[2026-07-13 17:45:00] INFO [src.ingestion.document_loader.load_document:48]: Đang trích xuất: Artificial_Intelligence_1906.00805v1_GazeCorrection_Self-Guided Eye Manipulat.pdf
[2026-07-13 17:45:03] INFO [src.ingestion.document_loader.load_document:48]: Đang trích xuất: Artificial_Intelligence_1906.00872v1_From Words to Sentences_ A Progressive L.pdf
[2026-07-13 17:45:04] INFO [src.ingestion.document_loader.load_document:48]: Đang trích xuất: Artificial_Intelligence_1906.01039v1_Neural networks grown and self-organized.pdf
[2026-07-13 17:45:07] INFO [src.ingestion.document_loader.load_document:48]: Đang trích xuất: Artificial_Intelligence_1906.01119v1_Analysis and Improvement of Adversarial .pdf
[2026-07-13 17:45:08] INFO [src.ingestion.document_loader.load_document:48]: Đang trích xuất: Artificial_Intelligence_1906.01121v1_Adversarial Exploitation of Policy Imita.pdf
[2026-07-13 17:45:09] INFO [src.ingestion.document_loader.load_document:48]: Đang trích xuất: Artificial_Intelligence_1906.01126v1_Sequential Triggers for Watermarking of .pdf
[2026-07-13 17:45:10] INFO [src.ingestion.document_loader.load_document:48]: Đang trích xuất: Artificial_Intelligence_1906.01350v2_Rapidly-Exploring Quotient-Space Trees_ .pdf
[2026-07-13 17:45:12] INFO [src.ingestion.document_loader.load_document:48]: Đang trích xuất: Artificial_Intelligence_1906.01374v1_Autonomous Reinforcement Learning of Mul.pdf
[2026-07-13 17:45:14] INFO [src.ingestion.document_loader.load_document:48]: Đang trích xuất: Artificial_Intelligence_1906.01407v1_RL4health_ Crowdsourcing Reinforcement L.pdf
[2026-07-13 17:45:15] INFO [src.ingestion.document_loader.load_document:48]: Đang trích xuất: Artificial_Intelligence_1906.01432v1_Knowledge-augmented Column Networks_ Gui.pdf
[2026-07-13 17:45:17] INFO [src.ingestion.document_loader.load_document:48]: Đang trích xuất: Artificial_Intelligence_1906.01470v3_Options as responses_ Grounding behaviou.pdf
[2026-07-13 17:45:20] INFO [src.ingestion.document_loader.load_document:48]: Đang trích xuất: Artificial_Intelligence_1906.01504v1_Embedded hyper-parameter tuning by Simul.pdf
[2026-07-13 17:45:32] INFO [src.ingestion.document_loader.load_document:48]: Đang trích xuất: Artificial_Intelligence_1906.01562v2_Privacy-preserving Crowd-guided AI Decis.pdf
[2026-07-13 17:45:36] INFO [src.ingestion.document_loader.load_document:48]: Đang trích xuất: Artificial_Intelligence_2005.11729v2_GoChat_ Goal-oriented Chatbots with Hier.pdf
[2026-07-13 17:45:38] INFO [src.ingestion.document_loader.load_document:48]: Đang trích xuất: Artificial_Intelligence_2005.12737v1_Towards United Reasoning for Automatic I.pdf
[2026-07-13 17:45:39] INFO [src.ingestion.document_loader.load_document:48]: Đang trích xuất: Artificial_Intelligence_2005.12826v2_BHN_ A Brain-like Heterogeneous Network.pdf
[2026-07-13 17:45:40] INFO [src.ingestion.document_loader.load_document:48]: Đang trích xuất: Artificial_Intelligence_2005.12841v1_Applying Evolutionary Metaheuristics for.pdf
[2026-07-13 17:45:51] INFO [src.ingestion.document_loader.load_document:48]: Đang trích xuất: Artificial_Intelligence_2005.12974v1_Opportunistic Multi-aspect Fairness thro.pdf
[2026-07-13 17:45:53] INFO [src.ingestion.document_loader.load_document:48]: Đang trích xuất: Artificial_Intelligence_2005.13170v1_Chat as Expected_ Learning to Manipulate.pdf
[2026-07-13 17:45:55] INFO [src.ingestion.document_loader.load_document:48]: Đang trích xuất: Artificial_Intelligence_2005.13186v1_Beware the evolving _intelligent_ web se.pdf
[2026-07-13 17:46:00] INFO [src.ingestion.document_loader.load_document:48]: Đang trích xuất: Artificial_Intelligence_2005.13596v1_Breiman_s _Two Cultures_ Revisited and R.pdf
[2026-07-13 17:46:05] INFO [src.ingestion.document_loader.load_document:48]: Đang trích xuất: Artificial_Intelligence_2005.14037v1_Learning LWF Chain Graphs_ an Order Inde.pdf
[2026-07-13 17:46:08] INFO [src.ingestion.document_loader.load_document:48]: Đang trích xuất: Artificial_Intelligence_2005.14156v1_Unlucky Explorer_ A Complete non-Overlap.pdf
[2026-07-13 17:46:09] INFO [src.ingestion.document_loader.load_document:48]: Đang trích xuất: Artificial_Intelligence_2005.14230v1_Algorithm Selection Framework for Cyber .pdf
[2026-07-13 17:46:09] INFO [src.ingestion.document_loader.load_document:48]: Đang trích xuất: Artificial_Intelligence_2005.14621v1_Fair Classification via Unconstrained Op.pdf
[2026-07-13 17:46:11] INFO [src.ingestion.document_loader.load_document:48]: Đang trích xuất: Artificial_Intelligence_2006.01022v2_A novel approach for multi-agent coopera.pdf
[2026-07-13 17:46:12] INFO [src.ingestion.document_loader.load_document:48]: Đang trích xuất: Artificial_Intelligence_2006.01096v3_Invariant Policy Optimization_ Towards S.pdf
[2026-07-13 17:46:13] INFO [src.ingestion.document_loader.load_document:48]: Đang trích xuất: Artificial_Intelligence_2006.01195v1_Revisiting Bounded-Suboptimal Safe Inter.pdf
[2026-07-13 17:46:14] INFO [src.ingestion.document_loader.load_document:48]: Đang trích xuất: Artificial_Intelligence_2006.01784v1_Coordinating Multiagent Industrial Symbi.pdf
[2026-07-13 17:46:16] INFO [src.ingestion.document_loader.load_document:48]: Đang trích xuất: Artificial_Intelligence_2006.02046v2_Fairness-Aware Explainable Recommendatio.pdf
[2026-07-13 17:46:18] INFO [src.ingestion.document_loader.load_document:48]: Đang trích xuất: Artificial_Intelligence_2006.02078v1_An ExpTime Upper Bound for __mathcal_ALC.pdf
[2026-07-13 17:46:23] INFO [src.ingestion.document_loader.load_document:48]: Đang trích xuất: Artificial_Intelligence_2006.02168v1_A Mixed Initiative Semantic Web Framewor.pdf
[2026-07-13 17:46:25] INFO [src.ingestion.document_loader.load_document:48]: Đang trích xuất: Artificial_Intelligence_2006.02359v1_From Probability to Consilience_ How Exp.pdf
[2026-07-13 17:46:26] INFO [src.ingestion.document_loader.load_document:48]: Đang trích xuất: Artificial_Intelligence_2006.04037v1_Reinforcement Learning for Multi-Product.pdf
[2026-07-13 17:46:36] INFO [src.ingestion.document_loader.load_document:48]: Đang trích xuất: Artificial_Intelligence_2006.04161v1_An Empirical Meta-analysis of the Life S.pdf
[2026-07-13 17:46:40] INFO [src.ingestion.document_loader.load_document:48]: Đang trích xuất: Artificial_Intelligence_2006.04216v1_Efficient AutoML Pipeline Search with Ma.pdf
[2026-07-13 17:46:45] INFO [src.ingestion.document_loader.load_document:48]: Đang trích xuất: Artificial_Intelligence_2006.04331v2_Randomized Policy Learning for Continuou.pdf
[2026-07-13 17:46:47] INFO [src.ingestion.document_loader.load_document:48]: Đang trích xuất: Artificial_Intelligence_2006.04387v2_An ASP approach for reasoning in a conce.pdf
[2026-07-13 17:46:52] INFO [src.ingestion.document_loader.load_document:48]: Đang trích xuất: Artificial_Intelligence_2006.04435v1_CAST_ A Correlation-based Adaptive Spect.pdf
[2026-07-13 17:46:56] INFO [src.ingestion.document_loader.load_document:48]: Đang trích xuất: Artificial_Intelligence_2006.04497v1_Learning under Invariable Bayesian Safet.pdf
[2026-07-13 17:47:02] INFO [src.ingestion.document_loader.load_document:48]: Đang trích xuất: Artificial_Intelligence_2006.04697v1_Supervised Whole DAG Causal Discovery.pdf
[2026-07-13 17:47:03] INFO [src.ingestion.document_loader.load_document:48]: Đang trích xuất: Artificial_Intelligence_2006.04702v3_CycleGT_ Unsupervised Graph-to-Text and .pdf
[2026-07-13 17:47:05] INFO [src.ingestion.document_loader.load_document:48]: Đang trích xuất: Artificial_Intelligence_2006.04707v1_Principles to Practices for Responsible .pdf
[2026-07-13 17:47:08] INFO [src.ingestion.document_loader.load_document:48]: Đang trích xuất: Artificial_Intelligence_2006.04757v3_Mathematical Reasoning via Self-supervis.pdf
[2026-07-13 17:47:11] INFO [src.ingestion.document_loader.load_document:48]: Đang trích xuất: Artificial_Intelligence_2006.05048v3_Policy-focused Agent-based Modeling usin.pdf
[2026-07-13 17:47:15] INFO [src.ingestion.document_loader.load_document:48]: Đang trích xuất: Artificial_Intelligence_2006.05255v1_DeepFair_ Deep Learning for Improving Fa.pdf
[2026-07-13 17:47:17] INFO [src.ingestion.document_loader.load_document:48]: Đang trích xuất: Artificial_Intelligence_2006.05832v1_Adaptive Reinforcement Learning through .pdf
[2026-07-13 17:47:17] INFO [src.ingestion.document_loader.load_document:48]: Đang trích xuất: Artificial_Intelligence_2006.05986v2_ClarQ_ A large-scale and diverse dataset.pdf
[2026-07-13 17:47:18] INFO [src.ingestion.document_loader.load_document:48]: Đang trích xuất: Artificial_Intelligence_2006.08151v1_Group Decision Support for agriculture p.pdf
[2026-07-13 17:47:20] INFO [src.ingestion.document_loader.load_document:48]: Đang trích xuất: Artificial_Intelligence_2006.08331v1_Probing Neural Dialog Models for Convers.pdf
[2026-07-13 17:47:21] INFO [src.ingestion.document_loader.load_document:48]: Đang trích xuất: Artificial_Intelligence_2006.08333v2_An Algorithm to find Superior Fitness on.pdf
[2026-07-13 17:47:22] INFO [src.ingestion.document_loader.load_document:48]: Đang trích xuất: Artificial_Intelligence_2007.04908v2_Modified Possibilistic Fuzzy C-Means Alg.pdf
[2026-07-13 17:47:24] INFO [src.ingestion.document_loader.load_document:48]: Đang trích xuất: Artificial_Intelligence_2007.04979v1_A Cordial Sync_ Going Beyond Marginal Po.pdf
[2026-07-13 17:47:35] INFO [src.ingestion.document_loader.load_document:48]: Đang trích xuất: Artificial_Intelligence_2007.05683v1_Batch-level Experience Replay with Revie.pdf
[2026-07-13 17:47:36] INFO [src.ingestion.document_loader.load_document:48]: Đang trích xuất: Artificial_Intelligence_2007.05896v1_Learning Abstract Models for Strategic E.pdf
[2026-07-13 17:47:40] INFO [src.ingestion.document_loader.load_document:48]: Đang trích xuất: Artificial_Intelligence_2007.06207v1_DinerDash Gym_ A Benchmark for Policy Le.pdf
[2026-07-13 17:47:40] INFO [src.ingestion.document_loader.load_document:48]: Đang trích xuất: Artificial_Intelligence_2007.06292v1_Knowledge Graph Driven Approach to Repre.pdf
[2026-07-13 17:47:46] INFO [src.ingestion.document_loader.load_document:48]: Đang trích xuất: Artificial_Intelligence_2007.06869v1_Robust Identifiability in Linear Structu.pdf
[2026-07-13 17:47:50] INFO [src.ingestion.document_loader.load_document:48]: Đang trích xuất: Artificial_Intelligence_2007.06918v1_Lifelong Learning using Eigentasks_ Task.pdf
[2026-07-13 17:47:53] INFO [src.ingestion.document_loader.load_document:48]: Đang trích xuất: Artificial_Intelligence_2007.07011v2_Lifelong Policy Gradient Learning of Fac.pdf
[2026-07-13 17:48:01] INFO [src.ingestion.document_loader.load_document:48]: Đang trích xuất: Artificial_Intelligence_2007.07170v2_Goal-Aware Prediction_ Learning to Model.pdf
[2026-07-13 17:48:05] INFO [src.ingestion.document_loader.load_document:48]: Đang trích xuất: Artificial_Intelligence_2007.07218v1_Learning Accurate and Human-Like Driving.pdf
[2026-07-13 17:48:07] INFO [src.ingestion.document_loader.load_document:48]: Đang trích xuất: Artificial_Intelligence_2007.07768v2_Opening the Software Engineering Toolbox.pdf
[2026-07-13 17:48:09] INFO [src.ingestion.document_loader.load_document:48]: Đang trích xuất: Artificial_Intelligence_2007.07825v1_Intelligent requirements engineering fro.pdf
[2026-07-13 17:48:11] INFO [src.ingestion.document_loader.load_document:48]: Đang trích xuất: Artificial_Intelligence_2007.08351v1_Strengthening Deterministic Policies for.pdf
[2026-07-13 17:48:13] INFO [src.ingestion.document_loader.load_document:48]: Đang trích xuất: Artificial_Intelligence_2007.08451v1_Specification mining and automated task .pdf
[2026-07-13 17:48:18] INFO [src.ingestion.document_loader.load_document:48]: Đang trích xuất: Artificial_Intelligence_2007.08459v2_PC-PG_ Policy Cover Directed Exploration.pdf
[2026-07-13 17:48:24] INFO [src.ingestion.document_loader.load_document:48]: Đang trích xuất: Artificial_Intelligence_2007.08557v1_Unsupervised Text Generation by Learning.pdf
[2026-07-13 17:48:26] INFO [src.ingestion.document_loader.load_document:48]: Đang trích xuất: Artificial_Intelligence_2007.08690v1_Transfer Deep Reinforcement Learning-ena.pdf
[2026-07-13 17:48:36] INFO [src.ingestion.document_loader.load_document:48]: Đang trích xuất: Artificial_Intelligence_2007.09540v1_Multi-Principal Assistance Games.pdf
[2026-07-13 17:48:37] INFO [src.ingestion.document_loader.load_document:48]: Đang trích xuất: Artificial_Intelligence_2007.09815v3_Event Prediction in the Big Data Era_ A .pdf
[2026-07-13 17:48:41] INFO [src.ingestion.document_loader.load_document:48]: Đang trích xuất: Artificial_Intelligence_2007.10018v1_Toward Machine-Guided_ Human-Initiated E.pdf
[2026-07-13 17:48:43] INFO [src.ingestion.document_loader.load_document:48]: Đang trích xuất: Artificial_Intelligence_2007.10400v1_Phase Transition Behavior in Knowledge C.pdf
[2026-07-13 17:48:48] INFO [src.ingestion.document_loader.load_document:48]: Đang trích xuất: Artificial_Intelligence_2007.10420v1_Non-Markov Policies to Reduce Sequential.pdf
[2026-07-13 17:48:50] INFO [src.ingestion.document_loader.load_document:48]: Đang trích xuất: Artificial_Intelligence_2007.11038v1_Sistema experto para el diagnóstico de e.pdf
[2026-07-13 17:48:52] INFO [src.ingestion.document_loader.load_document:48]: Đang trích xuất: Artificial_Intelligence_2007.12020v1_Few-shot Visual Reasoning with Meta-anal.pdf
[2026-07-13 17:48:54] INFO [src.ingestion.document_loader.load_document:48]: Đang trích xuất: Artificial_Intelligence_2007.12447v1_Towards Automated Discovery of Geometric.pdf
[2026-07-13 17:48:55] INFO [src.ingestion.document_loader.load_document:48]: Đang trích xuất: Artificial_Intelligence_2007.12500v1_Semi-supervised Learning From Demonstrat.pdf
[2026-07-13 17:48:58] INFO [src.ingestion.document_loader.load_document:48]: Đang trích xuất: Artificial_Intelligence_2007.12631v1_On the Programmatic Generation of Reprod.pdf
[2026-07-13 17:48:59] INFO [src.ingestion.document_loader.load_document:48]: Đang trích xuất: Artificial_Intelligence_2008.00150v1_Cluster-Based Information Retrieval by u.pdf
[2026-07-13 17:49:02] INFO [src.ingestion.document_loader.load_document:48]: Đang trích xuất: Artificial_Intelligence_2008.00178v1_Contrastive Explanations in Neural Netwo.pdf
[2026-07-13 17:49:03] INFO [src.ingestion.document_loader.load_document:48]: Đang trích xuất: Artificial_Intelligence_2008.00208v1_Service Chain Composition with Failures .pdf
[2026-07-13 17:49:11] INFO [src.ingestion.document_loader.load_document:48]: Đang trích xuất: Artificial_Intelligence_2008.00304v1_SemEval-2020 Task 7_ Assessing Humor in .pdf
[2026-07-13 17:49:13] INFO [src.ingestion.document_loader.load_document:48]: Đang trích xuất: Artificial_Intelligence_2008.00463v1_Structural Causal Models Are _Solvable b.pdf
[2026-07-13 17:49:15] INFO [src.ingestion.document_loader.load_document:48]: Đang trích xuất: Artificial_Intelligence_2008.00614v1_Dynamics Generalization via Information .pdf
[2026-07-13 17:49:17] INFO [src.ingestion.document_loader.load_document:48]: Đang trích xuất: Artificial_Intelligence_2008.00699v1_Getting to Know One Another_ Calibrating.pdf
[2026-07-13 17:49:20] INFO [src.ingestion.document_loader.load_document:48]: Đang trích xuất: Artificial_Intelligence_2008.01415v2_Modular Constraint Solver Cooperation vi.pdf
[2026-07-13 17:49:22] INFO [src.ingestion.document_loader.load_document:48]: Đang trích xuất: Artificial_Intelligence_2008.01609v1_Exploiting Game Theory for Analysing Jus.pdf
[2026-07-13 17:49:26] INFO [src.ingestion.document_loader.load_document:48]: Đang trích xuất: Artificial_Intelligence_2008.01641v1_Exploring Variational Deep Q Networks.pdf
[2026-07-13 17:49:27] INFO [src.ingestion.document_loader.load_document:48]: Đang trích xuất: Artificial_Intelligence_2008.01700v2_EasyRL_ A Simple and Extensible Reinforc.pdf
[2026-07-13 17:49:28] INFO [src.ingestion.document_loader.load_document:48]: Đang trích xuất: Artificial_Intelligence_2008.02018v1_eclingo_ A solver for Epistemic Logic Pr.pdf
[2026-07-13 17:49:30] INFO [src.ingestion.document_loader.load_document:48]: Đang trích xuất: Artificial_Intelligence_2008.02312v4_Axiom-based Grad-CAM_ Towards Accurate V.pdf
[2026-07-13 17:49:32] INFO [src.ingestion.document_loader.load_document:48]: Đang trích xuất: Artificial_Intelligence_2008.02616v2_The Emergence of Adversarial Communicati.pdf
[2026-07-13 17:49:37] INFO [src.ingestion.document_loader.load_document:48]: Đang trích xuất: Artificial_Intelligence_2008.02646v1_Deep Reinforcement Learning for Tactile .pdf
[2026-07-13 17:49:40] INFO [src.ingestion.document_loader.load_document:48]: Đang trích xuất: Artificial_Intelligence_2008.02735v1_Towards Ranking-based Semantics for Abst.pdf
[2026-07-13 17:49:41] INFO [src.ingestion.document_loader.load_document:48]: Đang trích xuất: Artificial_Intelligence_2008.03323v3_COVID-19 in differential diagnosis of on.pdf
[2026-07-13 17:49:42] INFO [src.ingestion.document_loader.load_document:48]: Đang trích xuất: Artificial_Intelligence_2008.03519v1_Learning abstract structure for drawing .pdf
[2026-07-13 17:49:43] INFO [src.ingestion.document_loader.load_document:48]: Đang trích xuất: Artificial_Intelligence_2008.03707v1_Risk-Sensitive Markov Decision Processes.pdf
[2026-07-13 17:49:48] INFO [src.ingestion.document_loader.load_document:48]: Đang trích xuất: Artificial_Intelligence_2008.03787v1_Neural Manipulation Planning on Constrai.pdf
[2026-07-13 17:49:50] INFO [src.ingestion.document_loader.load_document:48]: Đang trích xuất: Artificial_Intelligence_2008.03900v2_Wikidata Constraints on MARS _Extended T.pdf
[2026-07-13 17:49:53] INFO [src.ingestion.document_loader.load_document:48]: Đang trích xuất: Artificial_Intelligence_2008.04105v1_Distributed Deep Reinforcement Learning .pdf
[2026-07-13 17:49:57] INFO [src.ingestion.document_loader.load_document:48]: Đang trích xuất: Artificial_Intelligence_2008.04165v2_Proof-Carrying Plans_ a Resource Logic f.pdf
[2026-07-13 17:50:01] INFO [src.ingestion.document_loader.load_document:48]: Đang trích xuất: Artificial_Intelligence_2008.04256v1_Purely Bayesian counterfactuals versus N.pdf
[2026-07-13 17:50:04] INFO [src.ingestion.document_loader.load_document:48]: Đang trích xuất: Artificial_Intelligence_2008.04407v1_Fault-Tolerant Control of Degrading Syst.pdf
[2026-07-13 17:50:05] INFO [src.ingestion.document_loader.load_document:48]: Đang trích xuất: Artificial_Intelligence_2008.04774v2_SMT-based Safety Verification of Paramet.pdf
[2026-07-13 17:50:10] INFO [src.ingestion.document_loader.load_document:48]: Đang trích xuất: Artificial_Intelligence_2008.04970v1_Metaheuristics for the operating theater.pdf
[2026-07-13 17:50:14] INFO [src.ingestion.document_loader.load_document:48]: Đang trích xuất: Artificial_Intelligence_2008.05239v3_A Knowledge Graph for Assessing Aggressi.pdf
[2026-07-13 17:50:17] INFO [src.ingestion.document_loader.load_document:48]: Đang trích xuất: Artificial_Intelligence_2008.05580v1_Toward the quantification of cognition.pdf
[2026-07-13 17:50:26] INFO [src.ingestion.document_loader.load_document:48]: Đang trích xuất: Artificial_Intelligence_2008.05789v1_Look_ Listen_ and Attend_ Co-Attention N.pdf
[2026-07-13 17:50:30] INFO [src.ingestion.document_loader.load_document:48]: Đang trích xuất: Artificial_Intelligence_2008.06073v1_Visuomotor Mechanical Search_ Learning t.pdf
[2026-07-13 17:50:32] INFO [src.ingestion.document_loader.load_document:48]: Đang trích xuất: Artificial_Intelligence_2008.06626v1_Safe Reinforcement Learning in Constrain.pdf
[2026-07-13 17:50:35] INFO [src.ingestion.document_loader.load_document:48]: Đang trích xuất: Artificial_Intelligence_2008.06693v4_Explainability in Deep Reinforcement Lea.pdf
[2026-07-13 17:50:38] INFO [src.ingestion.document_loader.load_document:48]: Đang trích xuất: Artificial_Intelligence_2008.06696v1_Autonomous Braking and Throttle System_ .pdf
[2026-07-13 17:50:40] INFO [src.ingestion.document_loader.load_document:48]: Đang trích xuất: Artificial_Intelligence_2008.06775v1_Model Patching_ Closing the Subgroup Per.pdf
[2026-07-13 17:50:45] INFO [src.ingestion.document_loader.load_document:48]: Đang trích xuất: Artificial_Intelligence_2008.07328v1_An Ontological AI-and-Law Framework for .pdf
[2026-07-13 17:50:50] INFO [src.ingestion.document_loader.load_document:48]: Đang trích xuất: Artificial_Intelligence_2012.11903v1_Modelling Human Routines_ Conceptualisin.pdf
[2026-07-13 17:50:53] INFO [src.ingestion.document_loader.load_document:48]: Đang trích xuất: Artificial_Intelligence_2012.12104v1_A Deep Reinforcement Learning Approach f.pdf
[2026-07-13 17:50:58] INFO [src.ingestion.document_loader.load_document:48]: Đang trích xuất: Artificial_Intelligence_2012.12447v1_Skeleton-based Approaches based on Machi.pdf
[2026-07-13 17:51:01] INFO [src.ingestion.document_loader.load_document:48]: Đang trích xuất: Artificial_Intelligence_2012.12634v1_Overview of FPGA deep learning accelerat.pdf
[2026-07-13 17:51:02] INFO [src.ingestion.document_loader.load_document:48]: Đang trích xuất: Artificial_Intelligence_2012.12718v1_Compliance Generation for Privacy Docume.pdf
[2026-07-13 17:51:04] INFO [src.ingestion.document_loader.load_document:48]: Đang trích xuất: Artificial_Intelligence_2012.13026v1_Rethink AI-based Power Grid Control_ Div.pdf
[2026-07-13 17:51:05] INFO [src.ingestion.document_loader.load_document:48]: Đang trích xuất: Artificial_Intelligence_2012.13293v1_Fuzzy Commitments Offer Insufficient Pro.pdf
[2026-07-13 17:51:07] INFO [src.ingestion.document_loader.load_document:48]: Đang trích xuất: Artificial_Intelligence_2012.13315v1_Generalization in portfolio-based algori.pdf
[2026-07-13 17:51:10] INFO [src.ingestion.document_loader.load_document:48]: Đang trích xuất: Artificial_Intelligence_2012.13391v2_I like fish_ especially dolphins_ Addres.pdf
[2026-07-13 17:51:13] INFO [src.ingestion.document_loader.load_document:48]: Đang trích xuất: Artificial_Intelligence_2012.13569v1_Dynamic-K Recommendation with Personaliz.pdf
[2026-07-13 17:51:14] INFO [src.ingestion.document_loader.load_document:48]: Đang trích xuất: Artificial_Intelligence_2012.13666v1_PaXNet_ Dental Caries Detection in Panor.pdf
[2026-07-13 17:51:17] INFO [src.ingestion.document_loader.load_document:48]: Đang trích xuất: Artificial_Intelligence_2012.13677v1_Toward Compact Data from Big Data.pdf
[2026-07-13 17:51:19] INFO [src.ingestion.document_loader.load_document:48]: Đang trích xuất: Artificial_Intelligence_2012.13779v1_Towards sample-efficient episodic contro.pdf
[2026-07-13 17:51:20] INFO [src.ingestion.document_loader.load_document:48]: Đang trích xuất: Artificial_Intelligence_2012.14005v1_Neural document expansion for ad-hoc inf.pdf
[2026-07-13 17:51:21] INFO [src.ingestion.document_loader.load_document:48]: Đang trích xuất: Computer_Networks_1904.07956v3_An Efficient Framework for Network Code .pdf
[2026-07-13 17:51:24] INFO [src.ingestion.document_loader.load_document:48]: Đang trích xuất: Computer_Networks_1904.07962v1_System-Level Simulator of LTE Sidelink C.pdf
[2026-07-13 17:51:25] INFO [src.ingestion.document_loader.load_document:48]: Đang trích xuất: Computer_Networks_1904.07963v1_On the Resource Utilization of Multi-Con.pdf
[2026-07-13 17:51:27] INFO [src.ingestion.document_loader.load_document:48]: Đang trích xuất: Computer_Networks_1904.07973v1_Performances of C-V2X Communication on H.pdf
[2026-07-13 17:51:28] INFO [src.ingestion.document_loader.load_document:48]: Đang trích xuất: Computer_Networks_1904.08179v1_Authenticated Preambles for Denial of Se.pdf
[2026-07-13 17:51:29] INFO [src.ingestion.document_loader.load_document:48]: Đang trích xuất: Computer_Networks_1904.13029v1_On Coverage Probability With Type-II HAR.pdf
[2026-07-13 17:51:31] INFO [src.ingestion.document_loader.load_document:48]: Đang trích xuất: Computer_Networks_1905.00152v5_Towards Smart and Reconfigurable Environ.pdf
[2026-07-13 17:51:33] INFO [src.ingestion.document_loader.load_document:48]: Đang trích xuất: Computer_Networks_1905.02178v1_Age of Information Scaling in Large Netw.pdf
[2026-07-13 17:51:34] INFO [src.ingestion.document_loader.load_document:48]: Đang trích xuất: Computer_Networks_1905.03519v1_Intelligent Scheduling and Power Control.pdf
[2026-07-13 17:51:36] INFO [src.ingestion.document_loader.load_document:48]: Đang trích xuất: Computer_Networks_1906.00679v1_The Adversarial Machine Learning Conundr.pdf
[2026-07-13 17:51:38] INFO [src.ingestion.document_loader.load_document:48]: Đang trích xuất: Computer_Networks_1906.00749v1_Application Components Migration in NFV-.pdf
[2026-07-13 17:51:41] INFO [src.ingestion.document_loader.load_document:48]: Đang trích xuất: Computer_Networks_1906.00750v1_Effects of Packet Loss and Jitter on VoL.pdf
[2026-07-13 17:51:41] INFO [src.ingestion.document_loader.load_document:48]: Đang trích xuất: Computer_Networks_1906.00760v1_Fuzzy Route Switching For Energy Preserv.pdf
[2026-07-13 17:51:43] INFO [src.ingestion.document_loader.load_document:48]: Đang trích xuất: Computer_Networks_1906.00864v1_A Proactive Design to Detect Denial of S.pdf
[2026-07-13 17:51:45] INFO [src.ingestion.document_loader.load_document:48]: Đang trích xuất: Computer_Networks_1906.00951v1_User Traffic Prediction for Proactive Re.pdf
[2026-07-13 17:51:48] INFO [src.ingestion.document_loader.load_document:48]: Đang trích xuất: Computer_Networks_1906.01276v1_Anonymity Network Tor and Performance An.pdf
[2026-07-13 17:51:53] INFO [src.ingestion.document_loader.load_document:48]: Đang trích xuất: Computer_Networks_2005.09781v1_SwarmControl_ An Automated Distributed C.pdf
[2026-07-13 17:51:58] INFO [src.ingestion.document_loader.load_document:48]: Đang trích xuất: Computer_Networks_2005.10187v2_Do we need a Contact Tracing App_.pdf
[2026-07-13 17:52:01] INFO [src.ingestion.document_loader.load_document:48]: Đang trích xuất: Computer_Networks_2005.10298v2_Sensor Networks TDOA Self-Calibration_ 2.pdf
[2026-07-13 17:52:02] INFO [src.ingestion.document_loader.load_document:48]: Đang trích xuất: Computer_Networks_2005.12517v1_Information transfer based on precision .pdf
[2026-07-13 17:52:03] INFO [src.ingestion.document_loader.load_document:48]: Đang trích xuất: Computer_Networks_2005.12751v1_Modular WSS-based OXCs for Large-Scale O.pdf
[2026-07-13 17:52:05] INFO [src.ingestion.document_loader.load_document:48]: Đang trích xuất: Computer_Networks_2005.13648v1_In-depth Real-World Evaluation of NB-IoT.pdf
[2026-07-13 17:52:07] INFO [src.ingestion.document_loader.load_document:48]: Đang trích xuất: Computer_Networks_2005.13816v1_The Impact of the Physical Layer on the .pdf
[2026-07-13 17:52:14] INFO [src.ingestion.document_loader.load_document:48]: Đang trích xuất: Computer_Networks_2005.13905v1_Modeling the Location Selection of Mirro.pdf
[2026-07-13 17:52:16] INFO [src.ingestion.document_loader.load_document:48]: Đang trích xuất: Computer_Networks_2005.14430v1_Energy Self-Sustainability in Full-Spect.pdf
[2026-07-13 17:52:19] INFO [src.ingestion.document_loader.load_document:48]: Đang trích xuất: Computer_Networks_2005.14573v2_Time Scheduling and Energy Trading for H.pdf
[2026-07-13 17:52:24] INFO [src.ingestion.document_loader.load_document:48]: Đang trích xuất: Computer_Networks_2005.14651v1_Implementation of Self-Organizing Networ.pdf
[2026-07-13 17:52:26] INFO [src.ingestion.document_loader.load_document:48]: Đang trích xuất: Computer_Networks_2006.00205v1_Opportunities of Optical Spectrum for Fu.pdf
[2026-07-13 17:52:27] INFO [src.ingestion.document_loader.load_document:48]: Đang trích xuất: Computer_Networks_2006.00912v1_An Approach to Avoid the Unreal High Flo.pdf
[2026-07-13 17:52:31] INFO [src.ingestion.document_loader.load_document:48]: Đang trích xuất: Computer_Networks_2006.00992v1_Game Theoretic Approaches in Vehicular N.pdf
[2026-07-13 17:52:39] INFO [src.ingestion.document_loader.load_document:48]: Đang trích xuất: Computer_Networks_2006.01025v1_Coded Caching for Heterogeneous Wireless.pdf
[2026-07-13 17:52:43] INFO [src.ingestion.document_loader.load_document:48]: Đang trích xuất: Computer_Networks_2006.01104v1_Uncertainty-Aware Resource Provisioning .pdf
[2026-07-13 17:52:48] INFO [src.ingestion.document_loader.load_document:48]: Đang trích xuất: Computer_Networks_2006.01404v1_Trust-Based Winnow Linear Multiplicative.pdf
[2026-07-13 17:52:51] INFO [src.ingestion.document_loader.load_document:48]: Đang trích xuất: Computer_Networks_2006.01651v1_DAPES_ Named Data for Off-the-Grid File .pdf
[2026-07-13 17:52:55] INFO [src.ingestion.document_loader.load_document:48]: Đang trích xuất: Computer_Networks_2006.01818v1_Securing Your Collaborative Jupyter Note.pdf
[2026-07-13 17:52:56] INFO [src.ingestion.document_loader.load_document:48]: Đang trích xuất: Computer_Networks_2006.02896v1_Jamming-Aware Control Plane in Elastic O.pdf
[2026-07-13 17:52:58] INFO [src.ingestion.document_loader.load_document:48]: Đang trích xuất: Computer_Networks_2006.03675v1_Publish_ subscribe_ and federate_.pdf
[2026-07-13 17:52:59] INFO [src.ingestion.document_loader.load_document:48]: Đang trích xuất: Computer_Networks_2006.04055v2_Green Resource Allocation and Energy Man.pdf
[2026-07-13 17:53:02] INFO [src.ingestion.document_loader.load_document:48]: Đang trích xuất: Computer_Networks_2006.04595v1_Softwarization_ Virtualization_ _ Machin.pdf
[2026-07-13 17:53:06] INFO [src.ingestion.document_loader.load_document:48]: Đang trích xuất: Computer_Networks_2006.06526v1_Recurrent Neural Networks for Handover M.pdf
[2026-07-13 17:53:08] INFO [src.ingestion.document_loader.load_document:48]: Đang trích xuất: Computer_Networks_2006.08064v1_Timely Detection and Mitigation of Steal.pdf
[2026-07-13 17:53:13] INFO [src.ingestion.document_loader.load_document:48]: Đang trích xuất: Computer_Networks_2006.08199v1_Reducing the total cost of ownership in .pdf
[2026-07-13 17:53:18] INFO [src.ingestion.document_loader.load_document:48]: Đang trích xuất: Computer_Networks_2007.04399v1_Epidemic Exposure Notification with Smar.pdf
[2026-07-13 17:53:22] INFO [src.ingestion.document_loader.load_document:48]: Đang trích xuất: Computer_Networks_2007.07921v1_Performance analysis of a distributed al.pdf
[2026-07-13 17:53:25] INFO [src.ingestion.document_loader.load_document:48]: Đang trích xuất: Computer_Networks_2007.08255v1_MaxSAT Evaluation 2020 -- Benchmark_ Ide.pdf
[2026-07-13 17:53:26] INFO [src.ingestion.document_loader.load_document:48]: Đang trích xuất: Computer_Networks_2007.08633v1_SRv6-PM_ Performance Monitoring of SRv6 .pdf
[2026-07-13 17:53:30] INFO [src.ingestion.document_loader.load_document:48]: Đang trích xuất: Computer_Networks_2007.08793v1_Towards Enabling Critical mMTC_ A Review.pdf
[2026-07-13 17:53:37] INFO [src.ingestion.document_loader.load_document:48]: Đang trích xuất: Computer_Networks_2007.08871v1_Overview of Security of Virtual Mobile N.pdf
[2026-07-13 17:53:38] INFO [src.ingestion.document_loader.load_document:48]: Đang trích xuất: Computer_Networks_2007.09789v1_Adaptive Control Plane Load Balancing in.pdf
[2026-07-13 17:53:40] INFO [src.ingestion.document_loader.load_document:48]: Đang trích xuất: Computer_Networks_2007.10162v2_Inter-Mobile-Device Distance Estimation .pdf
[2026-07-13 17:53:42] INFO [src.ingestion.document_loader.load_document:48]: Đang trích xuất: Computer_Networks_2007.10607v1_Cognitive IoT based Health Monitoring Sc.pdf
[2026-07-13 17:53:49] INFO [src.ingestion.document_loader.load_document:48]: Đang trích xuất: Computer_Networks_2007.11273v1_An Intelligent QoS Algorithm for Home Ne.pdf
[2026-07-13 17:53:51] INFO [src.ingestion.document_loader.load_document:48]: Đang trích xuất: Computer_Networks_2007.11930v1_Blackout Resilient Optical Core Network.pdf
[2026-07-13 17:53:54] INFO [src.ingestion.document_loader.load_document:48]: Đang trích xuất: Computer_Networks_2007.12250v1_WiFi-based Crowd Monitoring and Workspac.pdf
[2026-07-13 17:53:56] INFO [src.ingestion.document_loader.load_document:48]: Đang trích xuất: Computer_Networks_2007.12748v1_Low Earth Orbit Satellites Provide Conti.pdf
[2026-07-13 17:53:56] INFO [src.ingestion.document_loader.load_document:48]: Đang trích xuất: Computer_Networks_2007.13981v2_Farsighted Risk Mitigation of Lateral Mo.pdf
[2026-07-13 17:54:00] INFO [src.ingestion.document_loader.load_document:48]: Đang trích xuất: Computer_Networks_2007.15105v1_Energy-Efficient UAV-Assisted Mobile Edg.pdf
[2026-07-13 17:54:03] INFO [src.ingestion.document_loader.load_document:48]: Đang trích xuất: Computer_Networks_2007.15338v1_New approach to MPI program execution ti.pdf
[2026-07-13 17:54:06] INFO [src.ingestion.document_loader.load_document:48]: Đang trích xuất: Computer_Networks_2007.15906v1_A Novel Emergency Light Based Smart Buil.pdf
[2026-07-13 17:54:07] INFO [src.ingestion.document_loader.load_document:48]: Đang trích xuất: Computer_Networks_2008.00089v1_A Centralized Channel Allocation Method .pdf
[2026-07-13 17:54:11] INFO [src.ingestion.document_loader.load_document:48]: Đang trích xuất: Computer_Networks_2008.00156v1_MIPS_ Instance Placement for Stream Proc.pdf
[2026-07-13 17:54:13] INFO [src.ingestion.document_loader.load_document:48]: Đang trích xuất: Computer_Networks_2008.00208v1_Service Chain Composition with Failures .pdf
[2026-07-13 17:54:20] INFO [src.ingestion.document_loader.load_document:48]: Đang trích xuất: Computer_Networks_2008.01528v1_Throughput Maximization in Uncooperative.pdf
[2026-07-13 17:54:25] INFO [src.ingestion.document_loader.load_document:48]: Đang trích xuất: Computer_Networks_2008.01646v1_Joint Switch-Controller Association and .pdf
[2026-07-13 17:54:31] INFO [src.ingestion.document_loader.load_document:48]: Đang trích xuất: Computer_Networks_2008.01647v1_Online VNF Chaining and Predictive Sched.pdf
[2026-07-13 17:54:35] INFO [src.ingestion.document_loader.load_document:48]: Đang trích xuất: Computer_Networks_2008.02752v1_Internet-Scale Video Streaming over NDN.pdf
[2026-07-13 17:54:37] INFO [src.ingestion.document_loader.load_document:48]: Đang trích xuất: Computer_Networks_2008.02815v1_IEEE 802_11be_ Wi-Fi 7 Strikes Back.pdf
[2026-07-13 17:54:39] INFO [src.ingestion.document_loader.load_document:48]: Đang trích xuất: Computer_Networks_2008.02988v1_An Analytical Framework for Delay Optima.pdf
[2026-07-13 17:54:40] INFO [src.ingestion.document_loader.load_document:48]: Đang trích xuất: Computer_Networks_2008.03140v1_Mathematical model of LoRaWAN channel ac.pdf
[2026-07-13 17:54:41] INFO [src.ingestion.document_loader.load_document:48]: Đang trích xuất: Computer_Networks_2008.03297v1_Multi-Stage Optimized Machine Learning F.pdf
[2026-07-13 17:54:44] INFO [src.ingestion.document_loader.load_document:48]: Đang trích xuất: Computer_Networks_2008.03497v1_Optimizing Co-flows Scheduling and Routi.pdf
[2026-07-13 17:54:48] INFO [src.ingestion.document_loader.load_document:48]: Đang trích xuất: Computer_Networks_2008.03677v1_Enhancing Robustness Against Adversarial.pdf
[2026-07-13 17:54:50] INFO [src.ingestion.document_loader.load_document:48]: Đang trích xuất: Computer_Networks_2008.04105v1_Distributed Deep Reinforcement Learning .pdf
[2026-07-13 17:54:54] INFO [src.ingestion.document_loader.load_document:48]: Đang trích xuất: Computer_Networks_2008.04651v1_A Survey on Human-centric Communications.pdf
[2026-07-13 17:55:04] INFO [src.ingestion.document_loader.load_document:48]: Đang trích xuất: Computer_Networks_2008.05394v1_Overhead Control with Reliable Transmiss.pdf
[2026-07-13 17:55:25] INFO [src.ingestion.document_loader.load_document:48]: Đang trích xuất: Computer_Networks_2008.05852v1_BeeCup_ A Bio-Inspired Energy-Efficient .pdf
[2026-07-13 17:55:30] INFO [src.ingestion.document_loader.load_document:48]: Đang trích xuất: Computer_Networks_2008.07076v1_Certificate and Signature Free Anonymity.pdf
[2026-07-13 17:55:33] INFO [src.ingestion.document_loader.load_document:48]: Đang trích xuất: Computer_Networks_2008.07323v3_New CAP Reduction Mechanisms for IEEE 80.pdf
[2026-07-13 17:55:37] INFO [src.ingestion.document_loader.load_document:48]: Đang trích xuất: Computer_Networks_2010.03839v2_Strategies for Integrating Controls Flow.pdf
[2026-07-13 17:55:41] INFO [src.ingestion.document_loader.load_document:48]: Đang trích xuất: Computer_Networks_2010.03954v1_A Survey on Deep Neural Network Compress.pdf
[2026-07-13 17:55:46] INFO [src.ingestion.document_loader.load_document:48]: Đang trích xuất: Computer_Networks_2010.04418v1_Embedding the Minimum Cost SFC with End-.pdf
[2026-07-13 17:55:47] INFO [src.ingestion.document_loader.load_document:48]: Đang trích xuất: Computer_Networks_2010.04563v1_A Discussion on Context-awareness to Bet.pdf
[2026-07-13 17:55:49] INFO [src.ingestion.document_loader.load_document:48]: Đang trích xuất: Computer_Networks_2010.04993v1_Fair Pricing In Heterogeneous Internet o.pdf
[2026-07-13 17:55:52] INFO [src.ingestion.document_loader.load_document:48]: Đang trích xuất: Computer_Networks_2010.05630v1_The Wireless Train Communication Network.pdf
[2026-07-13 17:55:54] INFO [src.ingestion.document_loader.load_document:48]: Đang trích xuất: Computer_Networks_2010.14811v1_No Perfect Outdoors_ Towards A Deep Prof.pdf
[2026-07-13 17:55:58] INFO [src.ingestion.document_loader.load_document:48]: Đang trích xuất: Computer_Networks_2010.15070v1_Improving Bitcoin Transaction Propagatio.pdf
[2026-07-13 17:55:59] INFO [src.ingestion.document_loader.load_document:48]: Đang trích xuất: Computer_Networks_2010.15572v2_Experimental Analysis of Communication R.pdf
[2026-07-13 17:56:00] INFO [src.ingestion.document_loader.load_document:48]: Đang trích xuất: Computer_Networks_2010.15786v1_Light-Weight DDoS Mitigation at Network .pdf
[2026-07-13 17:56:01] INFO [src.ingestion.document_loader.load_document:48]: Đang trích xuất: Computer_Networks_2011.00363v1_Increasing Transmission Distance in THz .pdf
[2026-07-13 17:56:03] INFO [src.ingestion.document_loader.load_document:48]: Đang trích xuất: Computer_Networks_2011.00365v1_Analysis of the reliability of LoRa.pdf
[2026-07-13 17:56:04] INFO [src.ingestion.document_loader.load_document:48]: Đang trích xuất: Computer_Networks_2011.01514v1_You Do _Not_ Belong Here_ Detecting DPI .pdf
[2026-07-13 17:56:08] INFO [src.ingestion.document_loader.load_document:48]: Đang trích xuất: Computer_Networks_2012.11325v1_Detecting Botnet Attacks in IoT Environm.pdf
[2026-07-13 17:56:09] INFO [src.ingestion.document_loader.load_document:48]: Đang trích xuất: Computer_Networks_2012.11378v1_Partial Network Identifiability_ Theorem.pdf
[2026-07-13 17:56:14] INFO [src.ingestion.document_loader.load_document:48]: Đang trích xuất: Computer_Networks_2012.11723v1_An Architecture for In-Vehicle Network.pdf
[2026-07-13 17:56:16] INFO [src.ingestion.document_loader.load_document:48]: Đang trích xuất: Computer_Networks_2012.11971v1_Predictive Ultra-Reliable Communication_.pdf
[2026-07-13 17:56:20] INFO [src.ingestion.document_loader.load_document:48]: Đang trích xuất: Computer_Networks_2012.12097v1_Providing Intermodal Route Alternatives.pdf
[2026-07-13 17:56:22] INFO [src.ingestion.document_loader.load_document:48]: Đang trích xuất: Computer_Networks_2012.12123v1_Machine Learning Algorithm for NLOS Mill.pdf
[2026-07-13 17:56:24] INFO [src.ingestion.document_loader.load_document:48]: Đang trích xuất: Computer_Networks_2012.13146v1_The effect of the toplolgy adaptation on.pdf
[2026-07-13 17:56:26] INFO [src.ingestion.document_loader.load_document:48]: Đang trích xuất: Computer_Networks_2012.13756v1_Online Distributed Job Dispatching with .pdf
[2026-07-13 17:56:29] INFO [src.ingestion.document_loader.load_document:48]: Đang trích xuất: Computer_Networks_2012.14111v1_Implementation of Security Systems for D.pdf
[2026-07-13 17:56:30] INFO [src.ingestion.document_loader.load_document:48]: Đang trích xuất: Computer_Vision_1904.07588v1_Patch alignment manifold matting.pdf
[2026-07-13 17:56:34] INFO [src.ingestion.document_loader.load_document:48]: Đang trích xuất: Computer_Vision_1904.07601v3_Relation-Shape Convolutional Neural Netw.pdf
[2026-07-13 17:56:37] INFO [src.ingestion.document_loader.load_document:48]: Đang trích xuất: Computer_Vision_1904.07659v1_Semantically Aligned Bias Reducing Zero .pdf
[2026-07-13 17:56:39] INFO [src.ingestion.document_loader.load_document:48]: Đang trích xuất: Computer_Vision_1904.07916v1_IAN_ Combining Generative Adversarial Ne.pdf
[2026-07-13 17:56:43] INFO [src.ingestion.document_loader.load_document:48]: Đang trích xuất: Computer_Vision_1904.07934v2_Devil is in the Edges_ Learning Semantic.pdf
[2026-07-13 17:56:46] INFO [src.ingestion.document_loader.load_document:48]: Đang trích xuất: Computer_Vision_1904.07969v1_DNN Architecture for High Performance Pr.pdf
[2026-07-13 17:56:47] INFO [src.ingestion.document_loader.load_document:48]: Đang trích xuất: Computer_Vision_1904.08008v3_Clustered Object Detection in Aerial Ima.pdf
[2026-07-13 17:56:49] INFO [src.ingestion.document_loader.load_document:48]: Đang trích xuất: Computer_Vision_1904.08034v2_People infer recursive visual concepts f.pdf
[2026-07-13 17:56:53] INFO [src.ingestion.document_loader.load_document:48]: Đang trích xuất: Computer_Vision_1904.08066v1_Collaboration Analysis Using Deep Learni.pdf
[2026-07-13 17:56:55] INFO [src.ingestion.document_loader.load_document:48]: Đang trích xuất: Computer_Vision_1904.08103v1_Multi-Scale Geometric Consistency Guided.pdf
[2026-07-13 17:56:58] INFO [src.ingestion.document_loader.load_document:48]: Đang trích xuất: Computer_Vision_1904.08128v2_Automated Design of Deep Learning Method.pdf
[2026-07-13 17:57:04] INFO [src.ingestion.document_loader.load_document:48]: Đang trích xuất: Computer_Vision_1904.08177v1_Downhole Track Detection via Multiscale .pdf
[2026-07-13 17:57:05] INFO [src.ingestion.document_loader.load_document:48]: Đang trích xuất: Computer_Vision_1904.08189v3_CenterNet_ Keypoint Triplets for Object .pdf
[2026-07-13 17:57:08] INFO [src.ingestion.document_loader.load_document:48]: Đang trích xuất: Computer_Vision_1904.08242v2_LO-Net_ Deep Real-time Lidar Odometry.pdf
[2026-07-13 17:57:13] INFO [src.ingestion.document_loader.load_document:48]: Đang trích xuất: Computer_Vision_1904.08269v1_BS-Nets_ An End-to-End Framework For Ban.pdf
[2026-07-13 17:57:18] INFO [src.ingestion.document_loader.load_document:48]: Đang trích xuất: Computer_Vision_1904.12059v1_ARCHANGEL_ Tamper-proofing Video Archive.pdf
[2026-07-13 17:57:20] INFO [src.ingestion.document_loader.load_document:48]: Đang trích xuất: Computer_Vision_1904.12201v1_Human-Centered Emotion Recognition in An.pdf
[2026-07-13 17:57:24] INFO [src.ingestion.document_loader.load_document:48]: Đang trích xuất: Computer_Vision_1904.12613v1_State Classification of Cooking Objects .pdf
[2026-07-13 17:57:25] INFO [src.ingestion.document_loader.load_document:48]: Đang trích xuất: Computer_Vision_1904.12717v2_Globally optimal vertical direction esti.pdf
[2026-07-13 17:57:35] INFO [src.ingestion.document_loader.load_document:48]: Đang trích xuất: Computer_Vision_1904.12724v1_Solo or Ensemble_ Choosing a CNN Archite.pdf
[2026-07-13 17:57:42] INFO [src.ingestion.document_loader.load_document:48]: Đang trích xuất: Computer_Vision_1904.12732v2_Multi-scale Microaneurysms Segmentation .pdf
[2026-07-13 17:57:43] INFO [src.ingestion.document_loader.load_document:48]: Đang trích xuất: Computer_Vision_1904.12735v1_DeepHMap___ Combined Projection Grouping.pdf
[2026-07-13 17:57:46] INFO [src.ingestion.document_loader.load_document:48]: Đang trích xuất: Computer_Vision_1904.12785v2_Style Transfer by Relaxed Optimal Transp.pdf
[2026-07-13 17:57:48] INFO [src.ingestion.document_loader.load_document:48]: Đang trích xuất: Computer_Vision_1904.12848v6_Unsupervised Data Augmentation for Consi.pdf
[2026-07-13 17:57:51] INFO [src.ingestion.document_loader.load_document:48]: Đang trích xuất: Computer_Vision_1904.12936v2_Learning to Find Common Objects Across F.pdf
[2026-07-13 17:57:54] INFO [src.ingestion.document_loader.load_document:48]: Đang trích xuất: Computer_Vision_1904.13073v1_SurfelWarp_ Efficient Non-Volumetric Sin.pdf
[2026-07-13 17:57:55] INFO [src.ingestion.document_loader.load_document:48]: Đang trích xuất: Computer_Vision_1904.13079v1_Anomaly Detection in Traffic Scenes via .pdf
[2026-07-13 17:57:58] INFO [src.ingestion.document_loader.load_document:48]: Đang trích xuất: Computer_Vision_1904.13196v1_Semantic Referee_ A Neural-Symbolic Fram.pdf
[2026-07-13 17:58:01] INFO [src.ingestion.document_loader.load_document:48]: Đang trích xuất: Computer_Vision_1904.13273v1_Detecting Reflections by Combining Seman.pdf
[2026-07-13 17:58:03] INFO [src.ingestion.document_loader.load_document:48]: Đang trích xuất: Computer_Vision_1904.13342v1_PYRO-NN_ Python Reconstruction Operators.pdf
[2026-07-13 17:58:05] INFO [src.ingestion.document_loader.load_document:48]: Đang trích xuất: Computer_Vision_1905.00261v1_Automatic Dataset Augmentation Using Vir.pdf
[2026-07-13 17:58:06] INFO [src.ingestion.document_loader.load_document:48]: Đang trích xuất: Computer_Vision_1905.00396v1_Sex-Prediction from Periocular Images ac.pdf
[2026-07-13 17:58:08] INFO [src.ingestion.document_loader.load_document:48]: Đang trích xuất: Computer_Vision_1905.02114v1_Visibility Constrained Generative Model .pdf
[2026-07-13 17:58:12] INFO [src.ingestion.document_loader.load_document:48]: Đang trích xuất: Computer_Vision_1905.02163v1_Simulating CRF with CNN for CNN.pdf
[2026-07-13 17:58:14] INFO [src.ingestion.document_loader.load_document:48]: Đang trích xuất: Computer_Vision_1905.02188v3_CARAFE_ Content-Aware ReAssembly of FEat.pdf
[2026-07-13 17:58:17] INFO [src.ingestion.document_loader.load_document:48]: Đang trích xuất: Computer_Vision_1905.02197v1_Back to the Future_ Predicting Traffic S.pdf
[2026-07-13 17:58:18] INFO [src.ingestion.document_loader.load_document:48]: Đang trích xuất: Computer_Vision_1905.02234v2_Image Matters_ Scalable Detection of Off.pdf
[2026-07-13 17:58:20] INFO [src.ingestion.document_loader.load_document:48]: Đang trích xuất: Computer_Vision_1905.02244v5_Searching for MobileNetV3.pdf
[2026-07-13 17:58:23] INFO [src.ingestion.document_loader.load_document:48]: Đang trích xuất: Computer_Vision_1905.02259v2_Source Generator Attribution via Inversi.pdf
[2026-07-13 17:58:25] INFO [src.ingestion.document_loader.load_document:48]: Đang trích xuất: Computer_Vision_1905.02292v1_Frame-wise Motion and Appearance for Rea.pdf
[2026-07-13 17:58:27] INFO [src.ingestion.document_loader.load_document:48]: Đang trích xuất: Computer_Vision_1905.02706v2_Learning Unsupervised Multi-View Stereop.pdf
[2026-07-13 17:58:29] INFO [src.ingestion.document_loader.load_document:48]: Đang trích xuất: Computer_Vision_1905.02749v1_DeepSWIR_ A Deep Learning Based Approach.pdf
[2026-07-13 17:58:32] INFO [src.ingestion.document_loader.load_document:48]: Đang trích xuất: Computer_Vision_1905.02781v1_Robust Dense Mapping for Large-Scale Dyn.pdf
[2026-07-13 17:58:34] INFO [src.ingestion.document_loader.load_document:48]: Đang trích xuất: Computer_Vision_1905.02845v1_Feature Selection and Feature Extraction.pdf
[2026-07-13 17:58:37] INFO [src.ingestion.document_loader.load_document:48]: Đang trích xuất: Computer_Vision_1905.02925v1_ShapeGlot_ Learning Language for Shape D.pdf
[2026-07-13 17:58:43] INFO [src.ingestion.document_loader.load_document:48]: Đang trích xuất: Computer_Vision_1905.03046v1_PiNet_ A Permutation Invariant Graph Neu.pdf
[2026-07-13 17:58:45] INFO [src.ingestion.document_loader.load_document:48]: Đang trích xuất: Computer_Vision_1905.03066v3_Training a Fast Object Detector for LiDA.pdf
[2026-07-13 17:58:55] INFO [src.ingestion.document_loader.load_document:48]: Đang trích xuất: Computer_Vision_1905.03229v3_Image-based reconstruction for the impac.pdf
[2026-07-13 17:59:00] INFO [src.ingestion.document_loader.load_document:48]: Đang trích xuất: Computer_Vision_1905.03421v3_Adversarial Image Translation_ Unrestric.pdf
[2026-07-13 17:59:02] INFO [src.ingestion.document_loader.load_document:48]: Đang trích xuất: Computer_Vision_1905.03445v1_Two-Stage Convolutional Neural Network A.pdf
[2026-07-13 17:59:07] INFO [src.ingestion.document_loader.load_document:48]: Đang trích xuất: Computer_Vision_1906.00495v1_Truncated Cauchy Non-negative Matrix Fac.pdf
[2026-07-13 17:59:13] INFO [src.ingestion.document_loader.load_document:48]: Đang trích xuất: Computer_Vision_1906.00629v2_Computing Valid p-values for Image Segme.pdf
[2026-07-13 17:59:16] INFO [src.ingestion.document_loader.load_document:48]: Đang trích xuất: Computer_Vision_1906.00805v1_GazeCorrection_Self-Guided Eye Manipulat.pdf
[2026-07-13 17:59:19] INFO [src.ingestion.document_loader.load_document:48]: Đang trích xuất: Computer_Vision_1906.00825v1_Self-supervised Body Image Acquisition U.pdf
[2026-07-13 17:59:22] INFO [src.ingestion.document_loader.load_document:48]: Đang trích xuất: Computer_Vision_1906.00872v1_From Words to Sentences_ A Progressive L.pdf
[2026-07-13 17:59:23] INFO [src.ingestion.document_loader.load_document:48]: Đang trích xuất: Computer_Vision_1906.01028v1_A Hybrid RNN-HMM Approach for Weakly Sup.pdf
[2026-07-13 17:59:28] INFO [src.ingestion.document_loader.load_document:48]: Đang trích xuất: Computer_Vision_1906.01160v1_Transfer Learning with intelligent train.pdf
[2026-07-13 17:59:30] INFO [src.ingestion.document_loader.load_document:48]: Đang trích xuất: Computer_Vision_1906.01272v1_Evaluation of an AI system for the autom.pdf
[2026-07-13 17:59:35] INFO [src.ingestion.document_loader.load_document:48]: Đang trích xuất: Computer_Vision_1906.01288v3_Information Competing Process for Learni.pdf
[2026-07-13 17:59:37] INFO [src.ingestion.document_loader.load_document:48]: Đang trích xuất: Computer_Vision_1906.01290v1_Relational Reasoning using Prior Knowled.pdf
[2026-07-13 17:59:39] INFO [src.ingestion.document_loader.load_document:48]: Đang trích xuất: Computer_Vision_1906.01292v1_Optimal Unsupervised Domain Translation.pdf
[2026-07-13 17:59:44] INFO [src.ingestion.document_loader.load_document:48]: Đang trích xuất: Computer_Vision_1906.01357v1_State-aware Re-identification Feature fo.pdf
[2026-07-13 17:59:46] INFO [src.ingestion.document_loader.load_document:48]: Đang trích xuất: Computer_Vision_1906.01452v1_Reconstruct and Represent Video Contents.pdf
[2026-07-13 17:59:50] INFO [src.ingestion.document_loader.load_document:48]: Đang trích xuất: Computer_Vision_1906.01524v1_Text-based Editing of Talking-head Video.pdf
[2026-07-13 17:59:54] INFO [src.ingestion.document_loader.load_document:48]: Đang trích xuất: Computer_Vision_1906.01737v2_Geo-Aware Networks for Fine-Grained Reco.pdf
[2026-07-13 17:59:55] INFO [src.ingestion.document_loader.load_document:48]: Đang trích xuất: Computer_Vision_2005.13366v1_Weakly Supervised Vessel Segmentation in.pdf
[2026-07-13 17:59:59] INFO [src.ingestion.document_loader.load_document:48]: Đang trích xuất: Computer_Vision_2005.14169v1_Self-supervised Modal and View Invariant.pdf
[2026-07-13 18:00:02] INFO [src.ingestion.document_loader.load_document:48]: Đang trích xuất: Computer_Vision_2012.10066v1_PointINet_ Point Cloud Frame Interpolati.pdf
[2026-07-13 18:00:03] INFO [src.ingestion.document_loader.load_document:48]: Đang trích xuất: Computer_Vision_2012.10992v1_Deep Continuous Fusion for Multi-Sensor .pdf
[2026-07-13 18:00:06] INFO [src.ingestion.document_loader.load_document:48]: Đang trích xuất: Computer_Vision_2012.11002v1_Deep Bingham Networks_ Dealing with Unce.pdf
[2026-07-13 18:00:11] INFO [src.ingestion.document_loader.load_document:48]: Đang trích xuất: Computer_Vision_2012.11101v1_ResizeMix_ Mixing Data with Preserved Ob.pdf
[2026-07-13 18:00:14] INFO [src.ingestion.document_loader.load_document:48]: Đang trích xuất: Computer_Vision_2012.11486v1_Leaf Segmentation and Counting with Deep.pdf
[2026-07-13 18:00:15] INFO [src.ingestion.document_loader.load_document:48]: Đang trích xuất: Computer_Vision_2012.11745v1_Training DNNs in O_1_ memory with MEM-DF.pdf
[2026-07-13 18:00:17] INFO [src.ingestion.document_loader.load_document:48]: Đang trích xuất: Computer_Vision_2012.12089v1_Prediction of Chronic Kidney Disease Usi.pdf
[2026-07-13 18:00:18] INFO [src.ingestion.document_loader.load_document:48]: Đang trích xuất: Computer_Vision_2012.12104v1_A Deep Reinforcement Learning Approach f.pdf
[2026-07-13 18:00:23] INFO [src.ingestion.document_loader.load_document:48]: Đang trích xuất: Computer_Vision_2012.12139v1_Image to Bengali Caption Generation Usin.pdf
[2026-07-13 18:00:25] INFO [src.ingestion.document_loader.load_document:48]: Đang trích xuất: Computer_Vision_2012.12258v1_Underwater image filtering_ methods_ dat.pdf
[2026-07-13 18:00:29] INFO [src.ingestion.document_loader.load_document:48]: Đang trích xuất: Computer_Vision_2012.12302v1_Flexible deep transfer learning by separ.pdf
[2026-07-13 18:00:32] INFO [src.ingestion.document_loader.load_document:48]: Đang trích xuất: Computer_Vision_2012.12308v1_Randomized RX for target detection.pdf
[2026-07-13 18:00:33] INFO [src.ingestion.document_loader.load_document:48]: Đang trích xuất: Computer_Vision_2012.12397v1_Multi-Task Multi-Sensor Fusion for 3D Ob.pdf
[2026-07-13 18:00:36] INFO [src.ingestion.document_loader.load_document:48]: Đang trích xuất: Computer_Vision_2012.12432v2_Multi-Contrast Computed Tomography Healt.pdf
[2026-07-13 18:00:38] INFO [src.ingestion.document_loader.load_document:48]: Đang trích xuất: Computer_Vision_2012.12447v1_Skeleton-based Approaches based on Machi.pdf
[2026-07-13 18:00:41] INFO [src.ingestion.document_loader.load_document:48]: Đang trích xuất: Computer_Vision_2012.12453v1_CholecSeg8k_ A Semantic Segmentation Dat.pdf
[2026-07-13 18:00:42] INFO [src.ingestion.document_loader.load_document:48]: Đang trích xuất: Computer_Vision_2012.12545v1_Unsupervised Domain Adaptation for Seman.pdf
[2026-07-13 18:00:44] INFO [src.ingestion.document_loader.load_document:48]: Đang trích xuất: Computer_Vision_2012.12890v1_ANR_ Articulated Neural Rendering for Vi.pdf
[2026-07-13 18:00:46] INFO [src.ingestion.document_loader.load_document:48]: Đang trích xuất: Computer_Vision_2012.13028v1_General Domain Adaptation Through Propor.pdf
[2026-07-13 18:00:47] INFO [src.ingestion.document_loader.load_document:48]: Đang trích xuất: Computer_Vision_2012.13191v1_Appearance-Invariant 6-DoF Visual Locali.pdf
[2026-07-13 18:00:49] INFO [src.ingestion.document_loader.load_document:48]: Đang trích xuất: Computer_Vision_2012.13340v1_Joint super-resolution and synthesis of .pdf
[2026-07-13 18:00:54] INFO [src.ingestion.document_loader.load_document:48]: Đang trích xuất: Computer_Vision_2012.13364v1_Spatio-temporal Multi-task Learning for .pdf
[2026-07-13 18:00:57] INFO [src.ingestion.document_loader.load_document:48]: Đang trích xuất: Computer_Vision_2012.13666v1_PaXNet_ Dental Caries Detection in Panor.pdf
[2026-07-13 18:01:00] INFO [src.ingestion.document_loader.load_document:48]: Đang trích xuất: Computer_Vision_2012.13690v1_One-Shot Object Localization Using Learn.pdf
[2026-07-13 18:01:01] INFO [src.ingestion.document_loader.load_document:48]: Đang trích xuất: Computer_Vision_2012.13716v1_Hybrid and Non-Uniform quantization meth.pdf
[2026-07-13 18:01:02] INFO [src.ingestion.document_loader.load_document:48]: Đang trích xuất: Computer_Vision_2012.13736v1_Image Synthesis with Adversarial Network.pdf
[2026-07-13 18:01:08] INFO [src.ingestion.document_loader.load_document:48]: Đang trích xuất: Computer_Vision_2012.14092v1_Model Optimization for Deep Space Explor.pdf
[2026-07-13 18:01:10] INFO [src.ingestion.document_loader.load_document:48]: Đang trích xuất: Computer_Vision_2012.14106v1_Diagnosis_Prognosis of COVID-19 Images_ .pdf
[2026-07-13 18:01:15] INFO [src.ingestion.document_loader.load_document:48]: Đang trích xuất: Computer_Vision_2012.14130v1_Joint Intensity-Gradient Guided Generati.pdf
[2026-07-13 18:01:20] INFO [src.ingestion.document_loader.load_document:48]: Đang trích xuất: Computer_Vision_2012.14142v1_Perception Consistency Ultrasound Image .pdf
[2026-07-13 18:01:22] INFO [src.ingestion.document_loader.load_document:48]: Đang trích xuất: Computer_Vision_2012.14186v1_Action Recognition with Kernel-based Gra.pdf
[2026-07-13 18:01:23] INFO [src.ingestion.document_loader.load_document:48]: Đang trích xuất: Computer_Vision_2012.14207v1_Combining CNN and Hybrid Active Contours.pdf
[2026-07-13 18:01:24] INFO [src.ingestion.document_loader.load_document:48]: Đang trích xuất: Database_1805.12503v1_Practical Study of Deterministic Regular.pdf
[2026-07-13 18:01:25] INFO [src.ingestion.document_loader.load_document:48]: Đang trích xuất: Database_1806.01217v1_Efficient Genomic Interval Queries Using.pdf
[2026-07-13 18:01:27] INFO [src.ingestion.document_loader.load_document:48]: Đang trích xuất: Database_1806.04467v1_Next generation portal for federated tes.pdf
[2026-07-13 18:01:27] INFO [src.ingestion.document_loader.load_document:48]: Đang trích xuất: Database_1806.04761v1_Performance evaluation for CRUD operatio.pdf
[2026-07-13 18:01:28] INFO [src.ingestion.document_loader.load_document:48]: Đang trích xuất: Database_1806.05983v3_Online Variant of Parcel Allocation in L.pdf
[2026-07-13 18:01:29] INFO [src.ingestion.document_loader.load_document:48]: Đang trích xuất: Database_1806.06205v1_TrQuery_ An Embedding-based Framework fo.pdf
[2026-07-13 18:01:31] INFO [src.ingestion.document_loader.load_document:48]: Đang trích xuất: Database_1806.06452v1_Utilizing Provenance in Reusable Researc.pdf
[2026-07-13 18:01:33] INFO [src.ingestion.document_loader.load_document:48]: Đang trích xuất: Database_1806.09793v1_A NoSQL Data-based Personalized Recommen.pdf
[2026-07-13 18:01:35] INFO [src.ingestion.document_loader.load_document:48]: Đang trích xuất: Database_1806.09967v1_A Tensor Based Data Model for Polystore_.pdf
[2026-07-13 18:01:36] INFO [src.ingestion.document_loader.load_document:48]: Đang trích xuất: Database_1806.10078v2_A General Framework for Anytime Approxim.pdf
[2026-07-13 18:01:36] INFO [src.ingestion.document_loader.load_document:48]: Đang trích xuất: Database_1807.00602v1_Semantic Query Language for Temporal Gen.pdf
[2026-07-13 18:01:38] INFO [src.ingestion.document_loader.load_document:48]: Đang trích xuất: Database_1807.00607v3_Probabilistic Databases with an Infinite.pdf
[2026-07-13 18:01:42] INFO [src.ingestion.document_loader.load_document:48]: Đang trích xuất: Database_1807.01016v2_Industrial Big Data Analytics_ Challenge.pdf
[2026-07-13 18:01:47] INFO [src.ingestion.document_loader.load_document:48]: Đang trích xuất: Database_1807.01706v1_Mining Periodic Patterns with a MDL Crit.pdf
[2026-07-13 18:02:01] INFO [src.ingestion.document_loader.load_document:48]: Đang trích xuất: Database_1807.02258v1_Scalable Formal Concept Analysis algorit.pdf
[2026-07-13 18:02:05] INFO [src.ingestion.document_loader.load_document:48]: Đang trích xuất: Database_1807.06996v1_Evolving Large-Scale Data Stream Analyti.pdf
[2026-07-13 18:02:08] INFO [src.ingestion.document_loader.load_document:48]: Đang trích xuất: Database_1807.09899v1_Validation and Inference of Schema-Level.pdf
[2026-07-13 18:02:11] INFO [src.ingestion.document_loader.load_document:48]: Đang trích xuất: Database_1807.11634v1_Interactive Summarization and Exploratio.pdf
[2026-07-13 18:02:17] INFO [src.ingestion.document_loader.load_document:48]: Đang trích xuất: Database_1808.01624v1_On the Fairness of Quality-based Data Ma.pdf
[2026-07-13 18:02:19] INFO [src.ingestion.document_loader.load_document:48]: Đang trích xuất: Database_1808.03537v1_Optimizing error of high-dimensional sta.pdf
[2026-07-13 18:02:25] INFO [src.ingestion.document_loader.load_document:48]: Đang trích xuất: Database_1808.04663v2_Evaluating Datalog via Tree Automata and.pdf
[2026-07-13 18:02:33] INFO [src.ingestion.document_loader.load_document:48]: Đang trích xuất: Database_1808.05138v1_Database Operations in D4M_jl.pdf
[2026-07-13 18:02:35] INFO [src.ingestion.document_loader.load_document:48]: Đang trích xuất: Database_1808.05199v5_A Blockchain Database Application Platfo.pdf
[2026-07-13 18:02:36] INFO [src.ingestion.document_loader.load_document:48]: Đang trích xuất: Database_1808.05448v1_Automatic Generation of a Hybrid Query E.pdf
[2026-07-13 18:02:37] INFO [src.ingestion.document_loader.load_document:48]: Đang trích xuất: Database_1808.06298v1_FedMark_ A Marketplace for Federated Dat.pdf
[2026-07-13 18:02:40] INFO [src.ingestion.document_loader.load_document:48]: Đang trích xuất: Database_1808.07603v1_Privacy-Preserving Synthetic Datasets Ov.pdf
[2026-07-13 18:02:41] INFO [src.ingestion.document_loader.load_document:48]: Đang trích xuất: Database_1808.09267v2_Creating a surrogate commuter network fr.pdf
[2026-07-13 18:04:04] INFO [src.ingestion.document_loader.load_document:48]: Đang trích xuất: Database_1809.00974v1_Performing energy modelling exercises in.pdf
[2026-07-13 18:04:07] INFO [src.ingestion.document_loader.load_document:48]: Đang trích xuất: Database_1809.03261v1_The Skiplist-Based LSM Tree.pdf
[2026-07-13 18:04:08] INFO [src.ingestion.document_loader.load_document:48]: Đang trích xuất: Database_1809.10212v2_Towards a Hands-Free Query Optimizer thr.pdf
[2026-07-13 18:04:14] INFO [src.ingestion.document_loader.load_document:48]: Đang trích xuất: Database_1810.05570v1_Characterization and extraction of conde.pdf
[2026-07-13 18:04:27] INFO [src.ingestion.document_loader.load_document:48]: Đang trích xuất: Database_1811.06224v1_Model-based Approximate Query Processing.pdf
[2026-07-13 18:04:33] INFO [src.ingestion.document_loader.load_document:48]: Đang trích xuất: Database_1811.09529v1_Competency Questions and SPARQL-OWL Quer.pdf
[2026-07-13 18:04:38] INFO [src.ingestion.document_loader.load_document:48]: Đang trích xuất: Database_1812.07024v3_Data Lake Organization.pdf
[2026-07-13 18:05:03] INFO [src.ingestion.document_loader.load_document:48]: Đang trích xuất: Database_1812.07607v1_DeepLens_ Towards a Visual Data Manageme.pdf
[2026-07-13 18:05:05] INFO [src.ingestion.document_loader.load_document:48]: Đang trích xuất: Database_1812.10564v1_BlinkML_ Efficient Maximum Likelihood Es.pdf
[2026-07-13 18:05:11] INFO [src.ingestion.document_loader.load_document:48]: Đang trích xuất: Database_1812.10734v1_Facetize_ An Interactive Tool for Cleani.pdf
[2026-07-13 18:05:13] INFO [src.ingestion.document_loader.load_document:48]: Đang trích xuất: Database_1812.10977v1_Compact and Efficient Representation of .pdf
[2026-07-13 18:05:19] INFO [src.ingestion.document_loader.load_document:48]: Đang trích xuất: Database_1901.00671v1_Une nouvelle approche de complétion des .pdf
[2026-07-13 18:05:44] INFO [src.ingestion.document_loader.load_document:48]: Đang trích xuất: Database_1901.02049v3_Guided Automated Learning for query work.pdf
[2026-07-13 18:05:47] INFO [src.ingestion.document_loader.load_document:48]: Đang trích xuất: Database_1901.03179v2_Popular SQL Server Database Encryption C.pdf
[2026-07-13 18:05:48] INFO [src.ingestion.document_loader.load_document:48]: Đang trích xuất: Database_1901.03897v2_All-Instances Restricted Chase Terminati.pdf
[2026-07-13 18:05:52] INFO [src.ingestion.document_loader.load_document:48]: Đang trích xuất: Database_1901.04182v2_Complexity Bounds for Relational Algebra.pdf
[2026-07-13 18:05:56] INFO [src.ingestion.document_loader.load_document:48]: Đang trích xuất: Database_1901.05451v1_Exploring Communities in Large Profiled .pdf
[2026-07-13 18:06:00] INFO [src.ingestion.document_loader.load_document:48]: Đang trích xuất: Database_1901.07655v3_A Concentration of Measure Approach to D.pdf
[2026-07-13 18:06:01] INFO [src.ingestion.document_loader.load_document:48]: Đang trích xuất: Database_1901.07773v1_Boosting Frequent Itemset Mining via Ear.pdf
[2026-07-13 18:06:03] INFO [src.ingestion.document_loader.load_document:48]: Đang trích xuất: Database_1901.08666v1_HRDBMS_ Combining the Best of Modern and.pdf
[2026-07-13 18:06:05] INFO [src.ingestion.document_loader.load_document:48]: Đang trích xuất: Database_1902.02392v1_Finding Good Itemsets by Packing Data.pdf
[2026-07-13 18:06:07] INFO [src.ingestion.document_loader.load_document:48]: Đang trích xuất: Database_1902.04129v1_CPOI_ A Compact Method to Archive Versio.pdf
[2026-07-13 18:06:10] INFO [src.ingestion.document_loader.load_document:48]: Đang trích xuất: Database_1904.08010v1_How to define co-occurrence in different.pdf
[2026-07-13 18:06:11] INFO [src.ingestion.document_loader.load_document:48]: Đang trích xuất: Database_1904.08223v1_Estimating Cardinalities with Deep Sketc.pdf
[2026-07-13 18:06:11] INFO [src.ingestion.document_loader.load_document:48]: Đang trích xuất: Database_1904.12068v3_Authenticated Key-Value Stores with Hard.pdf
[2026-07-13 18:06:15] INFO [src.ingestion.document_loader.load_document:48]: Đang trích xuất: Database_1905.02304v1_CrossTrainer_ Practical Domain Adaptatio.pdf
[2026-07-13 18:06:17] INFO [src.ingestion.document_loader.load_document:48]: Đang trích xuất: Database_1905.02828v1_A SAT-based System for Consistent Query .pdf
[2026-07-13 18:06:19] INFO [src.ingestion.document_loader.load_document:48]: Đang trích xuất: Database_1905.03061v1_Generalized formal model of big data.pdf
[2026-07-13 18:06:20] INFO [src.ingestion.document_loader.load_document:48]: Đang trích xuất: Database_1912.04820v1_ChainifyDB_ How to Blockchainify any Dat.pdf
[2026-07-13 18:06:23] INFO [src.ingestion.document_loader.load_document:48]: Đang trích xuất: Database_2001.04907v2_Bio-Inspired Hashing for Unsupervised Si.pdf
[2026-07-13 18:06:28] INFO [src.ingestion.document_loader.load_document:48]: Đang trích xuất: Database_2005.10917v2_Succinct Trit-array Trie for Scalable Tr.pdf
[2026-07-13 18:06:34] INFO [src.ingestion.document_loader.load_document:48]: Đang trích xuất: Database_2005.11264v1_OBDA for the Web_ Creating Virtual RDF G.pdf
[2026-07-13 18:06:36] INFO [src.ingestion.document_loader.load_document:48]: Đang trích xuất: Database_2006.04658v1_Toward a Better Understanding and Evalua.pdf
[2026-07-13 18:06:44] INFO [src.ingestion.document_loader.load_document:48]: Đang trích xuất: Database_2006.05134v1_Dynamic Interleaving of Content and Stru.pdf
[2026-07-13 18:06:47] INFO [src.ingestion.document_loader.load_document:48]: Đang trích xuất: Database_2006.16984v2_Mining Documentation to Extract Hyperpar.pdf
[2026-07-13 18:06:48] INFO [src.ingestion.document_loader.load_document:48]: Đang trích xuất: Database_2007.04450v1_T-REx_ Table Repair Explanations.pdf
[2026-07-13 18:06:49] INFO [src.ingestion.document_loader.load_document:48]: Đang trích xuất: Database_2007.04453v1_Just in Time_ Personal Temporal Insights.pdf
[2026-07-13 18:06:49] INFO [src.ingestion.document_loader.load_document:48]: Đang trích xuất: Database_2007.05437v2_Truss-based Structural Diversity Search .pdf
[2026-07-13 18:06:53] INFO [src.ingestion.document_loader.load_document:48]: Đang trích xuất: Database_2007.05651v2_Deep or Simple Models for Semantic Taggi.pdf
[2026-07-13 18:06:57] INFO [src.ingestion.document_loader.load_document:48]: Đang trích xuất: Database_2007.06292v1_Knowledge Graph Driven Approach to Repre.pdf
[2026-07-13 18:07:01] INFO [src.ingestion.document_loader.load_document:48]: Đang trích xuất: Database_2007.08292v1_Detecting Optimization Bugs in Database .pdf
[2026-07-13 18:07:04] INFO [src.ingestion.document_loader.load_document:48]: Đang trích xuất: Database_2007.12488v2_Graph integration of structured_ semistr.pdf
[2026-07-13 18:07:06] INFO [src.ingestion.document_loader.load_document:48]: Đang trích xuất: Database_2007.12799v2_Score-Based Explanations in Data Managem.pdf
[2026-07-13 18:07:07] INFO [src.ingestion.document_loader.load_document:48]: Đang trích xuất: Database_2008.04045v1_Towards Integrated and Open COVID-19 Dat.pdf
[2026-07-13 18:07:11] INFO [src.ingestion.document_loader.load_document:48]: Đang trích xuất: Database_2008.05103v3_Sampling Based Approximate Skyline Calcu.pdf
[2026-07-13 18:07:15] INFO [src.ingestion.document_loader.load_document:48]: Đang trích xuất: Database_2008.05239v3_A Knowledge Graph for Assessing Aggressi.pdf
[2026-07-13 18:07:18] INFO [src.ingestion.document_loader.load_document:48]: Đang trích xuất: Database_2008.06265v1_Towards Querying in Decentralized Enviro.pdf
[2026-07-13 18:07:22] INFO [src.ingestion.document_loader.load_document:48]: Đang trích xuất: Database_2008.07504v1_Multi-Party Private Set Intersection_ An.pdf
[2026-07-13 18:07:26] INFO [src.ingestion.document_loader.load_document:48]: Đang trích xuất: Database_2008.08285v1_Scalable Blocking for Very Large Databas.pdf
[2026-07-13 18:07:29] INFO [src.ingestion.document_loader.load_document:48]: Đang trích xuất: Database_2008.08989v1_Towards Inferring Queries from Simple an.pdf
[2026-07-13 18:07:30] INFO [src.ingestion.document_loader.load_document:48]: Đang trích xuất: Database_2008.10569v1_Approximate Partition Selection for Big-.pdf
[2026-07-13 18:07:37] INFO [src.ingestion.document_loader.load_document:48]: Đang trích xuất: Database_2008.11900v2_A Brief Survey on Replica Consistency in.pdf
[2026-07-13 18:07:42] INFO [src.ingestion.document_loader.load_document:48]: Đang trích xuất: Database_2008.12763v1_Relational Data Synthesis using Generati.pdf
[2026-07-13 18:07:51] INFO [src.ingestion.document_loader.load_document:48]: Đang trích xuất: Database_2009.00035v1_The Data Station_ Combining Data_ Comput.pdf
[2026-07-13 18:07:53] INFO [src.ingestion.document_loader.load_document:48]: Đang trích xuất: Database_2009.01614v1_Data Series Indexing Gone Parallel.pdf
[2026-07-13 18:07:55] INFO [src.ingestion.document_loader.load_document:48]: Đang trích xuất: Database_2009.02678v2_Universal Layout Emulation for Long-Term.pdf
[2026-07-13 18:07:57] INFO [src.ingestion.document_loader.load_document:48]: Đang trích xuất: Database_2009.06194v1_SPARQL with XQuery-based Filtering.pdf
[2026-07-13 18:07:59] INFO [src.ingestion.document_loader.load_document:48]: Đang trích xuất: Database_2009.07770v1_Faster Property Testers in a Variation o.pdf
[2026-07-13 18:08:01] INFO [src.ingestion.document_loader.load_document:48]: Đang trích xuất: Database_2009.08150v2_Extensible Data Skipping.pdf
[2026-07-13 18:08:04] INFO [src.ingestion.document_loader.load_document:48]: Đang trích xuất: Database_2009.10989v1_Towards a Flexible Embedding Learning Fr.pdf
[2026-07-13 18:08:06] INFO [src.ingestion.document_loader.load_document:48]: Đang trích xuất: Database_2009.11543v1_Compressed Key Sort and Fast Index Recon.pdf
[2026-07-13 18:08:09] INFO [src.ingestion.document_loader.load_document:48]: Đang trích xuất: Database_2009.11648v1_Effective and Efficient Variable-Length .pdf
[2026-07-13 18:08:10] INFO [src.ingestion.document_loader.load_document:48]: Đang trích xuất: Database_2009.13768v1_In-Order Sliding-Window Aggregation in W.pdf
[2026-07-13 18:08:17] INFO [src.ingestion.document_loader.load_document:48]: Đang trích xuất: Database_2009.14821v2_A Systematic Method for On-The-Fly Denor.pdf
[2026-07-13 18:08:18] INFO [src.ingestion.document_loader.load_document:48]: Đang trích xuất: Database_2010.07213v2_Data Readiness Report.pdf
[2026-07-13 18:08:19] INFO [src.ingestion.document_loader.load_document:48]: Đang trích xuất: Database_2010.08807v1_MithraDetective_ A System for Cherry-pic.pdf
[2026-07-13 18:08:19] INFO [src.ingestion.document_loader.load_document:48]: Đang trích xuất: Database_2010.11538v1_Efficient RDF Graph Storage based on Rei.pdf
[2026-07-13 18:08:21] INFO [src.ingestion.document_loader.load_document:48]: Đang trích xuất: Database_2010.11848v1_From Conjunctive Queries to Instance Que.pdf
[2026-07-13 18:08:25] INFO [src.ingestion.document_loader.load_document:48]: Đang trích xuất: Database_2010.12597v1_DBLog_ A Watermark Based Change-Data-Cap.pdf
[2026-07-13 18:08:26] INFO [src.ingestion.document_loader.load_document:48]: Đang trích xuất: Database_2010.14189v2_Jiffy_ A Fast_ Memory Efficient_ Wait-Fr.pdf
[2026-07-13 18:08:29] INFO [src.ingestion.document_loader.load_document:48]: Đang trích xuất: Database_2010.14959v1_Galvanalyser_ A Battery Test Database.pdf
[2026-07-13 18:08:29] INFO [src.ingestion.document_loader.load_document:48]: Đang trích xuất: Database_2012.13677v1_Toward Compact Data from Big Data.pdf
[2026-07-13 18:08:31] INFO [src.ingestion.document_loader.load_document:48]: Đang trích xuất: Database_2012.14234v1_Recommending Courses in MOOCs for Jobs_ .pdf
[2026-07-13 18:08:32] INFO [src.ingestion.document_loader.load_document:48]: Đang trích xuất: Deep_Learning_1404.1559v1_Sparse Coding_ A Deep Learning using Unl.pdf
[2026-07-13 18:08:33] INFO [src.ingestion.document_loader.load_document:48]: Đang trích xuất: Deep_Learning_1603.07704v2_Probabilistic Reasoning via Deep Learnin.pdf
[2026-07-13 18:09:20] INFO [__main__.run_milestone1_pipeline:24]: ============================================================
[2026-07-13 18:09:20] INFO [__main__.run_milestone1_pipeline:25]: BẮT ĐẦU CHẠY PIPELINE TRÍCH XUẤT HÀNG LOẠT MILESTONE 1
[2026-07-13 18:09:20] INFO [__main__.run_milestone1_pipeline:26]: ============================================================
[2026-07-13 18:09:20] INFO [src.ingestion.document_loader.load_document:48]: Đang trích xuất: Artificial_Intelligence_1904.07601v3_Relation-Shape Convolutional Neural Netw.pdf
[2026-07-13 18:09:22] INFO [src.ingestion.document_loader.load_document:48]: Đang trích xuất: Artificial_Intelligence_1904.07934v2_Devil is in the Edges_ Learning Semantic.pdf
[2026-07-13 18:09:23] INFO [src.ingestion.document_loader.load_document:48]: Đang trích xuất: Artificial_Intelligence_1904.08010v1_How to define co-occurrence in different.pdf
[2026-07-13 18:09:24] INFO [src.ingestion.document_loader.load_document:48]: Đang trích xuất: Artificial_Intelligence_1904.08109v1_Contextual Aware Joint Probability Model.pdf
[2026-07-13 18:09:25] INFO [src.ingestion.document_loader.load_document:48]: Đang trích xuất: Artificial_Intelligence_1904.08149v2_Bayesian policy selection using active i.pdf
[2026-07-13 18:09:25] INFO [src.ingestion.document_loader.load_document:48]: Đang trích xuất: Artificial_Intelligence_1904.08177v1_Downhole Track Detection via Multiscale .pdf
[2026-07-13 18:09:26] INFO [src.ingestion.document_loader.load_document:48]: Đang trích xuất: Artificial_Intelligence_1904.12059v1_ARCHANGEL_ Tamper-proofing Video Archive.pdf
[2026-07-13 18:09:27] INFO [src.ingestion.document_loader.load_document:48]: Đang trích xuất: Artificial_Intelligence_1904.12635v1_Exploration of Self-Propelling Droplets .pdf
[2026-07-13 18:09:34] INFO [src.ingestion.document_loader.load_document:48]: Đang trích xuất: Artificial_Intelligence_1904.12848v6_Unsupervised Data Augmentation for Consi.pdf
[2026-07-13 18:09:36] INFO [src.ingestion.document_loader.load_document:48]: Đang trích xuất: Artificial_Intelligence_1904.12901v1_Challenges of Real-World Reinforcement L.pdf
[2026-07-13 18:09:38] INFO [src.ingestion.document_loader.load_document:48]: Đang trích xuất: Artificial_Intelligence_1904.13196v1_Semantic Referee_ A Neural-Symbolic Fram.pdf
[2026-07-13 18:09:39] INFO [src.ingestion.document_loader.load_document:48]: Đang trích xuất: Artificial_Intelligence_1904.13333v1_Coevo_ a collaborative design platform w.pdf
[2026-07-13 18:09:40] INFO [src.ingestion.document_loader.load_document:48]: Đang trích xuất: Artificial_Intelligence_1905.01984v1_AI-Powered Text Generation for Harmoniou.pdf
[2026-07-13 18:09:42] INFO [src.ingestion.document_loader.load_document:48]: Đang trích xuất: Artificial_Intelligence_1905.02019v1_Conditioning LSTM Decoder and Bi-directi.pdf
[2026-07-13 18:09:42] INFO [src.ingestion.document_loader.load_document:48]: Đang trích xuất: Artificial_Intelligence_1905.02234v2_Image Matters_ Scalable Detection of Off.pdf
[2026-07-13 18:09:43] INFO [src.ingestion.document_loader.load_document:48]: Đang trích xuất: Artificial_Intelligence_1905.02810v1_Decision Making with Machine Learning an.pdf
[2026-07-13 18:10:05] INFO [src.ingestion.document_loader.load_document:48]: Đang trích xuất: Artificial_Intelligence_1905.02845v1_Feature Selection and Feature Extraction.pdf
[2026-07-13 18:10:07] INFO [src.ingestion.document_loader.load_document:48]: Đang trích xuất: Artificial_Intelligence_1905.02941v1_Robust Federated Training via Collaborat.pdf
[2026-07-13 18:10:09] INFO [src.ingestion.document_loader.load_document:48]: Đang trích xuất: Artificial_Intelligence_1905.03362v1_2-bit Model Compression of Deep Convolut.pdf
[2026-07-13 18:10:09] INFO [src.ingestion.document_loader.load_document:48]: Đang trích xuất: Artificial_Intelligence_1905.03427v1_Variable Neighborhood Search for the Bin.pdf
[2026-07-13 18:10:10] INFO [src.ingestion.document_loader.load_document:48]: Đang trích xuất: Artificial_Intelligence_1906.00744v5_Hierarchical Decision Making by Generati.pdf
[2026-07-13 18:10:16] INFO [src.ingestion.document_loader.load_document:48]: Đang trích xuất: Artificial_Intelligence_1906.00805v1_GazeCorrection_Self-Guided Eye Manipulat.pdf
[2026-07-13 18:10:18] INFO [src.ingestion.document_loader.load_document:48]: Đang trích xuất: Artificial_Intelligence_1906.00872v1_From Words to Sentences_ A Progressive L.pdf
[2026-07-13 18:10:19] INFO [src.ingestion.document_loader.load_document:48]: Đang trích xuất: Artificial_Intelligence_1906.01039v1_Neural networks grown and self-organized.pdf
[2026-07-13 18:10:20] INFO [src.ingestion.document_loader.load_document:48]: Đang trích xuất: Artificial_Intelligence_1906.01119v1_Analysis and Improvement of Adversarial .pdf
[2026-07-13 18:10:21] INFO [src.ingestion.document_loader.load_document:48]: Đang trích xuất: Artificial_Intelligence_1906.01121v1_Adversarial Exploitation of Policy Imita.pdf
[2026-07-13 18:10:22] INFO [src.ingestion.document_loader.load_document:48]: Đang trích xuất: Artificial_Intelligence_1906.01126v1_Sequential Triggers for Watermarking of .pdf
[2026-07-13 18:10:22] INFO [src.ingestion.document_loader.load_document:48]: Đang trích xuất: Artificial_Intelligence_1906.01350v2_Rapidly-Exploring Quotient-Space Trees_ .pdf
[2026-07-13 18:10:23] INFO [src.ingestion.document_loader.load_document:48]: Đang trích xuất: Artificial_Intelligence_1906.01374v1_Autonomous Reinforcement Learning of Mul.pdf
[2026-07-13 18:10:24] INFO [src.ingestion.document_loader.load_document:48]: Đang trích xuất: Artificial_Intelligence_1906.01407v1_RL4health_ Crowdsourcing Reinforcement L.pdf
[2026-07-13 18:10:25] INFO [src.ingestion.document_loader.load_document:48]: Đang trích xuất: Artificial_Intelligence_1906.01432v1_Knowledge-augmented Column Networks_ Gui.pdf
[2026-07-13 18:10:26] INFO [src.ingestion.document_loader.load_document:48]: Đang trích xuất: Artificial_Intelligence_1906.01470v3_Options as responses_ Grounding behaviou.pdf
[2026-07-13 18:10:28] INFO [src.ingestion.document_loader.load_document:48]: Đang trích xuất: Artificial_Intelligence_1906.01504v1_Embedded hyper-parameter tuning by Simul.pdf
[2026-07-13 18:10:39] INFO [src.ingestion.document_loader.load_document:48]: Đang trích xuất: Artificial_Intelligence_1906.01562v2_Privacy-preserving Crowd-guided AI Decis.pdf
[2026-07-13 18:10:42] INFO [src.ingestion.document_loader.load_document:48]: Đang trích xuất: Artificial_Intelligence_2005.11729v2_GoChat_ Goal-oriented Chatbots with Hier.pdf
[2026-07-13 18:10:44] INFO [src.ingestion.document_loader.load_document:48]: Đang trích xuất: Artificial_Intelligence_2005.12737v1_Towards United Reasoning for Automatic I.pdf
[2026-07-13 18:10:45] INFO [src.ingestion.document_loader.load_document:48]: Đang trích xuất: Artificial_Intelligence_2005.12826v2_BHN_ A Brain-like Heterogeneous Network.pdf
[2026-07-13 18:10:46] INFO [src.ingestion.document_loader.load_document:48]: Đang trích xuất: Artificial_Intelligence_2005.12841v1_Applying Evolutionary Metaheuristics for.pdf
[2026-07-13 18:10:57] INFO [src.ingestion.document_loader.load_document:48]: Đang trích xuất: Artificial_Intelligence_2005.12974v1_Opportunistic Multi-aspect Fairness thro.pdf
[2026-07-13 18:11:00] INFO [src.ingestion.document_loader.load_document:48]: Đang trích xuất: Artificial_Intelligence_2005.13170v1_Chat as Expected_ Learning to Manipulate.pdf
[2026-07-13 18:11:01] INFO [src.ingestion.document_loader.load_document:48]: Đang trích xuất: Artificial_Intelligence_2005.13186v1_Beware the evolving _intelligent_ web se.pdf
[2026-07-13 18:11:07] INFO [src.ingestion.document_loader.load_document:48]: Đang trích xuất: Artificial_Intelligence_2005.13596v1_Breiman_s _Two Cultures_ Revisited and R.pdf
[2026-07-13 18:11:11] INFO [src.ingestion.document_loader.load_document:48]: Đang trích xuất: Artificial_Intelligence_2005.14037v1_Learning LWF Chain Graphs_ an Order Inde.pdf
[2026-07-13 18:11:15] INFO [src.ingestion.document_loader.load_document:48]: Đang trích xuất: Artificial_Intelligence_2005.14156v1_Unlucky Explorer_ A Complete non-Overlap.pdf
[2026-07-13 18:11:16] INFO [src.ingestion.document_loader.load_document:48]: Đang trích xuất: Artificial_Intelligence_2005.14230v1_Algorithm Selection Framework for Cyber .pdf
[2026-07-13 18:11:17] INFO [src.ingestion.document_loader.load_document:48]: Đang trích xuất: Artificial_Intelligence_2005.14621v1_Fair Classification via Unconstrained Op.pdf
[2026-07-13 18:11:19] INFO [src.ingestion.document_loader.load_document:48]: Đang trích xuất: Artificial_Intelligence_2006.01022v2_A novel approach for multi-agent coopera.pdf
[2026-07-13 18:11:21] INFO [src.ingestion.document_loader.load_document:48]: Đang trích xuất: Artificial_Intelligence_2006.01096v3_Invariant Policy Optimization_ Towards S.pdf
[2026-07-13 18:11:23] INFO [src.ingestion.document_loader.load_document:48]: Đang trích xuất: Artificial_Intelligence_2006.01195v1_Revisiting Bounded-Suboptimal Safe Inter.pdf
[2026-07-13 18:11:24] INFO [src.ingestion.document_loader.load_document:48]: Đang trích xuất: Artificial_Intelligence_2006.01784v1_Coordinating Multiagent Industrial Symbi.pdf
[2026-07-13 18:11:27] INFO [src.ingestion.document_loader.load_document:48]: Đang trích xuất: Artificial_Intelligence_2006.02046v2_Fairness-Aware Explainable Recommendatio.pdf
[2026-07-13 18:11:30] INFO [src.ingestion.document_loader.load_document:48]: Đang trích xuất: Artificial_Intelligence_2006.02078v1_An ExpTime Upper Bound for __mathcal_ALC.pdf
[2026-07-13 18:11:40] INFO [src.ingestion.document_loader.load_document:48]: Đang trích xuất: Artificial_Intelligence_2006.02168v1_A Mixed Initiative Semantic Web Framewor.pdf
[2026-07-13 18:11:42] INFO [src.ingestion.document_loader.load_document:48]: Đang trích xuất: Artificial_Intelligence_2006.02359v1_From Probability to Consilience_ How Exp.pdf
[2026-07-13 18:11:44] INFO [src.ingestion.document_loader.load_document:48]: Đang trích xuất: Artificial_Intelligence_2006.04037v1_Reinforcement Learning for Multi-Product.pdf
[2026-07-13 18:11:54] INFO [src.ingestion.document_loader.load_document:48]: Đang trích xuất: Artificial_Intelligence_2006.04161v1_An Empirical Meta-analysis of the Life S.pdf
[2026-07-13 18:11:58] INFO [src.ingestion.document_loader.load_document:48]: Đang trích xuất: Artificial_Intelligence_2006.04216v1_Efficient AutoML Pipeline Search with Ma.pdf
[2026-07-13 18:12:04] INFO [src.ingestion.document_loader.load_document:48]: Đang trích xuất: Artificial_Intelligence_2006.04331v2_Randomized Policy Learning for Continuou.pdf
[2026-07-13 18:12:07] INFO [src.ingestion.document_loader.load_document:48]: Đang trích xuất: Artificial_Intelligence_2006.04387v2_An ASP approach for reasoning in a conce.pdf
[2026-07-13 18:12:11] INFO [src.ingestion.document_loader.load_document:48]: Đang trích xuất: Artificial_Intelligence_2006.04435v1_CAST_ A Correlation-based Adaptive Spect.pdf
[2026-07-13 18:12:15] INFO [src.ingestion.document_loader.load_document:48]: Đang trích xuất: Artificial_Intelligence_2006.04497v1_Learning under Invariable Bayesian Safet.pdf
[2026-07-13 18:12:21] INFO [src.ingestion.document_loader.load_document:48]: Đang trích xuất: Artificial_Intelligence_2006.04697v1_Supervised Whole DAG Causal Discovery.pdf
[2026-07-13 18:12:23] INFO [src.ingestion.document_loader.load_document:48]: Đang trích xuất: Artificial_Intelligence_2006.04702v3_CycleGT_ Unsupervised Graph-to-Text and .pdf
[2026-07-13 18:12:25] INFO [src.ingestion.document_loader.load_document:48]: Đang trích xuất: Artificial_Intelligence_2006.04707v1_Principles to Practices for Responsible .pdf
[2026-07-13 18:12:28] INFO [src.ingestion.document_loader.load_document:48]: Đang trích xuất: Artificial_Intelligence_2006.04757v3_Mathematical Reasoning via Self-supervis.pdf
[2026-07-13 18:12:31] INFO [src.ingestion.document_loader.load_document:48]: Đang trích xuất: Artificial_Intelligence_2006.05048v3_Policy-focused Agent-based Modeling usin.pdf
[2026-07-13 18:12:35] INFO [src.ingestion.document_loader.load_document:48]: Đang trích xuất: Artificial_Intelligence_2006.05255v1_DeepFair_ Deep Learning for Improving Fa.pdf
[2026-07-13 18:12:37] INFO [src.ingestion.document_loader.load_document:48]: Đang trích xuất: Artificial_Intelligence_2006.05832v1_Adaptive Reinforcement Learning through .pdf
[2026-07-13 18:12:38] INFO [src.ingestion.document_loader.load_document:48]: Đang trích xuất: Artificial_Intelligence_2006.05986v2_ClarQ_ A large-scale and diverse dataset.pdf
[2026-07-13 18:12:39] INFO [src.ingestion.document_loader.load_document:48]: Đang trích xuất: Artificial_Intelligence_2006.08151v1_Group Decision Support for agriculture p.pdf
[2026-07-13 18:12:40] INFO [src.ingestion.document_loader.load_document:48]: Đang trích xuất: Artificial_Intelligence_2006.08331v1_Probing Neural Dialog Models for Convers.pdf
[2026-07-13 18:12:42] INFO [src.ingestion.document_loader.load_document:48]: Đang trích xuất: Artificial_Intelligence_2006.08333v2_An Algorithm to find Superior Fitness on.pdf
[2026-07-13 18:12:42] INFO [src.ingestion.document_loader.load_document:48]: Đang trích xuất: Artificial_Intelligence_2007.04908v2_Modified Possibilistic Fuzzy C-Means Alg.pdf
[2026-07-13 18:12:44] INFO [src.ingestion.document_loader.load_document:48]: Đang trích xuất: Artificial_Intelligence_2007.04979v1_A Cordial Sync_ Going Beyond Marginal Po.pdf
[2026-07-13 18:12:57] INFO [src.ingestion.document_loader.load_document:48]: Đang trích xuất: Artificial_Intelligence_2007.05683v1_Batch-level Experience Replay with Revie.pdf
[2026-07-13 18:12:59] INFO [src.ingestion.document_loader.load_document:48]: Đang trích xuất: Artificial_Intelligence_2007.05896v1_Learning Abstract Models for Strategic E.pdf
[2026-07-13 18:13:05] INFO [src.ingestion.document_loader.load_document:48]: Đang trích xuất: Artificial_Intelligence_2007.06207v1_DinerDash Gym_ A Benchmark for Policy Le.pdf
[2026-07-13 18:13:06] INFO [src.ingestion.document_loader.load_document:48]: Đang trích xuất: Artificial_Intelligence_2007.06292v1_Knowledge Graph Driven Approach to Repre.pdf
[2026-07-13 18:13:14] INFO [src.ingestion.document_loader.load_document:48]: Đang trích xuất: Artificial_Intelligence_2007.06869v1_Robust Identifiability in Linear Structu.pdf
[2026-07-13 18:13:18] INFO [src.ingestion.document_loader.load_document:48]: Đang trích xuất: Artificial_Intelligence_2007.06918v1_Lifelong Learning using Eigentasks_ Task.pdf
[2026-07-13 18:13:21] INFO [src.ingestion.document_loader.load_document:48]: Đang trích xuất: Artificial_Intelligence_2007.07011v2_Lifelong Policy Gradient Learning of Fac.pdf
[2026-07-13 18:13:29] INFO [src.ingestion.document_loader.load_document:48]: Đang trích xuất: Artificial_Intelligence_2007.07170v2_Goal-Aware Prediction_ Learning to Model.pdf
[2026-07-13 18:13:33] INFO [src.ingestion.document_loader.load_document:48]: Đang trích xuất: Artificial_Intelligence_2007.07218v1_Learning Accurate and Human-Like Driving.pdf
[2026-07-13 18:13:35] INFO [src.ingestion.document_loader.load_document:48]: Đang trích xuất: Artificial_Intelligence_2007.07768v2_Opening the Software Engineering Toolbox.pdf
[2026-07-13 18:13:36] INFO [src.ingestion.document_loader.load_document:48]: Đang trích xuất: Artificial_Intelligence_2007.07825v1_Intelligent requirements engineering fro.pdf
[2026-07-13 18:13:39] INFO [src.ingestion.document_loader.load_document:48]: Đang trích xuất: Artificial_Intelligence_2007.08351v1_Strengthening Deterministic Policies for.pdf
[2026-07-13 18:13:41] INFO [src.ingestion.document_loader.load_document:48]: Đang trích xuất: Artificial_Intelligence_2007.08451v1_Specification mining and automated task .pdf
[2026-07-13 18:13:46] INFO [src.ingestion.document_loader.load_document:48]: Đang trích xuất: Artificial_Intelligence_2007.08459v2_PC-PG_ Policy Cover Directed Exploration.pdf
[2026-07-13 18:13:52] INFO [src.ingestion.document_loader.load_document:48]: Đang trích xuất: Artificial_Intelligence_2007.08557v1_Unsupervised Text Generation by Learning.pdf
[2026-07-13 18:13:54] INFO [src.ingestion.document_loader.load_document:48]: Đang trích xuất: Artificial_Intelligence_2007.08690v1_Transfer Deep Reinforcement Learning-ena.pdf
[2026-07-13 18:14:03] INFO [src.ingestion.document_loader.load_document:48]: Đang trích xuất: Artificial_Intelligence_2007.09540v1_Multi-Principal Assistance Games.pdf
[2026-07-13 18:14:05] INFO [src.ingestion.document_loader.load_document:48]: Đang trích xuất: Artificial_Intelligence_2007.09815v3_Event Prediction in the Big Data Era_ A .pdf
[2026-07-13 18:14:12] INFO [src.ingestion.document_loader.load_document:48]: Đang trích xuất: Artificial_Intelligence_2007.10018v1_Toward Machine-Guided_ Human-Initiated E.pdf
[2026-07-13 18:14:14] INFO [src.ingestion.document_loader.load_document:48]: Đang trích xuất: Artificial_Intelligence_2007.10400v1_Phase Transition Behavior in Knowledge C.pdf
[2026-07-13 18:14:20] INFO [src.ingestion.document_loader.load_document:48]: Đang trích xuất: Artificial_Intelligence_2007.10420v1_Non-Markov Policies to Reduce Sequential.pdf
[2026-07-13 18:14:21] INFO [src.ingestion.document_loader.load_document:48]: Đang trích xuất: Artificial_Intelligence_2007.11038v1_Sistema experto para el diagnóstico de e.pdf
[2026-07-13 18:14:23] INFO [src.ingestion.document_loader.load_document:48]: Đang trích xuất: Artificial_Intelligence_2007.12020v1_Few-shot Visual Reasoning with Meta-anal.pdf
[2026-07-13 18:14:25] INFO [src.ingestion.document_loader.load_document:48]: Đang trích xuất: Artificial_Intelligence_2007.12447v1_Towards Automated Discovery of Geometric.pdf
[2026-07-13 18:14:26] INFO [src.ingestion.document_loader.load_document:48]: Đang trích xuất: Artificial_Intelligence_2007.12500v1_Semi-supervised Learning From Demonstrat.pdf
[2026-07-13 18:14:29] INFO [src.ingestion.document_loader.load_document:48]: Đang trích xuất: Artificial_Intelligence_2007.12631v1_On the Programmatic Generation of Reprod.pdf
[2026-07-13 18:14:30] INFO [src.ingestion.document_loader.load_document:48]: Đang trích xuất: Artificial_Intelligence_2008.00150v1_Cluster-Based Information Retrieval by u.pdf
[2026-07-13 18:14:32] INFO [src.ingestion.document_loader.load_document:48]: Đang trích xuất: Artificial_Intelligence_2008.00178v1_Contrastive Explanations in Neural Netwo.pdf
[2026-07-13 18:14:33] INFO [src.ingestion.document_loader.load_document:48]: Đang trích xuất: Artificial_Intelligence_2008.00208v1_Service Chain Composition with Failures .pdf
[2026-07-13 18:14:41] INFO [src.ingestion.document_loader.load_document:48]: Đang trích xuất: Artificial_Intelligence_2008.00304v1_SemEval-2020 Task 7_ Assessing Humor in .pdf
[2026-07-13 18:14:43] INFO [src.ingestion.document_loader.load_document:48]: Đang trích xuất: Artificial_Intelligence_2008.00463v1_Structural Causal Models Are _Solvable b.pdf
[2026-07-13 18:14:46] INFO [src.ingestion.document_loader.load_document:48]: Đang trích xuất: Artificial_Intelligence_2008.00614v1_Dynamics Generalization via Information .pdf
[2026-07-13 18:14:47] INFO [src.ingestion.document_loader.load_document:48]: Đang trích xuất: Artificial_Intelligence_2008.00699v1_Getting to Know One Another_ Calibrating.pdf
[2026-07-13 18:14:50] INFO [src.ingestion.document_loader.load_document:48]: Đang trích xuất: Artificial_Intelligence_2008.01415v2_Modular Constraint Solver Cooperation vi.pdf
[2026-07-13 18:14:53] INFO [src.ingestion.document_loader.load_document:48]: Đang trích xuất: Artificial_Intelligence_2008.01609v1_Exploiting Game Theory for Analysing Jus.pdf
[2026-07-13 18:14:57] INFO [src.ingestion.document_loader.load_document:48]: Đang trích xuất: Artificial_Intelligence_2008.01641v1_Exploring Variational Deep Q Networks.pdf
[2026-07-13 18:14:58] INFO [src.ingestion.document_loader.load_document:48]: Đang trích xuất: Artificial_Intelligence_2008.01700v2_EasyRL_ A Simple and Extensible Reinforc.pdf
[2026-07-13 18:14:58] INFO [src.ingestion.document_loader.load_document:48]: Đang trích xuất: Artificial_Intelligence_2008.02018v1_eclingo_ A solver for Epistemic Logic Pr.pdf
[2026-07-13 18:15:00] INFO [src.ingestion.document_loader.load_document:48]: Đang trích xuất: Artificial_Intelligence_2008.02312v4_Axiom-based Grad-CAM_ Towards Accurate V.pdf
[2026-07-13 18:15:02] INFO [src.ingestion.document_loader.load_document:48]: Đang trích xuất: Artificial_Intelligence_2008.02616v2_The Emergence of Adversarial Communicati.pdf
[2026-07-13 18:15:07] INFO [src.ingestion.document_loader.load_document:48]: Đang trích xuất: Artificial_Intelligence_2008.02646v1_Deep Reinforcement Learning for Tactile .pdf
[2026-07-13 18:15:09] INFO [src.ingestion.document_loader.load_document:48]: Đang trích xuất: Artificial_Intelligence_2008.02735v1_Towards Ranking-based Semantics for Abst.pdf
[2026-07-13 18:15:11] INFO [src.ingestion.document_loader.load_document:48]: Đang trích xuất: Artificial_Intelligence_2008.03323v3_COVID-19 in differential diagnosis of on.pdf
[2026-07-13 18:15:11] INFO [src.ingestion.document_loader.load_document:48]: Đang trích xuất: Artificial_Intelligence_2008.03519v1_Learning abstract structure for drawing .pdf
[2026-07-13 18:15:13] INFO [src.ingestion.document_loader.load_document:48]: Đang trích xuất: Artificial_Intelligence_2008.03707v1_Risk-Sensitive Markov Decision Processes.pdf
[2026-07-13 18:15:17] INFO [src.ingestion.document_loader.load_document:48]: Đang trích xuất: Artificial_Intelligence_2008.03787v1_Neural Manipulation Planning on Constrai.pdf
[2026-07-13 18:15:19] INFO [src.ingestion.document_loader.load_document:48]: Đang trích xuất: Artificial_Intelligence_2008.03900v2_Wikidata Constraints on MARS _Extended T.pdf
[2026-07-13 18:15:22] INFO [src.ingestion.document_loader.load_document:48]: Đang trích xuất: Artificial_Intelligence_2008.04105v1_Distributed Deep Reinforcement Learning .pdf
[2026-07-13 18:15:25] INFO [src.ingestion.document_loader.load_document:48]: Đang trích xuất: Artificial_Intelligence_2008.04165v2_Proof-Carrying Plans_ a Resource Logic f.pdf
[2026-07-13 18:15:29] INFO [src.ingestion.document_loader.load_document:48]: Đang trích xuất: Artificial_Intelligence_2008.04256v1_Purely Bayesian counterfactuals versus N.pdf
[2026-07-13 18:15:31] INFO [src.ingestion.document_loader.load_document:48]: Đang trích xuất: Artificial_Intelligence_2008.04407v1_Fault-Tolerant Control of Degrading Syst.pdf
[2026-07-13 18:15:33] INFO [src.ingestion.document_loader.load_document:48]: Đang trích xuất: Artificial_Intelligence_2008.04774v2_SMT-based Safety Verification of Paramet.pdf
[2026-07-13 18:15:38] INFO [src.ingestion.document_loader.load_document:48]: Đang trích xuất: Artificial_Intelligence_2008.04970v1_Metaheuristics for the operating theater.pdf
[2026-07-13 18:15:42] INFO [src.ingestion.document_loader.load_document:48]: Đang trích xuất: Artificial_Intelligence_2008.05239v3_A Knowledge Graph for Assessing Aggressi.pdf
[2026-07-13 18:15:45] INFO [src.ingestion.document_loader.load_document:48]: Đang trích xuất: Artificial_Intelligence_2008.05580v1_Toward the quantification of cognition.pdf
[2026-07-13 18:15:53] INFO [src.ingestion.document_loader.load_document:48]: Đang trích xuất: Artificial_Intelligence_2008.05789v1_Look_ Listen_ and Attend_ Co-Attention N.pdf
[2026-07-13 18:15:58] INFO [src.ingestion.document_loader.load_document:48]: Đang trích xuất: Artificial_Intelligence_2008.06073v1_Visuomotor Mechanical Search_ Learning t.pdf
[2026-07-13 18:16:00] INFO [src.ingestion.document_loader.load_document:48]: Đang trích xuất: Artificial_Intelligence_2008.06626v1_Safe Reinforcement Learning in Constrain.pdf
[2026-07-13 18:16:03] INFO [src.ingestion.document_loader.load_document:48]: Đang trích xuất: Artificial_Intelligence_2008.06693v4_Explainability in Deep Reinforcement Lea.pdf
[2026-07-13 18:16:07] INFO [src.ingestion.document_loader.load_document:48]: Đang trích xuất: Artificial_Intelligence_2008.06696v1_Autonomous Braking and Throttle System_ .pdf
[2026-07-13 18:16:08] INFO [src.ingestion.document_loader.load_document:48]: Đang trích xuất: Artificial_Intelligence_2008.06775v1_Model Patching_ Closing the Subgroup Per.pdf
[2026-07-13 18:16:13] INFO [src.ingestion.document_loader.load_document:48]: Đang trích xuất: Artificial_Intelligence_2008.07328v1_An Ontological AI-and-Law Framework for .pdf
[2026-07-13 18:16:19] INFO [src.ingestion.document_loader.load_document:48]: Đang trích xuất: Artificial_Intelligence_2012.11903v1_Modelling Human Routines_ Conceptualisin.pdf
[2026-07-13 18:16:22] INFO [src.ingestion.document_loader.load_document:48]: Đang trích xuất: Artificial_Intelligence_2012.12104v1_A Deep Reinforcement Learning Approach f.pdf
[2026-07-13 18:16:27] INFO [src.ingestion.document_loader.load_document:48]: Đang trích xuất: Artificial_Intelligence_2012.12447v1_Skeleton-based Approaches based on Machi.pdf
[2026-07-13 18:16:30] INFO [src.ingestion.document_loader.load_document:48]: Đang trích xuất: Artificial_Intelligence_2012.12634v1_Overview of FPGA deep learning accelerat.pdf
[2026-07-13 18:16:32] INFO [src.ingestion.document_loader.load_document:48]: Đang trích xuất: Artificial_Intelligence_2012.12718v1_Compliance Generation for Privacy Docume.pdf
[2026-07-13 18:16:33] INFO [src.ingestion.document_loader.load_document:48]: Đang trích xuất: Artificial_Intelligence_2012.13026v1_Rethink AI-based Power Grid Control_ Div.pdf
[2026-07-13 18:16:34] INFO [src.ingestion.document_loader.load_document:48]: Đang trích xuất: Artificial_Intelligence_2012.13293v1_Fuzzy Commitments Offer Insufficient Pro.pdf
[2026-07-13 18:16:37] INFO [src.ingestion.document_loader.load_document:48]: Đang trích xuất: Artificial_Intelligence_2012.13315v1_Generalization in portfolio-based algori.pdf
[2026-07-13 18:16:40] INFO [src.ingestion.document_loader.load_document:48]: Đang trích xuất: Artificial_Intelligence_2012.13391v2_I like fish_ especially dolphins_ Addres.pdf
[2026-07-13 18:16:43] INFO [src.ingestion.document_loader.load_document:48]: Đang trích xuất: Artificial_Intelligence_2012.13569v1_Dynamic-K Recommendation with Personaliz.pdf
[2026-07-13 18:16:45] INFO [src.ingestion.document_loader.load_document:48]: Đang trích xuất: Artificial_Intelligence_2012.13666v1_PaXNet_ Dental Caries Detection in Panor.pdf
[2026-07-13 18:16:48] INFO [src.ingestion.document_loader.load_document:48]: Đang trích xuất: Artificial_Intelligence_2012.13677v1_Toward Compact Data from Big Data.pdf
[2026-07-13 18:16:50] INFO [src.ingestion.document_loader.load_document:48]: Đang trích xuất: Artificial_Intelligence_2012.13779v1_Towards sample-efficient episodic contro.pdf
[2026-07-13 18:16:51] INFO [src.ingestion.document_loader.load_document:48]: Đang trích xuất: Artificial_Intelligence_2012.14005v1_Neural document expansion for ad-hoc inf.pdf
[2026-07-13 18:16:51] INFO [src.ingestion.document_loader.load_document:48]: Đang trích xuất: Computer_Networks_1904.07956v3_An Efficient Framework for Network Code .pdf
[2026-07-13 18:16:55] INFO [src.ingestion.document_loader.load_document:48]: Đang trích xuất: Computer_Networks_1904.07962v1_System-Level Simulator of LTE Sidelink C.pdf
[2026-07-13 18:16:56] INFO [src.ingestion.document_loader.load_document:48]: Đang trích xuất: Computer_Networks_1904.07963v1_On the Resource Utilization of Multi-Con.pdf
[2026-07-13 18:16:57] INFO [src.ingestion.document_loader.load_document:48]: Đang trích xuất: Computer_Networks_1904.07973v1_Performances of C-V2X Communication on H.pdf
[2026-07-13 18:16:58] INFO [src.ingestion.document_loader.load_document:48]: Đang trích xuất: Computer_Networks_1904.08179v1_Authenticated Preambles for Denial of Se.pdf
[2026-07-13 18:16:59] INFO [src.ingestion.document_loader.load_document:48]: Đang trích xuất: Computer_Networks_1904.13029v1_On Coverage Probability With Type-II HAR.pdf
[2026-07-13 18:17:02] INFO [src.ingestion.document_loader.load_document:48]: Đang trích xuất: Computer_Networks_1905.00152v5_Towards Smart and Reconfigurable Environ.pdf
[2026-07-13 18:17:04] INFO [src.ingestion.document_loader.load_document:48]: Đang trích xuất: Computer_Networks_1905.02178v1_Age of Information Scaling in Large Netw.pdf
[2026-07-13 18:17:07] INFO [src.ingestion.document_loader.load_document:48]: Đang trích xuất: Computer_Networks_1905.03519v1_Intelligent Scheduling and Power Control.pdf
[2026-07-13 18:17:09] INFO [src.ingestion.document_loader.load_document:48]: Đang trích xuất: Computer_Networks_1906.00679v1_The Adversarial Machine Learning Conundr.pdf
[2026-07-13 18:17:11] INFO [src.ingestion.document_loader.load_document:48]: Đang trích xuất: Computer_Networks_1906.00749v1_Application Components Migration in NFV-.pdf
[2026-07-13 18:17:14] INFO [src.ingestion.document_loader.load_document:48]: Đang trích xuất: Computer_Networks_1906.00750v1_Effects of Packet Loss and Jitter on VoL.pdf
[2026-07-13 18:17:14] INFO [src.ingestion.document_loader.load_document:48]: Đang trích xuất: Computer_Networks_1906.00760v1_Fuzzy Route Switching For Energy Preserv.pdf
[2026-07-13 18:17:16] INFO [src.ingestion.document_loader.load_document:48]: Đang trích xuất: Computer_Networks_1906.00864v1_A Proactive Design to Detect Denial of S.pdf
[2026-07-13 18:17:18] INFO [src.ingestion.document_loader.load_document:48]: Đang trích xuất: Computer_Networks_1906.00951v1_User Traffic Prediction for Proactive Re.pdf
[2026-07-13 18:17:20] INFO [src.ingestion.document_loader.load_document:48]: Đang trích xuất: Computer_Networks_1906.01276v1_Anonymity Network Tor and Performance An.pdf
[2026-07-13 18:17:26] INFO [src.ingestion.document_loader.load_document:48]: Đang trích xuất: Computer_Networks_2005.09781v1_SwarmControl_ An Automated Distributed C.pdf
[2026-07-13 18:17:30] INFO [src.ingestion.document_loader.load_document:48]: Đang trích xuất: Computer_Networks_2005.10187v2_Do we need a Contact Tracing App_.pdf
[2026-07-13 18:17:34] INFO [src.ingestion.document_loader.load_document:48]: Đang trích xuất: Computer_Networks_2005.10298v2_Sensor Networks TDOA Self-Calibration_ 2.pdf
[2026-07-13 18:17:35] INFO [src.ingestion.document_loader.load_document:48]: Đang trích xuất: Computer_Networks_2005.12517v1_Information transfer based on precision .pdf
[2026-07-13 18:17:36] INFO [src.ingestion.document_loader.load_document:48]: Đang trích xuất: Computer_Networks_2005.12751v1_Modular WSS-based OXCs for Large-Scale O.pdf
[2026-07-13 18:17:39] INFO [src.ingestion.document_loader.load_document:48]: Đang trích xuất: Computer_Networks_2005.13648v1_In-depth Real-World Evaluation of NB-IoT.pdf
[2026-07-13 18:17:40] INFO [src.ingestion.document_loader.load_document:48]: Đang trích xuất: Computer_Networks_2005.13816v1_The Impact of the Physical Layer on the .pdf
[2026-07-13 18:17:47] INFO [src.ingestion.document_loader.load_document:48]: Đang trích xuất: Computer_Networks_2005.13905v1_Modeling the Location Selection of Mirro.pdf
[2026-07-13 18:17:49] INFO [src.ingestion.document_loader.load_document:48]: Đang trích xuất: Computer_Networks_2005.14430v1_Energy Self-Sustainability in Full-Spect.pdf
[2026-07-13 18:17:52] INFO [src.ingestion.document_loader.load_document:48]: Đang trích xuất: Computer_Networks_2005.14573v2_Time Scheduling and Energy Trading for H.pdf
[2026-07-13 18:17:57] INFO [src.ingestion.document_loader.load_document:48]: Đang trích xuất: Computer_Networks_2005.14651v1_Implementation of Self-Organizing Networ.pdf
[2026-07-13 18:17:59] INFO [src.ingestion.document_loader.load_document:48]: Đang trích xuất: Computer_Networks_2006.00205v1_Opportunities of Optical Spectrum for Fu.pdf
[2026-07-13 18:18:00] INFO [src.ingestion.document_loader.load_document:48]: Đang trích xuất: Computer_Networks_2006.00912v1_An Approach to Avoid the Unreal High Flo.pdf
[2026-07-13 18:18:03] INFO [src.ingestion.document_loader.load_document:48]: Đang trích xuất: Computer_Networks_2006.00992v1_Game Theoretic Approaches in Vehicular N.pdf
[2026-07-13 18:18:13] INFO [src.ingestion.document_loader.load_document:48]: Đang trích xuất: Computer_Networks_2006.01025v1_Coded Caching for Heterogeneous Wireless.pdf
[2026-07-13 18:18:17] INFO [src.ingestion.document_loader.load_document:48]: Đang trích xuất: Computer_Networks_2006.01104v1_Uncertainty-Aware Resource Provisioning .pdf
[2026-07-13 18:18:22] INFO [src.ingestion.document_loader.load_document:48]: Đang trích xuất: Computer_Networks_2006.01404v1_Trust-Based Winnow Linear Multiplicative.pdf
[2026-07-13 18:18:25] INFO [src.ingestion.document_loader.load_document:48]: Đang trích xuất: Computer_Networks_2006.01651v1_DAPES_ Named Data for Off-the-Grid File .pdf
[2026-07-13 18:18:29] INFO [src.ingestion.document_loader.load_document:48]: Đang trích xuất: Computer_Networks_2006.01818v1_Securing Your Collaborative Jupyter Note.pdf
[2026-07-13 18:18:31] INFO [src.ingestion.document_loader.load_document:48]: Đang trích xuất: Computer_Networks_2006.02896v1_Jamming-Aware Control Plane in Elastic O.pdf
[2026-07-13 18:18:33] INFO [src.ingestion.document_loader.load_document:48]: Đang trích xuất: Computer_Networks_2006.03675v1_Publish_ subscribe_ and federate_.pdf
[2026-07-13 18:18:34] INFO [src.ingestion.document_loader.load_document:48]: Đang trích xuất: Computer_Networks_2006.04055v2_Green Resource Allocation and Energy Man.pdf
[2026-07-13 18:18:37] INFO [src.ingestion.document_loader.load_document:48]: Đang trích xuất: Computer_Networks_2006.04595v1_Softwarization_ Virtualization_ _ Machin.pdf
[2026-07-13 18:18:40] INFO [src.ingestion.document_loader.load_document:48]: Đang trích xuất: Computer_Networks_2006.06526v1_Recurrent Neural Networks for Handover M.pdf
[2026-07-13 18:18:43] INFO [src.ingestion.document_loader.load_document:48]: Đang trích xuất: Computer_Networks_2006.08064v1_Timely Detection and Mitigation of Steal.pdf
[2026-07-13 18:18:48] INFO [src.ingestion.document_loader.load_document:48]: Đang trích xuất: Computer_Networks_2006.08199v1_Reducing the total cost of ownership in .pdf
[2026-07-13 18:18:53] INFO [src.ingestion.document_loader.load_document:48]: Đang trích xuất: Computer_Networks_2007.04399v1_Epidemic Exposure Notification with Smar.pdf
[2026-07-13 18:18:57] INFO [src.ingestion.document_loader.load_document:48]: Đang trích xuất: Computer_Networks_2007.07921v1_Performance analysis of a distributed al.pdf
[2026-07-13 18:19:00] INFO [src.ingestion.document_loader.load_document:48]: Đang trích xuất: Computer_Networks_2007.08255v1_MaxSAT Evaluation 2020 -- Benchmark_ Ide.pdf
[2026-07-13 18:19:01] INFO [src.ingestion.document_loader.load_document:48]: Đang trích xuất: Computer_Networks_2007.08633v1_SRv6-PM_ Performance Monitoring of SRv6 .pdf
[2026-07-13 18:19:04] INFO [src.ingestion.document_loader.load_document:48]: Đang trích xuất: Computer_Networks_2007.08793v1_Towards Enabling Critical mMTC_ A Review.pdf
[2026-07-13 18:19:11] INFO [src.ingestion.document_loader.load_document:48]: Đang trích xuất: Computer_Networks_2007.08871v1_Overview of Security of Virtual Mobile N.pdf
[2026-07-13 18:19:13] INFO [src.ingestion.document_loader.load_document:48]: Đang trích xuất: Computer_Networks_2007.09789v1_Adaptive Control Plane Load Balancing in.pdf
[2026-07-13 18:19:14] INFO [src.ingestion.document_loader.load_document:48]: Đang trích xuất: Computer_Networks_2007.10162v2_Inter-Mobile-Device Distance Estimation .pdf
[2026-07-13 18:19:16] INFO [src.ingestion.document_loader.load_document:48]: Đang trích xuất: Computer_Networks_2007.10607v1_Cognitive IoT based Health Monitoring Sc.pdf
[2026-07-13 18:19:24] INFO [src.ingestion.document_loader.load_document:48]: Đang trích xuất: Computer_Networks_2007.11273v1_An Intelligent QoS Algorithm for Home Ne.pdf
[2026-07-13 18:19:26] INFO [src.ingestion.document_loader.load_document:48]: Đang trích xuất: Computer_Networks_2007.11930v1_Blackout Resilient Optical Core Network.pdf
[2026-07-13 18:19:29] INFO [src.ingestion.document_loader.load_document:48]: Đang trích xuất: Computer_Networks_2007.12250v1_WiFi-based Crowd Monitoring and Workspac.pdf
[2026-07-13 18:19:31] INFO [src.ingestion.document_loader.load_document:48]: Đang trích xuất: Computer_Networks_2007.12748v1_Low Earth Orbit Satellites Provide Conti.pdf
[2026-07-13 18:19:32] INFO [src.ingestion.document_loader.load_document:48]: Đang trích xuất: Computer_Networks_2007.13981v2_Farsighted Risk Mitigation of Lateral Mo.pdf
[2026-07-13 18:19:35] INFO [src.ingestion.document_loader.load_document:48]: Đang trích xuất: Computer_Networks_2007.15105v1_Energy-Efficient UAV-Assisted Mobile Edg.pdf
[2026-07-13 18:19:39] INFO [src.ingestion.document_loader.load_document:48]: Đang trích xuất: Computer_Networks_2007.15338v1_New approach to MPI program execution ti.pdf
[2026-07-13 18:19:41] INFO [src.ingestion.document_loader.load_document:48]: Đang trích xuất: Computer_Networks_2007.15906v1_A Novel Emergency Light Based Smart Buil.pdf
[2026-07-13 18:19:43] INFO [src.ingestion.document_loader.load_document:48]: Đang trích xuất: Computer_Networks_2008.00089v1_A Centralized Channel Allocation Method .pdf
[2026-07-13 18:19:46] INFO [src.ingestion.document_loader.load_document:48]: Đang trích xuất: Computer_Networks_2008.00156v1_MIPS_ Instance Placement for Stream Proc.pdf
[2026-07-13 18:19:49] INFO [src.ingestion.document_loader.load_document:48]: Đang trích xuất: Computer_Networks_2008.00208v1_Service Chain Composition with Failures .pdf
[2026-07-13 18:19:56] INFO [src.ingestion.document_loader.load_document:48]: Đang trích xuất: Computer_Networks_2008.01528v1_Throughput Maximization in Uncooperative.pdf
[2026-07-13 18:20:00] INFO [src.ingestion.document_loader.load_document:48]: Đang trích xuất: Computer_Networks_2008.01646v1_Joint Switch-Controller Association and .pdf
[2026-07-13 18:20:06] INFO [src.ingestion.document_loader.load_document:48]: Đang trích xuất: Computer_Networks_2008.01647v1_Online VNF Chaining and Predictive Sched.pdf
[2026-07-13 18:20:10] INFO [src.ingestion.document_loader.load_document:48]: Đang trích xuất: Computer_Networks_2008.02752v1_Internet-Scale Video Streaming over NDN.pdf
[2026-07-13 18:20:12] INFO [src.ingestion.document_loader.load_document:48]: Đang trích xuất: Computer_Networks_2008.02815v1_IEEE 802_11be_ Wi-Fi 7 Strikes Back.pdf
[2026-07-13 18:20:13] INFO [src.ingestion.document_loader.load_document:48]: Đang trích xuất: Computer_Networks_2008.02988v1_An Analytical Framework for Delay Optima.pdf
[2026-07-13 18:20:15] INFO [src.ingestion.document_loader.load_document:48]: Đang trích xuất: Computer_Networks_2008.03140v1_Mathematical model of LoRaWAN channel ac.pdf
[2026-07-13 18:20:16] INFO [src.ingestion.document_loader.load_document:48]: Đang trích xuất: Computer_Networks_2008.03297v1_Multi-Stage Optimized Machine Learning F.pdf
[2026-07-13 18:20:19] INFO [src.ingestion.document_loader.load_document:48]: Đang trích xuất: Computer_Networks_2008.03497v1_Optimizing Co-flows Scheduling and Routi.pdf
[2026-07-13 18:20:23] INFO [src.ingestion.document_loader.load_document:48]: Đang trích xuất: Computer_Networks_2008.03677v1_Enhancing Robustness Against Adversarial.pdf
[2026-07-13 18:20:25] INFO [src.ingestion.document_loader.load_document:48]: Đang trích xuất: Computer_Networks_2008.04105v1_Distributed Deep Reinforcement Learning .pdf
[2026-07-13 18:20:29] INFO [src.ingestion.document_loader.load_document:48]: Đang trích xuất: Computer_Networks_2008.04651v1_A Survey on Human-centric Communications.pdf
[2026-07-13 18:20:38] INFO [src.ingestion.document_loader.load_document:48]: Đang trích xuất: Computer_Networks_2008.05394v1_Overhead Control with Reliable Transmiss.pdf
[2026-07-13 18:20:58] INFO [src.ingestion.document_loader.load_document:48]: Đang trích xuất: Computer_Networks_2008.05852v1_BeeCup_ A Bio-Inspired Energy-Efficient .pdf
[2026-07-13 18:21:03] INFO [src.ingestion.document_loader.load_document:48]: Đang trích xuất: Computer_Networks_2008.07076v1_Certificate and Signature Free Anonymity.pdf
[2026-07-13 18:21:05] INFO [src.ingestion.document_loader.load_document:48]: Đang trích xuất: Computer_Networks_2008.07323v3_New CAP Reduction Mechanisms for IEEE 80.pdf
[2026-07-13 18:21:09] INFO [src.ingestion.document_loader.load_document:48]: Đang trích xuất: Computer_Networks_2010.03839v2_Strategies for Integrating Controls Flow.pdf
[2026-07-13 18:21:13] INFO [src.ingestion.document_loader.load_document:48]: Đang trích xuất: Computer_Networks_2010.03954v1_A Survey on Deep Neural Network Compress.pdf
[2026-07-13 18:21:18] INFO [src.ingestion.document_loader.load_document:48]: Đang trích xuất: Computer_Networks_2010.04418v1_Embedding the Minimum Cost SFC with End-.pdf
[2026-07-13 18:21:19] INFO [src.ingestion.document_loader.load_document:48]: Đang trích xuất: Computer_Networks_2010.04563v1_A Discussion on Context-awareness to Bet.pdf
[2026-07-13 18:21:21] INFO [src.ingestion.document_loader.load_document:48]: Đang trích xuất: Computer_Networks_2010.04993v1_Fair Pricing In Heterogeneous Internet o.pdf
[2026-07-13 18:21:24] INFO [src.ingestion.document_loader.load_document:48]: Đang trích xuất: Computer_Networks_2010.05630v1_The Wireless Train Communication Network.pdf
[2026-07-13 18:21:25] INFO [src.ingestion.document_loader.load_document:48]: Đang trích xuất: Computer_Networks_2010.14811v1_No Perfect Outdoors_ Towards A Deep Prof.pdf
[2026-07-13 18:21:29] INFO [src.ingestion.document_loader.load_document:48]: Đang trích xuất: Computer_Networks_2010.15070v1_Improving Bitcoin Transaction Propagatio.pdf
[2026-07-13 18:21:31] INFO [src.ingestion.document_loader.load_document:48]: Đang trích xuất: Computer_Networks_2010.15572v2_Experimental Analysis of Communication R.pdf
[2026-07-13 18:21:32] INFO [src.ingestion.document_loader.load_document:48]: Đang trích xuất: Computer_Networks_2010.15786v1_Light-Weight DDoS Mitigation at Network .pdf
[2026-07-13 18:21:33] INFO [src.ingestion.document_loader.load_document:48]: Đang trích xuất: Computer_Networks_2011.00363v1_Increasing Transmission Distance in THz .pdf
[2026-07-13 18:21:35] INFO [src.ingestion.document_loader.load_document:48]: Đang trích xuất: Computer_Networks_2011.00365v1_Analysis of the reliability of LoRa.pdf
[2026-07-13 18:21:36] INFO [src.ingestion.document_loader.load_document:48]: Đang trích xuất: Computer_Networks_2011.01514v1_You Do _Not_ Belong Here_ Detecting DPI .pdf
[2026-07-13 18:21:39] INFO [src.ingestion.document_loader.load_document:48]: Đang trích xuất: Computer_Networks_2012.11325v1_Detecting Botnet Attacks in IoT Environm.pdf
[2026-07-13 18:21:40] INFO [src.ingestion.document_loader.load_document:48]: Đang trích xuất: Computer_Networks_2012.11378v1_Partial Network Identifiability_ Theorem.pdf
[2026-07-13 18:21:45] INFO [src.ingestion.document_loader.load_document:48]: Đang trích xuất: Computer_Networks_2012.11723v1_An Architecture for In-Vehicle Network.pdf
[2026-07-13 18:21:47] INFO [src.ingestion.document_loader.load_document:48]: Đang trích xuất: Computer_Networks_2012.11971v1_Predictive Ultra-Reliable Communication_.pdf
[2026-07-13 18:21:51] INFO [src.ingestion.document_loader.load_document:48]: Đang trích xuất: Computer_Networks_2012.12097v1_Providing Intermodal Route Alternatives.pdf
[2026-07-13 18:21:52] INFO [src.ingestion.document_loader.load_document:48]: Đang trích xuất: Computer_Networks_2012.12123v1_Machine Learning Algorithm for NLOS Mill.pdf
[2026-07-13 18:21:54] INFO [src.ingestion.document_loader.load_document:48]: Đang trích xuất: Computer_Networks_2012.13146v1_The effect of the toplolgy adaptation on.pdf
[2026-07-13 18:21:56] INFO [src.ingestion.document_loader.load_document:48]: Đang trích xuất: Computer_Networks_2012.13756v1_Online Distributed Job Dispatching with .pdf
[2026-07-13 18:21:59] INFO [src.ingestion.document_loader.load_document:48]: Đang trích xuất: Computer_Networks_2012.14111v1_Implementation of Security Systems for D.pdf
[2026-07-13 18:22:00] INFO [src.ingestion.document_loader.load_document:48]: Đang trích xuất: Computer_Vision_1904.07588v1_Patch alignment manifold matting.pdf
[2026-07-13 18:22:03] INFO [src.ingestion.document_loader.load_document:48]: Đang trích xuất: Computer_Vision_1904.07601v3_Relation-Shape Convolutional Neural Netw.pdf
[2026-07-13 18:22:06] INFO [src.ingestion.document_loader.load_document:48]: Đang trích xuất: Computer_Vision_1904.07659v1_Semantically Aligned Bias Reducing Zero .pdf
[2026-07-13 18:22:08] INFO [src.ingestion.document_loader.load_document:48]: Đang trích xuất: Computer_Vision_1904.07916v1_IAN_ Combining Generative Adversarial Ne.pdf
[2026-07-13 18:22:12] INFO [src.ingestion.document_loader.load_document:48]: Đang trích xuất: Computer_Vision_1904.07934v2_Devil is in the Edges_ Learning Semantic.pdf
[2026-07-13 18:22:14] INFO [src.ingestion.document_loader.load_document:48]: Đang trích xuất: Computer_Vision_1904.07969v1_DNN Architecture for High Performance Pr.pdf
[2026-07-13 18:22:15] INFO [src.ingestion.document_loader.load_document:48]: Đang trích xuất: Computer_Vision_1904.08008v3_Clustered Object Detection in Aerial Ima.pdf
[2026-07-13 18:22:17] INFO [src.ingestion.document_loader.load_document:48]: Đang trích xuất: Computer_Vision_1904.08034v2_People infer recursive visual concepts f.pdf
[2026-07-13 18:22:22] INFO [src.ingestion.document_loader.load_document:48]: Đang trích xuất: Computer_Vision_1904.08066v1_Collaboration Analysis Using Deep Learni.pdf
[2026-07-13 18:22:23] INFO [src.ingestion.document_loader.load_document:48]: Đang trích xuất: Computer_Vision_1904.08103v1_Multi-Scale Geometric Consistency Guided.pdf
[2026-07-13 18:22:26] INFO [src.ingestion.document_loader.load_document:48]: Đang trích xuất: Computer_Vision_1904.08128v2_Automated Design of Deep Learning Method.pdf
[2026-07-13 18:22:32] INFO [src.ingestion.document_loader.load_document:48]: Đang trích xuất: Computer_Vision_1904.08177v1_Downhole Track Detection via Multiscale .pdf
[2026-07-13 18:22:33] INFO [src.ingestion.document_loader.load_document:48]: Đang trích xuất: Computer_Vision_1904.08189v3_CenterNet_ Keypoint Triplets for Object .pdf
[2026-07-13 18:22:37] INFO [src.ingestion.document_loader.load_document:48]: Đang trích xuất: Computer_Vision_1904.08242v2_LO-Net_ Deep Real-time Lidar Odometry.pdf
[2026-07-13 18:22:42] INFO [src.ingestion.document_loader.load_document:48]: Đang trích xuất: Computer_Vision_1904.08269v1_BS-Nets_ An End-to-End Framework For Ban.pdf
[2026-07-13 18:22:47] INFO [src.ingestion.document_loader.load_document:48]: Đang trích xuất: Computer_Vision_1904.12059v1_ARCHANGEL_ Tamper-proofing Video Archive.pdf
[2026-07-13 18:22:50] INFO [src.ingestion.document_loader.load_document:48]: Đang trích xuất: Computer_Vision_1904.12201v1_Human-Centered Emotion Recognition in An.pdf
[2026-07-13 18:22:53] INFO [src.ingestion.document_loader.load_document:48]: Đang trích xuất: Computer_Vision_1904.12613v1_State Classification of Cooking Objects .pdf
[2026-07-13 18:22:54] INFO [src.ingestion.document_loader.load_document:48]: Đang trích xuất: Computer_Vision_1904.12717v2_Globally optimal vertical direction esti.pdf
[2026-07-13 18:23:07] INFO [src.ingestion.document_loader.load_document:48]: Đang trích xuất: Computer_Vision_1904.12724v1_Solo or Ensemble_ Choosing a CNN Archite.pdf
[2026-07-13 18:23:17] INFO [src.ingestion.document_loader.load_document:48]: Đang trích xuất: Computer_Vision_1904.12732v2_Multi-scale Microaneurysms Segmentation .pdf
[2026-07-13 18:23:18] INFO [src.ingestion.document_loader.load_document:48]: Đang trích xuất: Computer_Vision_1904.12735v1_DeepHMap___ Combined Projection Grouping.pdf
[2026-07-13 18:23:21] INFO [src.ingestion.document_loader.load_document:48]: Đang trích xuất: Computer_Vision_1904.12785v2_Style Transfer by Relaxed Optimal Transp.pdf
[2026-07-13 18:23:23] INFO [src.ingestion.document_loader.load_document:48]: Đang trích xuất: Computer_Vision_1904.12848v6_Unsupervised Data Augmentation for Consi.pdf
[2026-07-13 18:23:26] INFO [src.ingestion.document_loader.load_document:48]: Đang trích xuất: Computer_Vision_1904.12936v2_Learning to Find Common Objects Across F.pdf
[2026-07-13 18:23:29] INFO [src.ingestion.document_loader.load_document:48]: Đang trích xuất: Computer_Vision_1904.13073v1_SurfelWarp_ Efficient Non-Volumetric Sin.pdf
[2026-07-13 18:23:30] INFO [src.ingestion.document_loader.load_document:48]: Đang trích xuất: Computer_Vision_1904.13079v1_Anomaly Detection in Traffic Scenes via .pdf
[2026-07-13 18:23:34] INFO [src.ingestion.document_loader.load_document:48]: Đang trích xuất: Computer_Vision_1904.13196v1_Semantic Referee_ A Neural-Symbolic Fram.pdf
[2026-07-13 18:23:37] INFO [src.ingestion.document_loader.load_document:48]: Đang trích xuất: Computer_Vision_1904.13273v1_Detecting Reflections by Combining Seman.pdf
[2026-07-13 18:23:39] INFO [src.ingestion.document_loader.load_document:48]: Đang trích xuất: Computer_Vision_1904.13342v1_PYRO-NN_ Python Reconstruction Operators.pdf
[2026-07-13 18:23:41] INFO [src.ingestion.document_loader.load_document:48]: Đang trích xuất: Computer_Vision_1905.00261v1_Automatic Dataset Augmentation Using Vir.pdf
[2026-07-13 18:23:43] INFO [src.ingestion.document_loader.load_document:48]: Đang trích xuất: Computer_Vision_1905.00396v1_Sex-Prediction from Periocular Images ac.pdf
[2026-07-13 18:23:44] INFO [src.ingestion.document_loader.load_document:48]: Đang trích xuất: Computer_Vision_1905.02114v1_Visibility Constrained Generative Model .pdf
[2026-07-13 18:23:49] INFO [src.ingestion.document_loader.load_document:48]: Đang trích xuất: Computer_Vision_1905.02163v1_Simulating CRF with CNN for CNN.pdf
[2026-07-13 18:23:50] INFO [src.ingestion.document_loader.load_document:48]: Đang trích xuất: Computer_Vision_1905.02188v3_CARAFE_ Content-Aware ReAssembly of FEat.pdf
[2026-07-13 18:23:53] INFO [src.ingestion.document_loader.load_document:48]: Đang trích xuất: Computer_Vision_1905.02197v1_Back to the Future_ Predicting Traffic S.pdf
[2026-07-13 18:23:54] INFO [src.ingestion.document_loader.load_document:48]: Đang trích xuất: Computer_Vision_1905.02234v2_Image Matters_ Scalable Detection of Off.pdf
[2026-07-13 18:23:56] INFO [src.ingestion.document_loader.load_document:48]: Đang trích xuất: Computer_Vision_1905.02244v5_Searching for MobileNetV3.pdf
[2026-07-13 18:23:59] INFO [src.ingestion.document_loader.load_document:48]: Đang trích xuất: Computer_Vision_1905.02259v2_Source Generator Attribution via Inversi.pdf
[2026-07-13 18:24:01] INFO [src.ingestion.document_loader.load_document:48]: Đang trích xuất: Computer_Vision_1905.02292v1_Frame-wise Motion and Appearance for Rea.pdf
[2026-07-13 18:24:02] INFO [src.ingestion.document_loader.load_document:48]: Đang trích xuất: Computer_Vision_1905.02706v2_Learning Unsupervised Multi-View Stereop.pdf
[2026-07-13 18:24:05] INFO [src.ingestion.document_loader.load_document:48]: Đang trích xuất: Computer_Vision_1905.02749v1_DeepSWIR_ A Deep Learning Based Approach.pdf
[2026-07-13 18:24:07] INFO [src.ingestion.document_loader.load_document:48]: Đang trích xuất: Computer_Vision_1905.02781v1_Robust Dense Mapping for Large-Scale Dyn.pdf
[2026-07-13 18:24:09] INFO [src.ingestion.document_loader.load_document:48]: Đang trích xuất: Computer_Vision_1905.02845v1_Feature Selection and Feature Extraction.pdf
[2026-07-13 18:24:13] INFO [src.ingestion.document_loader.load_document:48]: Đang trích xuất: Computer_Vision_1905.02925v1_ShapeGlot_ Learning Language for Shape D.pdf
[2026-07-13 18:24:18] INFO [src.ingestion.document_loader.load_document:48]: Đang trích xuất: Computer_Vision_1905.03046v1_PiNet_ A Permutation Invariant Graph Neu.pdf
[2026-07-13 18:24:20] INFO [src.ingestion.document_loader.load_document:48]: Đang trích xuất: Computer_Vision_1905.03066v3_Training a Fast Object Detector for LiDA.pdf
[2026-07-13 18:24:30] INFO [src.ingestion.document_loader.load_document:48]: Đang trích xuất: Computer_Vision_1905.03229v3_Image-based reconstruction for the impac.pdf
[2026-07-13 18:24:36] INFO [src.ingestion.document_loader.load_document:48]: Đang trích xuất: Computer_Vision_1905.03421v3_Adversarial Image Translation_ Unrestric.pdf
[2026-07-13 18:24:38] INFO [src.ingestion.document_loader.load_document:48]: Đang trích xuất: Computer_Vision_1905.03445v1_Two-Stage Convolutional Neural Network A.pdf
[2026-07-13 18:24:43] INFO [src.ingestion.document_loader.load_document:48]: Đang trích xuất: Computer_Vision_1906.00495v1_Truncated Cauchy Non-negative Matrix Fac.pdf
[2026-07-13 18:24:48] INFO [src.ingestion.document_loader.load_document:48]: Đang trích xuất: Computer_Vision_1906.00629v2_Computing Valid p-values for Image Segme.pdf
[2026-07-13 18:24:52] INFO [src.ingestion.document_loader.load_document:48]: Đang trích xuất: Computer_Vision_1906.00805v1_GazeCorrection_Self-Guided Eye Manipulat.pdf
[2026-07-13 18:24:55] INFO [src.ingestion.document_loader.load_document:48]: Đang trích xuất: Computer_Vision_1906.00825v1_Self-supervised Body Image Acquisition U.pdf
[2026-07-13 18:24:57] INFO [src.ingestion.document_loader.load_document:48]: Đang trích xuất: Computer_Vision_1906.00872v1_From Words to Sentences_ A Progressive L.pdf
[2026-07-13 18:24:59] INFO [src.ingestion.document_loader.load_document:48]: Đang trích xuất: Computer_Vision_1906.01028v1_A Hybrid RNN-HMM Approach for Weakly Sup.pdf
[2026-07-13 18:25:02] INFO [src.ingestion.document_loader.load_document:48]: Đang trích xuất: Computer_Vision_1906.01160v1_Transfer Learning with intelligent train.pdf
[2026-07-13 18:25:05] INFO [src.ingestion.document_loader.load_document:48]: Đang trích xuất: Computer_Vision_1906.01272v1_Evaluation of an AI system for the autom.pdf
[2026-07-13 18:25:09] INFO [src.ingestion.document_loader.load_document:48]: Đang trích xuất: Computer_Vision_1906.01288v3_Information Competing Process for Learni.pdf
[2026-07-13 18:25:11] INFO [src.ingestion.document_loader.load_document:48]: Đang trích xuất: Computer_Vision_1906.01290v1_Relational Reasoning using Prior Knowled.pdf
[2026-07-13 18:25:13] INFO [src.ingestion.document_loader.load_document:48]: Đang trích xuất: Computer_Vision_1906.01292v1_Optimal Unsupervised Domain Translation.pdf
[2026-07-13 18:25:17] INFO [src.ingestion.document_loader.load_document:48]: Đang trích xuất: Computer_Vision_1906.01357v1_State-aware Re-identification Feature fo.pdf
[2026-07-13 18:25:18] INFO [src.ingestion.document_loader.load_document:48]: Đang trích xuất: Computer_Vision_1906.01452v1_Reconstruct and Represent Video Contents.pdf
[2026-07-13 18:25:21] INFO [src.ingestion.document_loader.load_document:48]: Đang trích xuất: Computer_Vision_1906.01524v1_Text-based Editing of Talking-head Video.pdf
[2026-07-13 18:25:26] INFO [src.ingestion.document_loader.load_document:48]: Đang trích xuất: Computer_Vision_1906.01737v2_Geo-Aware Networks for Fine-Grained Reco.pdf
[2026-07-13 18:25:27] INFO [src.ingestion.document_loader.load_document:48]: Đang trích xuất: Computer_Vision_2005.13366v1_Weakly Supervised Vessel Segmentation in.pdf
[2026-07-13 18:25:31] INFO [src.ingestion.document_loader.load_document:48]: Đang trích xuất: Computer_Vision_2005.14169v1_Self-supervised Modal and View Invariant.pdf
[2026-07-13 18:25:34] INFO [src.ingestion.document_loader.load_document:48]: Đang trích xuất: Computer_Vision_2012.10066v1_PointINet_ Point Cloud Frame Interpolati.pdf
[2026-07-13 18:25:35] INFO [src.ingestion.document_loader.load_document:48]: Đang trích xuất: Computer_Vision_2012.10992v1_Deep Continuous Fusion for Multi-Sensor .pdf
[2026-07-13 18:25:38] INFO [src.ingestion.document_loader.load_document:48]: Đang trích xuất: Computer_Vision_2012.11002v1_Deep Bingham Networks_ Dealing with Unce.pdf
[2026-07-13 18:25:43] INFO [src.ingestion.document_loader.load_document:48]: Đang trích xuất: Computer_Vision_2012.11101v1_ResizeMix_ Mixing Data with Preserved Ob.pdf
[2026-07-13 18:25:45] INFO [src.ingestion.document_loader.load_document:48]: Đang trích xuất: Computer_Vision_2012.11486v1_Leaf Segmentation and Counting with Deep.pdf
[2026-07-13 18:25:47] INFO [src.ingestion.document_loader.load_document:48]: Đang trích xuất: Computer_Vision_2012.11745v1_Training DNNs in O_1_ memory with MEM-DF.pdf
[2026-07-13 18:25:48] INFO [src.ingestion.document_loader.load_document:48]: Đang trích xuất: Computer_Vision_2012.12089v1_Prediction of Chronic Kidney Disease Usi.pdf
[2026-07-13 18:25:50] INFO [src.ingestion.document_loader.load_document:48]: Đang trích xuất: Computer_Vision_2012.12104v1_A Deep Reinforcement Learning Approach f.pdf
[2026-07-13 18:25:56] INFO [src.ingestion.document_loader.load_document:48]: Đang trích xuất: Computer_Vision_2012.12139v1_Image to Bengali Caption Generation Usin.pdf
[2026-07-13 18:25:58] INFO [src.ingestion.document_loader.load_document:48]: Đang trích xuất: Computer_Vision_2012.12258v1_Underwater image filtering_ methods_ dat.pdf
[2026-07-13 18:26:02] INFO [src.ingestion.document_loader.load_document:48]: Đang trích xuất: Computer_Vision_2012.12302v1_Flexible deep transfer learning by separ.pdf
[2026-07-13 18:26:05] INFO [src.ingestion.document_loader.load_document:48]: Đang trích xuất: Computer_Vision_2012.12308v1_Randomized RX for target detection.pdf
[2026-07-13 18:26:06] INFO [src.ingestion.document_loader.load_document:48]: Đang trích xuất: Computer_Vision_2012.12397v1_Multi-Task Multi-Sensor Fusion for 3D Ob.pdf
[2026-07-13 18:26:10] INFO [src.ingestion.document_loader.load_document:48]: Đang trích xuất: Computer_Vision_2012.12432v2_Multi-Contrast Computed Tomography Healt.pdf
[2026-07-13 18:26:13] INFO [src.ingestion.document_loader.load_document:48]: Đang trích xuất: Computer_Vision_2012.12447v1_Skeleton-based Approaches based on Machi.pdf
[2026-07-13 18:26:16] INFO [src.ingestion.document_loader.load_document:48]: Đang trích xuất: Computer_Vision_2012.12453v1_CholecSeg8k_ A Semantic Segmentation Dat.pdf
[2026-07-13 18:26:17] INFO [src.ingestion.document_loader.load_document:48]: Đang trích xuất: Computer_Vision_2012.12545v1_Unsupervised Domain Adaptation for Seman.pdf
[2026-07-13 18:26:19] INFO [src.ingestion.document_loader.load_document:48]: Đang trích xuất: Computer_Vision_2012.12890v1_ANR_ Articulated Neural Rendering for Vi.pdf
[2026-07-13 18:26:21] INFO [src.ingestion.document_loader.load_document:48]: Đang trích xuất: Computer_Vision_2012.13028v1_General Domain Adaptation Through Propor.pdf
[2026-07-13 18:26:22] INFO [src.ingestion.document_loader.load_document:48]: Đang trích xuất: Computer_Vision_2012.13191v1_Appearance-Invariant 6-DoF Visual Locali.pdf
[2026-07-13 18:26:24] INFO [src.ingestion.document_loader.load_document:48]: Đang trích xuất: Computer_Vision_2012.13340v1_Joint super-resolution and synthesis of .pdf
[2026-07-13 18:26:29] INFO [src.ingestion.document_loader.load_document:48]: Đang trích xuất: Computer_Vision_2012.13364v1_Spatio-temporal Multi-task Learning for .pdf
[2026-07-13 18:26:32] INFO [src.ingestion.document_loader.load_document:48]: Đang trích xuất: Computer_Vision_2012.13666v1_PaXNet_ Dental Caries Detection in Panor.pdf
[2026-07-13 18:26:35] INFO [src.ingestion.document_loader.load_document:48]: Đang trích xuất: Computer_Vision_2012.13690v1_One-Shot Object Localization Using Learn.pdf
[2026-07-13 18:26:37] INFO [src.ingestion.document_loader.load_document:48]: Đang trích xuất: Computer_Vision_2012.13716v1_Hybrid and Non-Uniform quantization meth.pdf
[2026-07-13 18:26:38] INFO [src.ingestion.document_loader.load_document:48]: Đang trích xuất: Computer_Vision_2012.13736v1_Image Synthesis with Adversarial Network.pdf
[2026-07-13 18:26:45] INFO [src.ingestion.document_loader.load_document:48]: Đang trích xuất: Computer_Vision_2012.14092v1_Model Optimization for Deep Space Explor.pdf
[2026-07-13 18:26:46] INFO [src.ingestion.document_loader.load_document:48]: Đang trích xuất: Computer_Vision_2012.14106v1_Diagnosis_Prognosis of COVID-19 Images_ .pdf
[2026-07-13 18:26:51] INFO [src.ingestion.document_loader.load_document:48]: Đang trích xuất: Computer_Vision_2012.14130v1_Joint Intensity-Gradient Guided Generati.pdf
[2026-07-13 18:26:56] INFO [src.ingestion.document_loader.load_document:48]: Đang trích xuất: Computer_Vision_2012.14142v1_Perception Consistency Ultrasound Image .pdf
[2026-07-13 18:26:59] INFO [src.ingestion.document_loader.load_document:48]: Đang trích xuất: Computer_Vision_2012.14186v1_Action Recognition with Kernel-based Gra.pdf
[2026-07-13 18:27:01] INFO [src.ingestion.document_loader.load_document:48]: Đang trích xuất: Computer_Vision_2012.14207v1_Combining CNN and Hybrid Active Contours.pdf
[2026-07-13 18:27:02] INFO [src.ingestion.document_loader.load_document:48]: Đang trích xuất: Database_1805.12503v1_Practical Study of Deterministic Regular.pdf
[2026-07-13 18:27:04] INFO [src.ingestion.document_loader.load_document:48]: Đang trích xuất: Database_1806.01217v1_Efficient Genomic Interval Queries Using.pdf
[2026-07-13 18:27:07] INFO [src.ingestion.document_loader.load_document:48]: Đang trích xuất: Database_1806.04467v1_Next generation portal for federated tes.pdf
[2026-07-13 18:27:07] INFO [src.ingestion.document_loader.load_document:48]: Đang trích xuất: Database_1806.04761v1_Performance evaluation for CRUD operatio.pdf
[2026-07-13 18:27:08] INFO [src.ingestion.document_loader.load_document:48]: Đang trích xuất: Database_1806.05983v3_Online Variant of Parcel Allocation in L.pdf
[2026-07-13 18:27:11] INFO [src.ingestion.document_loader.load_document:48]: Đang trích xuất: Database_1806.06205v1_TrQuery_ An Embedding-based Framework fo.pdf
[2026-07-13 18:27:14] INFO [src.ingestion.document_loader.load_document:48]: Đang trích xuất: Database_1806.06452v1_Utilizing Provenance in Reusable Researc.pdf
[2026-07-13 18:27:17] INFO [src.ingestion.document_loader.load_document:48]: Đang trích xuất: Database_1806.09793v1_A NoSQL Data-based Personalized Recommen.pdf
[2026-07-13 18:27:20] INFO [src.ingestion.document_loader.load_document:48]: Đang trích xuất: Database_1806.09967v1_A Tensor Based Data Model for Polystore_.pdf
[2026-07-13 18:27:22] INFO [src.ingestion.document_loader.load_document:48]: Đang trích xuất: Database_1806.10078v2_A General Framework for Anytime Approxim.pdf
[2026-07-13 18:27:22] INFO [src.ingestion.document_loader.load_document:48]: Đang trích xuất: Database_1807.00602v1_Semantic Query Language for Temporal Gen.pdf
[2026-07-13 18:27:24] INFO [src.ingestion.document_loader.load_document:48]: Đang trích xuất: Database_1807.00607v3_Probabilistic Databases with an Infinite.pdf
[2026-07-13 18:27:29] INFO [src.ingestion.document_loader.load_document:48]: Đang trích xuất: Database_1807.01016v2_Industrial Big Data Analytics_ Challenge.pdf
[2026-07-13 18:27:33] INFO [src.ingestion.document_loader.load_document:48]: Đang trích xuất: Database_1807.01706v1_Mining Periodic Patterns with a MDL Crit.pdf
[2026-07-13 18:27:47] INFO [src.ingestion.document_loader.load_document:48]: Đang trích xuất: Database_1807.02258v1_Scalable Formal Concept Analysis algorit.pdf
[2026-07-13 18:27:52] INFO [src.ingestion.document_loader.load_document:48]: Đang trích xuất: Database_1807.06996v1_Evolving Large-Scale Data Stream Analyti.pdf
[2026-07-13 18:27:55] INFO [src.ingestion.document_loader.load_document:48]: Đang trích xuất: Database_1807.09899v1_Validation and Inference of Schema-Level.pdf
[2026-07-13 18:27:57] INFO [src.ingestion.document_loader.load_document:48]: Đang trích xuất: Database_1807.11634v1_Interactive Summarization and Exploratio.pdf
[2026-07-13 18:28:05] INFO [src.ingestion.document_loader.load_document:48]: Đang trích xuất: Database_1808.01624v1_On the Fairness of Quality-based Data Ma.pdf
[2026-07-13 18:28:07] INFO [src.ingestion.document_loader.load_document:48]: Đang trích xuất: Database_1808.03537v1_Optimizing error of high-dimensional sta.pdf
[2026-07-13 18:28:14] INFO [src.ingestion.document_loader.load_document:48]: Đang trích xuất: Database_1808.04663v2_Evaluating Datalog via Tree Automata and.pdf
[2026-07-13 18:28:22] INFO [src.ingestion.document_loader.load_document:48]: Đang trích xuất: Database_1808.05138v1_Database Operations in D4M_jl.pdf
[2026-07-13 18:28:24] INFO [src.ingestion.document_loader.load_document:48]: Đang trích xuất: Database_1808.05199v5_A Blockchain Database Application Platfo.pdf
[2026-07-13 18:28:25] INFO [src.ingestion.document_loader.load_document:48]: Đang trích xuất: Database_1808.05448v1_Automatic Generation of a Hybrid Query E.pdf
[2026-07-13 18:28:26] INFO [src.ingestion.document_loader.load_document:48]: Đang trích xuất: Database_1808.06298v1_FedMark_ A Marketplace for Federated Dat.pdf
[2026-07-13 18:28:29] INFO [src.ingestion.document_loader.load_document:48]: Đang trích xuất: Database_1808.07603v1_Privacy-Preserving Synthetic Datasets Ov.pdf
[2026-07-13 18:28:30] INFO [src.ingestion.document_loader.load_document:48]: Đang trích xuất: Database_1808.09267v2_Creating a surrogate commuter network fr.pdf
[2026-07-13 18:29:56] INFO [src.ingestion.document_loader.load_document:48]: Đang trích xuất: Database_1809.00974v1_Performing energy modelling exercises in.pdf
[2026-07-13 18:29:59] INFO [src.ingestion.document_loader.load_document:48]: Đang trích xuất: Database_1809.03261v1_The Skiplist-Based LSM Tree.pdf
[2026-07-13 18:30:00] INFO [src.ingestion.document_loader.load_document:48]: Đang trích xuất: Database_1809.10212v2_Towards a Hands-Free Query Optimizer thr.pdf
[2026-07-13 18:30:05] INFO [src.ingestion.document_loader.load_document:48]: Đang trích xuất: Database_1810.05570v1_Characterization and extraction of conde.pdf
[2026-07-13 18:30:19] INFO [src.ingestion.document_loader.load_document:48]: Đang trích xuất: Database_1811.06224v1_Model-based Approximate Query Processing.pdf
[2026-07-13 18:30:26] INFO [src.ingestion.document_loader.load_document:48]: Đang trích xuất: Database_1811.09529v1_Competency Questions and SPARQL-OWL Quer.pdf
[2026-07-13 18:30:31] INFO [src.ingestion.document_loader.load_document:48]: Đang trích xuất: Database_1812.07024v3_Data Lake Organization.pdf
[2026-07-13 18:30:56] INFO [src.ingestion.document_loader.load_document:48]: Đang trích xuất: Database_1812.07607v1_DeepLens_ Towards a Visual Data Manageme.pdf
[2026-07-13 18:30:58] INFO [src.ingestion.document_loader.load_document:48]: Đang trích xuất: Database_1812.10564v1_BlinkML_ Efficient Maximum Likelihood Es.pdf
[2026-07-13 18:31:04] INFO [src.ingestion.document_loader.load_document:48]: Đang trích xuất: Database_1812.10734v1_Facetize_ An Interactive Tool for Cleani.pdf
[2026-07-13 18:31:05] INFO [src.ingestion.document_loader.load_document:48]: Đang trích xuất: Database_1812.10977v1_Compact and Efficient Representation of .pdf
[2026-07-13 18:31:12] INFO [src.ingestion.document_loader.load_document:48]: Đang trích xuất: Database_1901.00671v1_Une nouvelle approche de complétion des .pdf
[2026-07-13 18:31:38] INFO [src.ingestion.document_loader.load_document:48]: Đang trích xuất: Database_1901.02049v3_Guided Automated Learning for query work.pdf
[2026-07-13 18:31:42] INFO [src.ingestion.document_loader.load_document:48]: Đang trích xuất: Database_1901.03179v2_Popular SQL Server Database Encryption C.pdf
[2026-07-13 18:31:44] INFO [src.ingestion.document_loader.load_document:48]: Đang trích xuất: Database_1901.03897v2_All-Instances Restricted Chase Terminati.pdf
[2026-07-13 18:31:51] INFO [src.ingestion.document_loader.load_document:48]: Đang trích xuất: Database_1901.04182v2_Complexity Bounds for Relational Algebra.pdf
[2026-07-13 18:31:57] INFO [src.ingestion.document_loader.load_document:48]: Đang trích xuất: Database_1901.05451v1_Exploring Communities in Large Profiled .pdf
[2026-07-13 18:32:03] INFO [src.ingestion.document_loader.load_document:48]: Đang trích xuất: Database_1901.07655v3_A Concentration of Measure Approach to D.pdf
[2026-07-13 18:32:05] INFO [src.ingestion.document_loader.load_document:48]: Đang trích xuất: Database_1901.07773v1_Boosting Frequent Itemset Mining via Ear.pdf
[2026-07-13 18:32:08] INFO [src.ingestion.document_loader.load_document:48]: Đang trích xuất: Database_1901.08666v1_HRDBMS_ Combining the Best of Modern and.pdf
[2026-07-13 18:32:11] INFO [src.ingestion.document_loader.load_document:48]: Đang trích xuất: Database_1902.02392v1_Finding Good Itemsets by Packing Data.pdf
[2026-07-13 18:32:14] INFO [src.ingestion.document_loader.load_document:48]: Đang trích xuất: Database_1902.04129v1_CPOI_ A Compact Method to Archive Versio.pdf
[2026-07-13 18:32:19] INFO [src.ingestion.document_loader.load_document:48]: Đang trích xuất: Database_1904.08010v1_How to define co-occurrence in different.pdf
[2026-07-13 18:32:20] INFO [src.ingestion.document_loader.load_document:48]: Đang trích xuất: Database_1904.08223v1_Estimating Cardinalities with Deep Sketc.pdf
[2026-07-13 18:32:21] INFO [src.ingestion.document_loader.load_document:48]: Đang trích xuất: Database_1904.12068v3_Authenticated Key-Value Stores with Hard.pdf
[2026-07-13 18:32:27] INFO [src.ingestion.document_loader.load_document:48]: Đang trích xuất: Database_1905.02304v1_CrossTrainer_ Practical Domain Adaptatio.pdf
[2026-07-13 18:32:30] INFO [src.ingestion.document_loader.load_document:48]: Đang trích xuất: Database_1905.02828v1_A SAT-based System for Consistent Query .pdf
[2026-07-13 18:32:34] INFO [src.ingestion.document_loader.load_document:48]: Đang trích xuất: Database_1905.03061v1_Generalized formal model of big data.pdf
[2026-07-13 18:32:36] INFO [src.ingestion.document_loader.load_document:48]: Đang trích xuất: Database_1912.04820v1_ChainifyDB_ How to Blockchainify any Dat.pdf
[2026-07-13 18:32:40] INFO [src.ingestion.document_loader.load_document:48]: Đang trích xuất: Database_2001.04907v2_Bio-Inspired Hashing for Unsupervised Si.pdf
[2026-07-13 18:32:45] INFO [src.ingestion.document_loader.load_document:48]: Đang trích xuất: Database_2005.10917v2_Succinct Trit-array Trie for Scalable Tr.pdf
[2026-07-13 18:32:51] INFO [src.ingestion.document_loader.load_document:48]: Đang trích xuất: Database_2005.11264v1_OBDA for the Web_ Creating Virtual RDF G.pdf
[2026-07-13 18:32:54] INFO [src.ingestion.document_loader.load_document:48]: Đang trích xuất: Database_2006.04658v1_Toward a Better Understanding and Evalua.pdf
[2026-07-13 18:33:08] INFO [src.ingestion.document_loader.load_document:48]: Đang trích xuất: Database_2006.05134v1_Dynamic Interleaving of Content and Stru.pdf
[2026-07-13 18:33:13] INFO [src.ingestion.document_loader.load_document:48]: Đang trích xuất: Database_2006.16984v2_Mining Documentation to Extract Hyperpar.pdf
[2026-07-13 18:33:15] INFO [src.ingestion.document_loader.load_document:48]: Đang trích xuất: Database_2007.04450v1_T-REx_ Table Repair Explanations.pdf
[2026-07-13 18:33:16] INFO [src.ingestion.document_loader.load_document:48]: Đang trích xuất: Database_2007.04453v1_Just in Time_ Personal Temporal Insights.pdf
[2026-07-13 18:33:17] INFO [src.ingestion.document_loader.load_document:48]: Đang trích xuất: Database_2007.05437v2_Truss-based Structural Diversity Search .pdf
[2026-07-13 18:33:22] INFO [src.ingestion.document_loader.load_document:48]: Đang trích xuất: Database_2007.05651v2_Deep or Simple Models for Semantic Taggi.pdf
[2026-07-13 18:33:28] INFO [src.ingestion.document_loader.load_document:48]: Đang trích xuất: Database_2007.06292v1_Knowledge Graph Driven Approach to Repre.pdf
[2026-07-13 18:33:36] INFO [src.ingestion.document_loader.load_document:48]: Đang trích xuất: Database_2007.08292v1_Detecting Optimization Bugs in Database .pdf
[2026-07-13 18:33:40] INFO [src.ingestion.document_loader.load_document:48]: Đang trích xuất: Database_2007.12488v2_Graph integration of structured_ semistr.pdf
[2026-07-13 18:33:43] INFO [src.ingestion.document_loader.load_document:48]: Đang trích xuất: Database_2007.12799v2_Score-Based Explanations in Data Managem.pdf
[2026-07-13 18:33:45] INFO [src.ingestion.document_loader.load_document:48]: Đang trích xuất: Database_2008.04045v1_Towards Integrated and Open COVID-19 Dat.pdf
[2026-07-13 18:33:49] INFO [src.ingestion.document_loader.load_document:48]: Đang trích xuất: Database_2008.05103v3_Sampling Based Approximate Skyline Calcu.pdf
[2026-07-13 18:33:53] INFO [src.ingestion.document_loader.load_document:48]: Đang trích xuất: Database_2008.05239v3_A Knowledge Graph for Assessing Aggressi.pdf
[2026-07-13 18:33:56] INFO [src.ingestion.document_loader.load_document:48]: Đang trích xuất: Database_2008.06265v1_Towards Querying in Decentralized Enviro.pdf
[2026-07-13 18:34:00] INFO [src.ingestion.document_loader.load_document:48]: Đang trích xuất: Database_2008.07504v1_Multi-Party Private Set Intersection_ An.pdf
[2026-07-13 18:34:04] INFO [src.ingestion.document_loader.load_document:48]: Đang trích xuất: Database_2008.08285v1_Scalable Blocking for Very Large Databas.pdf
[2026-07-13 18:34:06] INFO [src.ingestion.document_loader.load_document:48]: Đang trích xuất: Database_2008.08989v1_Towards Inferring Queries from Simple an.pdf
[2026-07-13 18:34:08] INFO [src.ingestion.document_loader.load_document:48]: Đang trích xuất: Database_2008.10569v1_Approximate Partition Selection for Big-.pdf
[2026-07-13 18:34:15] INFO [src.ingestion.document_loader.load_document:48]: Đang trích xuất: Database_2008.11900v2_A Brief Survey on Replica Consistency in.pdf
[2026-07-13 18:34:21] INFO [src.ingestion.document_loader.load_document:48]: Đang trích xuất: Database_2008.12763v1_Relational Data Synthesis using Generati.pdf
[2026-07-13 18:34:31] INFO [src.ingestion.document_loader.load_document:48]: Đang trích xuất: Database_2009.00035v1_The Data Station_ Combining Data_ Comput.pdf
[2026-07-13 18:34:33] INFO [src.ingestion.document_loader.load_document:48]: Đang trích xuất: Database_2009.01614v1_Data Series Indexing Gone Parallel.pdf
[2026-07-13 18:34:34] INFO [src.ingestion.document_loader.load_document:48]: Đang trích xuất: Database_2009.02678v2_Universal Layout Emulation for Long-Term.pdf
[2026-07-13 18:34:36] INFO [src.ingestion.document_loader.load_document:48]: Đang trích xuất: Database_2009.06194v1_SPARQL with XQuery-based Filtering.pdf
[2026-07-13 18:34:38] INFO [src.ingestion.document_loader.load_document:48]: Đang trích xuất: Database_2009.07770v1_Faster Property Testers in a Variation o.pdf
[2026-07-13 18:34:41] INFO [src.ingestion.document_loader.load_document:48]: Đang trích xuất: Database_2009.08150v2_Extensible Data Skipping.pdf
[2026-07-13 18:34:44] INFO [src.ingestion.document_loader.load_document:48]: Đang trích xuất: Database_2009.10989v1_Towards a Flexible Embedding Learning Fr.pdf
[2026-07-13 18:34:47] INFO [src.ingestion.document_loader.load_document:48]: Đang trích xuất: Database_2009.11543v1_Compressed Key Sort and Fast Index Recon.pdf
[2026-07-13 18:34:52] INFO [src.ingestion.document_loader.load_document:48]: Đang trích xuất: Database_2009.11648v1_Effective and Efficient Variable-Length .pdf
[2026-07-13 18:34:54] INFO [src.ingestion.document_loader.load_document:48]: Đang trích xuất: Database_2009.13768v1_In-Order Sliding-Window Aggregation in W.pdf
[2026-07-13 18:35:05] INFO [src.ingestion.document_loader.load_document:48]: Đang trích xuất: Database_2009.14821v2_A Systematic Method for On-The-Fly Denor.pdf
[2026-07-13 18:35:07] INFO [src.ingestion.document_loader.load_document:48]: Đang trích xuất: Database_2010.07213v2_Data Readiness Report.pdf
[2026-07-13 18:35:08] INFO [src.ingestion.document_loader.load_document:48]: Đang trích xuất: Database_2010.08807v1_MithraDetective_ A System for Cherry-pic.pdf
[2026-07-13 18:35:09] INFO [src.ingestion.document_loader.load_document:48]: Đang trích xuất: Database_2010.11538v1_Efficient RDF Graph Storage based on Rei.pdf
[2026-07-13 18:35:11] INFO [src.ingestion.document_loader.load_document:48]: Đang trích xuất: Database_2010.11848v1_From Conjunctive Queries to Instance Que.pdf
[2026-07-13 18:35:17] INFO [src.ingestion.document_loader.load_document:48]: Đang trích xuất: Database_2010.12597v1_DBLog_ A Watermark Based Change-Data-Cap.pdf
[2026-07-13 18:35:19] INFO [src.ingestion.document_loader.load_document:48]: Đang trích xuất: Database_2010.14189v2_Jiffy_ A Fast_ Memory Efficient_ Wait-Fr.pdf
[2026-07-13 18:35:22] INFO [src.ingestion.document_loader.load_document:48]: Đang trích xuất: Database_2010.14959v1_Galvanalyser_ A Battery Test Database.pdf
[2026-07-13 18:35:23] INFO [src.ingestion.document_loader.load_document:48]: Đang trích xuất: Database_2012.13677v1_Toward Compact Data from Big Data.pdf
[2026-07-13 18:35:24] INFO [src.ingestion.document_loader.load_document:48]: Đang trích xuất: Database_2012.14234v1_Recommending Courses in MOOCs for Jobs_ .pdf
[2026-07-13 18:35:27] INFO [src.ingestion.document_loader.load_document:48]: Đang trích xuất: Deep_Learning_1404.1559v1_Sparse Coding_ A Deep Learning using Unl.pdf
[2026-07-13 18:35:28] INFO [src.ingestion.document_loader.load_document:48]: Đang trích xuất: Deep_Learning_1603.07704v2_Probabilistic Reasoning via Deep Learnin.pdf
[2026-07-13 18:35:31] INFO [src.ingestion.document_loader.load_document:48]: Đang trích xuất: Deep_Learning_1610.01076v1_Tutorial on Answering Questions about Im.pdf
[2026-07-13 18:35:34] INFO [src.ingestion.document_loader.load_document:48]: Đang trích xuất: Deep_Learning_1705.03071v1_Geometry of Optimization and Implicit Re.pdf
[2026-07-13 18:35:37] INFO [src.ingestion.document_loader.load_document:48]: Đang trích xuất: Deep_Learning_1705.03921v1_Why _ When Deep Learning Works_ Looking .pdf
[2026-07-13 18:35:37] INFO [src.ingestion.document_loader.load_document:48]: Đang trích xuất: Deep_Learning_1706.09557v1_Machine listening intelligence.pdf
[2026-07-13 18:35:38] INFO [src.ingestion.document_loader.load_document:48]: Đang trích xuất: Deep_Learning_1709.01620v4_Deep Learning Techniques for Music Gener.pdf
[2026-07-13 18:35:56] INFO [src.ingestion.document_loader.load_document:48]: Đang trích xuất: Deep_Learning_1710.05468v9_Generalization in Deep Learning.pdf
[2026-07-13 18:36:00] INFO [src.ingestion.document_loader.load_document:48]: Đang trích xuất: Deep_Learning_1711.00146v1_A multitask deep learning model for real.pdf
[2026-07-13 18:36:01] INFO [src.ingestion.document_loader.load_document:48]: Đang trích xuất: Deep_Learning_1711.03121v1_Deep Learning for Real-time Gravitationa.pdf
[2026-07-13 18:36:02] INFO [src.ingestion.document_loader.load_document:48]: Đang trích xuất: Deep_Learning_1712.04371v2_Music Generation by Deep Learning - Chal.pdf
[2026-07-13 18:36:04] INFO [src.ingestion.document_loader.load_document:48]: Đang trích xuất: Deep_Learning_1801.04354v5_Black-box Generation of Adversarial Text.pdf
[2026-07-13 18:36:07] INFO [src.ingestion.document_loader.load_document:48]: Đang trích xuất: Deep_Learning_1802.10215v2_Var-CNN_ A Data-Efficient Website Finger.pdf
[2026-07-13 18:36:12] INFO [src.ingestion.document_loader.load_document:48]: Đang trích xuất: Deep_Learning_1805.04829v2_Spatial Uncertainty Sampling for End-to-.pdf
[2026-07-13 18:36:16] INFO [src.ingestion.document_loader.load_document:48]: Đang trích xuất: Deep_Learning_1808.05535v1_Combining time-series and textual data f.pdf
[2026-07-13 18:36:18] INFO [src.ingestion.document_loader.load_document:48]: Đang trích xuất: Deep_Learning_1809.03322v1_Guiding the Creation of Deep Learning-ba.pdf
[2026-07-13 18:36:20] INFO [src.ingestion.document_loader.load_document:48]: Đang trích xuất: Deep_Learning_1809.07048v1_New approach for solar tracking systems .pdf
[2026-07-13 18:36:21] INFO [src.ingestion.document_loader.load_document:48]: Đang trích xuất: Deep_Learning_1810.07132v1_Improving Data Quality through Deep Lear.pdf
[2026-07-13 18:36:23] INFO [src.ingestion.document_loader.load_document:48]: Đang trích xuất: Deep_Learning_1811.00576v3_Connections between physics_ mathematics.pdf
[2026-07-13 18:36:25] INFO [src.ingestion.document_loader.load_document:48]: Đang trích xuất: Deep_Learning_1811.03390v2_Bayesian Deep Learning for Exoplanet Atm.pdf
[2026-07-13 18:36:26] INFO [src.ingestion.document_loader.load_document:48]: Đang trích xuất: Deep_Learning_1811.09385v2_On the Importance of Strong Baselines in.pdf
[2026-07-13 18:36:27] INFO [src.ingestion.document_loader.load_document:48]: Đang trích xuất: Deep_Learning_1812.01995v4_Deep Learning Model for Finding New Supe.pdf
[2026-07-13 18:36:29] INFO [src.ingestion.document_loader.load_document:48]: Đang trích xuất: Deep_Learning_1812.06175v3_Can Deep Learning Predict Risky Retail I.pdf
[2026-07-13 18:36:47] INFO [src.ingestion.document_loader.load_document:48]: Đang trích xuất: Deep_Learning_1902.00522v1_Deep Learning for Multi-Messenger Astrop.pdf
[2026-07-13 18:36:52] INFO [src.ingestion.document_loader.load_document:48]: Đang trích xuất: Deep_Learning_1903.03040v2_Deep learning observables in computation.pdf
[2026-07-13 18:37:12] INFO [src.ingestion.document_loader.load_document:48]: Đang trích xuất: Deep_Learning_1903.04717v2_Activation Analysis of a Byte-Based Deep.pdf
[2026-07-13 18:37:15] INFO [src.ingestion.document_loader.load_document:48]: Đang trích xuất: Deep_Learning_1904.10337v1_MinCall - MinION end2end convolutional d.pdf
[2026-07-13 18:37:16] INFO [src.ingestion.document_loader.load_document:48]: Đang trích xuất: Deep_Learning_1904.10353v1_Read classification using semi-supervise.pdf
[2026-07-13 18:37:17] INFO [src.ingestion.document_loader.load_document:48]: Đang trích xuất: Deep_Learning_1905.02544v1_Ocular Diseases Diagnosis in Fundus Imag.pdf
[2026-07-13 18:37:19] INFO [src.ingestion.document_loader.load_document:48]: Đang trích xuất: Deep_Learning_1905.04149v5_A Survey on Deep Learning-based Non-Inva.pdf
[2026-07-13 18:37:29] INFO [src.ingestion.document_loader.load_document:48]: Đang trích xuất: Deep_Learning_1908.06472v1_Training Deep Learning Models via Synthe.pdf
[2026-07-13 18:37:31] INFO [src.ingestion.document_loader.load_document:48]: Đang trích xuất: Deep_Learning_1909.01606v1_Model Asset eXchange_ Path to Ubiquitous.pdf
[2026-07-13 18:37:32] INFO [src.ingestion.document_loader.load_document:48]: Đang trích xuất: Deep_Learning_1910.01716v4_False Data Injection Attacks in Internet.pdf
[2026-07-13 18:37:35] INFO [src.ingestion.document_loader.load_document:48]: Đang trích xuất: Deep_Learning_1910.11094v1_An application of a deep learning algori.pdf
[2026-07-13 18:37:37] INFO [src.ingestion.document_loader.load_document:48]: Đang trích xuất: Deep_Learning_2001.03350v2_Two Applications of Deep Learning in the.pdf
[2026-07-13 18:37:42] INFO [src.ingestion.document_loader.load_document:48]: Đang trích xuất: Deep_Learning_2001.03612v1_A Deep Learning Approach Towards Predict.pdf
[2026-07-13 18:37:42] INFO [src.ingestion.document_loader.load_document:48]: Đang trích xuất: Deep_Learning_2002.07493v1_MapLUR_ Exploring a new Paradigm for Est.pdf
[2026-07-13 18:37:46] INFO [src.ingestion.document_loader.load_document:48]: Đang trích xuất: Deep_Learning_2004.03357v2_Deep learning approaches in food recogni.pdf
[2026-07-13 18:37:51] INFO [src.ingestion.document_loader.load_document:48]: Đang trích xuất: Deep_Learning_2004.03722v1_Challenges in Vessel Behavior and Anomal.pdf
[2026-07-13 18:37:53] INFO [src.ingestion.document_loader.load_document:48]: Đang trích xuất: Deep_Learning_2004.14545v2_Explainable Deep Learning_ A Field Guide.pdf
[2026-07-13 18:38:02] INFO [src.ingestion.document_loader.load_document:48]: Đang trích xuất: Deep_Learning_2006.00684v1_Symbol Spotting on Digital Architectural.pdf
[2026-07-13 18:38:04] INFO [src.ingestion.document_loader.load_document:48]: Đang trích xuất: Deep_Learning_2006.01641v2_Unsupervised Deep Learning for Optimizin.pdf
[2026-07-13 18:38:08] INFO [src.ingestion.document_loader.load_document:48]: Đang trích xuất: Deep_Learning_2006.12567v2_A Survey on Deep Learning for Localizati.pdf
[2026-07-13 18:38:16] INFO [src.ingestion.document_loader.load_document:48]: Đang trích xuất: Deep_Learning_2006.12878v2_Direct Feedback Alignment Scales to Mode.pdf
[2026-07-13 18:38:19] INFO [src.ingestion.document_loader.load_document:48]: Đang trích xuất: Deep_Learning_2009.08525v1_Deep Learning _ Software Engineering_ St.pdf
[2026-07-13 18:38:23] INFO [src.ingestion.document_loader.load_document:48]: Đang trích xuất: Deep_Learning_2009.10149v2_Crafting Adversarial Examples for Deep L.pdf
[2026-07-13 18:38:26] INFO [src.ingestion.document_loader.load_document:48]: Đang trích xuất: Deep_Learning_2011.05791v1_Interpretable and synergistic deep learn.pdf
[2026-07-13 18:38:30] INFO [src.ingestion.document_loader.load_document:48]: Đang trích xuất: Deep_Learning_2011.06220v3_Artificial Neural Variability for Deep L.pdf
[2026-07-13 18:38:37] INFO [src.ingestion.document_loader.load_document:48]: Đang trích xuất: Deep_Learning_2011.12737v1_Ranking Deep Learning Generalization usi.pdf
[2026-07-13 18:38:38] INFO [src.ingestion.document_loader.load_document:48]: Đang trích xuất: Deep_Learning_2012.02775v1_Representation Based Complexity Measures.pdf
[2026-07-13 18:38:40] INFO [src.ingestion.document_loader.load_document:48]: Đang trích xuất: Deep_Learning_2101.05390v4_Universal Approximation Theorems for Dif.pdf
[2026-07-13 18:38:52] INFO [src.ingestion.document_loader.load_document:48]: Đang trích xuất: Deep_Learning_2102.07838v2_A Comparison of Deep-Learning Methods fo.pdf
[2026-07-13 18:38:54] INFO [src.ingestion.document_loader.load_document:48]: Đang trích xuất: Deep_Learning_2103.01006v4_GaNDLF_ A Generally Nuanced Deep Learnin.pdf
[2026-07-13 18:39:00] INFO [src.ingestion.document_loader.load_document:48]: Đang trích xuất: Deep_Learning_2103.10492v2_Recent Advances in Deep Learning Techniq.pdf
[2026-07-13 18:39:07] INFO [src.ingestion.document_loader.load_document:48]: Đang trích xuất: Deep_Learning_2104.00606v2_Model Selection_s Disparate Impact in Re.pdf
[2026-07-13 18:39:09] INFO [src.ingestion.document_loader.load_document:48]: Đang trích xuất: Deep_Learning_2105.04026v2_The Modern Mathematics of Deep Learning.pdf
[2026-07-13 18:39:23] INFO [src.ingestion.document_loader.load_document:48]: Đang trích xuất: Deep_Learning_2105.09266v5_Copyright in Generative Deep Learning.pdf
[2026-07-13 18:39:28] INFO [src.ingestion.document_loader.load_document:48]: Đang trích xuất: Deep_Learning_2106.06097v4_Neural Optimization Kernel_ Towards Robu.pdf
[2026-07-13 18:39:33] INFO [src.ingestion.document_loader.load_document:48]: Đang trích xuất: Deep_Learning_2106.14708v1_Weighted multi-level deep learning analy.pdf
[2026-07-13 18:39:35] INFO [src.ingestion.document_loader.load_document:48]: Đang trích xuất: Deep_Learning_2109.05472v2_Compute and Energy Consumption Trends in.pdf
[2026-07-13 18:39:40] INFO [src.ingestion.document_loader.load_document:48]: Đang trích xuất: Deep_Learning_2109.07321v1_PoWareMatch_ a Quality-aware Deep Learni.pdf
[2026-07-13 18:39:47] INFO [src.ingestion.document_loader.load_document:48]: Đang trích xuất: Deep_Learning_2112.05000v1_The Peril of Popular Deep Learning Uncer.pdf
[2026-07-13 18:39:49] INFO [src.ingestion.document_loader.load_document:48]: Đang trích xuất: Deep_Learning_2201.02093v1_Deep Learning Based Classification Syste.pdf
[2026-07-13 18:39:51] INFO [src.ingestion.document_loader.load_document:48]: Đang trích xuất: Deep_Learning_2202.07201v3_Holistic Adversarial Robustness of Deep .pdf
[2026-07-13 18:39:53] INFO [src.ingestion.document_loader.load_document:48]: Đang trích xuất: Deep_Learning_2206.14373v2_Theoretical Perspectives on Deep Learnin.pdf
[2026-07-13 18:39:59] INFO [src.ingestion.document_loader.load_document:48]: Đang trích xuất: Deep_Learning_2207.07859v3_SenseFi_ A Library and Benchmark on Deep.pdf
[2026-07-13 18:40:04] INFO [src.ingestion.document_loader.load_document:48]: Đang trích xuất: Deep_Learning_2212.00966v1_A Hybrid Deep Learning Anomaly Detection.pdf
[2026-07-13 18:40:05] INFO [src.ingestion.document_loader.load_document:48]: Đang trích xuất: Deep_Learning_2301.00942v1_Deep Learning and Computational Physics .pdf
[2026-07-13 18:40:15] INFO [src.ingestion.document_loader.load_document:48]: Đang trích xuất: Deep_Learning_2301.04614v1_Real-time simulation of viscoelastic tis.pdf
[2026-07-13 18:40:17] INFO [src.ingestion.document_loader.load_document:48]: Đang trích xuất: Deep_Learning_2302.12168v2_A comparative assessment of deep learnin.pdf
[2026-07-13 18:40:21] INFO [src.ingestion.document_loader.load_document:48]: Đang trích xuất: Deep_Learning_2303.08273v1_Towards a Deep Learning Pain-Level Detec.pdf
[2026-07-13 18:40:23] INFO [src.ingestion.document_loader.load_document:48]: Đang trích xuất: Deep_Learning_2303.13055v1_Reimagining Application User Interface _.pdf
[2026-07-13 18:40:28] INFO [src.ingestion.document_loader.load_document:48]: Đang trích xuất: Deep_Learning_2306.11113v2_Learn to Accumulate Evidence from All Tr.pdf
[2026-07-13 18:40:33] INFO [src.ingestion.document_loader.load_document:48]: Đang trích xuất: Deep_Learning_2306.13030v2_Online Self-Supervised Deep Learning for.pdf
[2026-07-13 18:40:37] INFO [src.ingestion.document_loader.load_document:48]: Đang trích xuất: Deep_Learning_2307.02694v5_Loss Functions and Metrics in Deep Learn.pdf
[2026-07-13 18:40:56] INFO [src.ingestion.document_loader.load_document:48]: Đang trích xuất: Deep_Learning_2309.08500v1_Deep-learning-powered data analysis in p.pdf
[2026-07-13 18:41:00] INFO [src.ingestion.document_loader.load_document:48]: Đang trích xuất: Deep_Learning_2311.16109v1_Transfer Learning between Motor Imagery .pdf
[2026-07-13 18:41:04] INFO [src.ingestion.document_loader.load_document:48]: Đang trích xuất: Deep_Learning_2402.09146v6_ResQuNNs_ Towards Enabling Deep Learning.pdf
[2026-07-13 18:41:07] INFO [src.ingestion.document_loader.load_document:48]: Đang trích xuất: Deep_Learning_2403.12562v2_PePR_ Performance Per Resource Unit as a.pdf
[2026-07-13 18:41:12] INFO [src.ingestion.document_loader.load_document:48]: Đang trích xuất: Deep_Learning_2406.02024v3_Verifying the Generalization of Deep Lea.pdf
[2026-07-13 18:41:31] INFO [src.ingestion.document_loader.load_document:48]: Đang trích xuất: Deep_Learning_2406.14220v2_Evaluation of Deep Learning Semantic Seg.pdf
[2026-07-13 18:41:33] INFO [src.ingestion.document_loader.load_document:48]: Đang trích xuất: Deep_Learning_2408.00386v1_What comes after transformers_ -- A sele.pdf
[2026-07-13 18:41:37] INFO [src.ingestion.document_loader.load_document:48]: Đang trích xuất: Deep_Learning_2408.07155v1_Integration of Genetic Algorithms and De.pdf
[2026-07-13 18:41:38] INFO [src.ingestion.document_loader.load_document:48]: Đang trích xuất: Deep_Learning_2410.01990v3_Deep Learning Alternatives of the Kolmog.pdf
[2026-07-13 18:41:42] INFO [src.ingestion.document_loader.load_document:48]: Đang trích xuất: Deep_Learning_2410.02759v1_Forecasting Smog Clouds With Deep Learni.pdf
[2026-07-13 18:41:45] INFO [src.ingestion.document_loader.load_document:48]: Đang trích xuất: Deep_Learning_2411.02466v1_Weakly supervised deep learning model wi.pdf
[2026-07-13 18:41:50] INFO [src.ingestion.document_loader.load_document:48]: Đang trích xuất: Deep_Learning_2411.11863v1_Longitudinal Wrist PPG Analysis for Reli.pdf
[2026-07-13 18:41:51] INFO [src.ingestion.document_loader.load_document:48]: Đang trích xuất: Deep_Learning_2501.06564v1_Natural Language Processing and Deep Lea.pdf
[2026-07-13 18:41:54] INFO [src.ingestion.document_loader.load_document:48]: Đang trích xuất: Deep_Learning_2501.07923v1_Aviation Safety Enhancement via NLP _ De.pdf
[2026-07-13 18:41:56] INFO [src.ingestion.document_loader.load_document:48]: Đang trích xuất: Deep_Learning_2501.11836v1_Data-driven Detection and Evaluation of .pdf
[2026-07-13 18:41:57] INFO [src.ingestion.document_loader.load_document:48]: Đang trích xuất: Deep_Learning_2507.13458v1_Domain-randomized deep learning for neur.pdf
[2026-07-13 18:42:00] INFO [src.ingestion.document_loader.load_document:48]: Đang trích xuất: Deep_Learning_2509.20913v1_Deep Learning for Crime Forecasting_ The.pdf
[2026-07-13 18:42:16] INFO [src.ingestion.document_loader.load_document:48]: Đang trích xuất: Deep_Learning_2510.02717v1_CST-AFNet_ A dual attention-based deep l.pdf
[2026-07-13 18:42:19] INFO [src.ingestion.document_loader.load_document:48]: Đang trích xuất: Deep_Learning_2512.13018v1_Comprehensive Deployment-Oriented Assess.pdf
[2026-07-13 18:42:21] INFO [src.ingestion.document_loader.load_document:48]: Đang trích xuất: Deep_Learning_2512.19527v1_Deep Learning for Unrelated-Machines Sch.pdf
[2026-07-13 18:42:23] INFO [src.ingestion.document_loader.load_document:48]: Đang trích xuất: Deep_Learning_2512.23753v1_Generalized Regularized Evidential Deep .pdf
[2026-07-13 18:42:28] INFO [src.ingestion.document_loader.load_document:48]: Đang trích xuất: Deep_Learning_2602.07145v1_Convex Dominance in Deep Learning I_ A S.pdf
[2026-07-13 18:42:33] INFO [src.ingestion.document_loader.load_document:48]: Đang trích xuất: Deep_Learning_2605.08529v1_The Propagation Field_ A Geometric Subst.pdf
[2026-07-13 18:42:36] INFO [src.ingestion.document_loader.load_document:48]: Đang trích xuất: Machine_Learning_1904.07640v1_Medical device surveillance with electro.pdf
[2026-07-13 18:42:41] INFO [src.ingestion.document_loader.load_document:48]: Đang trích xuất: Machine_Learning_1904.07687v4_Advanced Customer Activity Prediction ba.pdf
[2026-07-13 18:42:44] INFO [src.ingestion.document_loader.load_document:48]: Đang trích xuất: Machine_Learning_1904.07698v2_Multimodal Subspace Support Vector Data .pdf
[2026-07-13 18:43:04] INFO [src.ingestion.document_loader.load_document:48]: Đang trích xuất: Machine_Learning_1904.07916v1_IAN_ Combining Generative Adversarial Ne.pdf
[2026-07-13 18:43:08] INFO [src.ingestion.document_loader.load_document:48]: Đang trích xuất: Machine_Learning_1904.07969v1_DNN Architecture for High Performance Pr.pdf
[2026-07-13 18:43:10] INFO [src.ingestion.document_loader.load_document:48]: Đang trích xuất: Machine_Learning_1904.07998v2_SynC_ A Unified Framework for Generating.pdf
[2026-07-13 18:43:12] INFO [src.ingestion.document_loader.load_document:48]: Đang trích xuất: Machine_Learning_1904.08034v2_People infer recursive visual concepts f.pdf
[2026-07-13 18:43:16] INFO [src.ingestion.document_loader.load_document:48]: Đang trích xuất: Machine_Learning_1904.08049v1_Neural Message Passing for Multi-Label C.pdf
[2026-07-13 18:43:19] INFO [src.ingestion.document_loader.load_document:48]: Đang trích xuất: Machine_Learning_1904.08050v1_Sparseout_ Controlling Sparsity in Deep .pdf
[2026-07-13 18:43:21] INFO [src.ingestion.document_loader.load_document:48]: Đang trích xuất: Machine_Learning_1904.08051v1_Posterior-regularized REINFORCE for Inst.pdf
[2026-07-13 18:43:22] INFO [src.ingestion.document_loader.load_document:48]: Đang trích xuất: Machine_Learning_1904.08129v2_Rogue-Gym_ A New Challenge for Generaliz.pdf
[2026-07-13 18:43:24] INFO [src.ingestion.document_loader.load_document:48]: Đang trích xuất: Machine_Learning_1904.08144v1_Predicting drug-target interaction using.pdf
[2026-07-13 18:43:25] INFO [src.ingestion.document_loader.load_document:48]: Đang trích xuất: Machine_Learning_1904.08149v2_Bayesian policy selection using active i.pdf
[2026-07-13 18:43:26] INFO [src.ingestion.document_loader.load_document:48]: Đang trích xuất: Machine_Learning_1904.08269v1_BS-Nets_ An End-to-End Framework For Ban.pdf
[2026-07-13 18:43:31] INFO [src.ingestion.document_loader.load_document:48]: Đang trích xuất: Machine_Learning_1904.12072v3_Flow-based generative models for Markov .pdf
[2026-07-13 18:43:35] INFO [src.ingestion.document_loader.load_document:48]: Đang trích xuất: Machine_Learning_1904.12562v1_Soft edit distance for differentiable co.pdf
[2026-07-13 18:43:36] INFO [src.ingestion.document_loader.load_document:48]: Đang trích xuất: Machine_Learning_1904.12769v1_Localization_ Detection and Tracking of .pdf
[2026-07-13 18:43:52] INFO [src.ingestion.document_loader.load_document:48]: Đang trích xuất: Machine_Learning_1904.12848v6_Unsupervised Data Augmentation for Consi.pdf
[2026-07-13 18:43:56] INFO [src.ingestion.document_loader.load_document:48]: Đang trích xuất: Machine_Learning_1904.12901v1_Challenges of Real-World Reinforcement L.pdf
[2026-07-13 18:43:59] INFO [src.ingestion.document_loader.load_document:48]: Đang trích xuất: Machine_Learning_1904.12904v1_Neuromorphic Acceleration for Approximat.pdf
[2026-07-13 18:44:00] INFO [src.ingestion.document_loader.load_document:48]: Đang trích xuất: Machine_Learning_1904.13016v4_On Stationary-Point Hitting Time and Erg.pdf
[2026-07-13 18:44:05] INFO [src.ingestion.document_loader.load_document:48]: Đang trích xuất: Machine_Learning_1904.13142v3_Incorporating Symbolic Sequential Modeli.pdf
[2026-07-13 18:44:06] INFO [src.ingestion.document_loader.load_document:48]: Đang trích xuất: Machine_Learning_1904.13179v1_Weakly Supervised Open-set Domain Adapta.pdf
[2026-07-13 18:44:09] INFO [src.ingestion.document_loader.load_document:48]: Đang trích xuất: Machine_Learning_1904.13195v1_Test Selection for Deep Learning Systems.pdf
[2026-07-13 18:44:25] INFO [src.ingestion.document_loader.load_document:48]: Đang trích xuất: Machine_Learning_1904.13196v1_Semantic Referee_ A Neural-Symbolic Fram.pdf
[2026-07-13 18:44:28] INFO [src.ingestion.document_loader.load_document:48]: Đang trích xuất: Machine_Learning_1904.13197v1_Investigation of Initialization Strategi.pdf
[2026-07-13 18:44:30] INFO [src.ingestion.document_loader.load_document:48]: Đang trích xuất: Machine_Learning_1904.13373v1_Gradient Coding Based on Block Designs f.pdf
[2026-07-13 18:44:33] INFO [src.ingestion.document_loader.load_document:48]: Đang trích xuất: Machine_Learning_1905.00076v3_Ensemble Distribution Distillation.pdf
[2026-07-13 18:44:36] INFO [src.ingestion.document_loader.load_document:48]: Đang trích xuất: Machine_Learning_1905.00261v1_Automatic Dataset Augmentation Using Vir.pdf
[2026-07-13 18:44:38] INFO [src.ingestion.document_loader.load_document:48]: Đang trích xuất: Machine_Learning_1905.00424v5_An ADMM Based Framework for AutoML Pipel.pdf
[2026-07-13 18:44:42] INFO [src.ingestion.document_loader.load_document:48]: Đang trích xuất: Machine_Learning_1905.00448v1_On Expected Accuracy.pdf
[2026-07-13 18:44:44] INFO [src.ingestion.document_loader.load_document:48]: Đang trích xuất: Machine_Learning_1905.01958v1_Text2Node_ a Cross-Domain System for Map.pdf
[2026-07-13 18:44:46] INFO [src.ingestion.document_loader.load_document:48]: Đang trích xuất: Machine_Learning_1905.01973v1_Who wrote this book_ A challenge for e-c.pdf
[2026-07-13 18:44:47] INFO [src.ingestion.document_loader.load_document:48]: Đang trích xuất: Machine_Learning_1905.01991v1_A Content-Based Approach to Email Triage.pdf
[2026-07-13 18:44:49] INFO [src.ingestion.document_loader.load_document:48]: Đang trích xuất: Machine_Learning_1905.01998v1_A Persona-based Multi-turn Conversation .pdf
[2026-07-13 18:44:51] INFO [src.ingestion.document_loader.load_document:48]: Đang trích xuất: Machine_Learning_1905.02019v1_Conditioning LSTM Decoder and Bi-directi.pdf
[2026-07-13 18:44:51] INFO [src.ingestion.document_loader.load_document:48]: Đang trích xuất: Machine_Learning_1905.02138v1_Is a Single Embedding Enough_ Learning N.pdf
[2026-07-13 18:44:55] INFO [src.ingestion.document_loader.load_document:48]: Đang trích xuất: Machine_Learning_1905.02197v1_Back to the Future_ Predicting Traffic S.pdf
[2026-07-13 18:44:56] INFO [src.ingestion.document_loader.load_document:48]: Đang trích xuất: Machine_Learning_1905.02199v1_Nonlinear Approximation and _Deep_ ReLU .pdf
[2026-07-13 18:45:01] INFO [src.ingestion.document_loader.load_document:48]: Đang trích xuất: Machine_Learning_1905.02219v2_Lessons from Contextual Bandit Learning .pdf
[2026-07-13 18:45:03] INFO [src.ingestion.document_loader.load_document:48]: Đang trích xuất: Machine_Learning_1905.02234v2_Image Matters_ Scalable Detection of Off.pdf
[2026-07-13 18:45:05] INFO [src.ingestion.document_loader.load_document:48]: Đang trích xuất: Machine_Learning_1905.02259v2_Source Generator Attribution via Inversi.pdf
[2026-07-13 18:45:06] INFO [src.ingestion.document_loader.load_document:48]: Đang trích xuất: Machine_Learning_1905.02304v1_CrossTrainer_ Practical Domain Adaptatio.pdf
[2026-07-13 18:45:09] INFO [src.ingestion.document_loader.load_document:48]: Đang trích xuất: Machine_Learning_1905.02576v1_Regression Equilibrium.pdf
[2026-07-13 18:45:13] INFO [src.ingestion.document_loader.load_document:48]: Đang trích xuất: Machine_Learning_1905.02706v2_Learning Unsupervised Multi-View Stereop.pdf
[2026-07-13 18:45:15] INFO [src.ingestion.document_loader.load_document:48]: Đang trích xuất: Machine_Learning_1905.02796v1_Collaborative and Privacy-Preserving Mac.pdf
[2026-07-13 18:45:18] INFO [src.ingestion.document_loader.load_document:48]: Đang trích xuất: Machine_Learning_1905.02845v1_Feature Selection and Feature Extraction.pdf
[2026-07-13 18:45:21] INFO [src.ingestion.document_loader.load_document:48]: Đang trích xuất: Machine_Learning_1905.02898v1_A Generative Model for Sampling High-Per.pdf
[2026-07-13 18:53:36] INFO [src.ingestion.document_loader.load_document:48]: Đang trích xuất: Machine_Learning_1905.02941v1_Robust Federated Training via Collaborat.pdf
[2026-07-13 18:53:39] INFO [src.ingestion.document_loader.load_document:48]: Đang trích xuất: Machine_Learning_1905.03028v2_Deep Landscape Forecasting for Real-time.pdf
[2026-07-13 18:53:42] INFO [src.ingestion.document_loader.load_document:48]: Đang trích xuất: Machine_Learning_1905.03046v1_PiNet_ A Permutation Invariant Graph Neu.pdf
[2026-07-13 18:53:44] INFO [src.ingestion.document_loader.load_document:48]: Đang trích xuất: Machine_Learning_1905.03066v3_Training a Fast Object Detector for LiDA.pdf
[2026-07-13 18:53:54] INFO [src.ingestion.document_loader.load_document:48]: Đang trích xuất: Machine_Learning_1905.03218v1_MetaPred_ Meta-Learning for Clinical Ris.pdf
[2026-07-13 18:54:12] INFO [src.ingestion.document_loader.load_document:48]: Đang trích xuất: Machine_Learning_1905.03297v3_Interpretable Subgroup Discovery in Trea.pdf
[2026-07-13 18:54:19] INFO [src.ingestion.document_loader.load_document:48]: Đang trích xuất: Machine_Learning_1905.03330v2_Universal Sound Separation.pdf
[2026-07-13 18:54:21] INFO [src.ingestion.document_loader.load_document:48]: Đang trích xuất: Machine_Learning_1905.03421v3_Adversarial Image Translation_ Unrestric.pdf
[2026-07-13 18:54:22] INFO [src.ingestion.document_loader.load_document:48]: Đang trích xuất: Machine_Learning_1906.00495v1_Truncated Cauchy Non-negative Matrix Fac.pdf
[2026-07-13 18:54:29] INFO [src.ingestion.document_loader.load_document:48]: Đang trích xuất: Machine_Learning_1906.00532v2_Efficient 8-Bit Quantization of Transfor.pdf
[2026-07-13 18:54:40] INFO [src.ingestion.document_loader.load_document:48]: Đang trích xuất: Machine_Learning_1906.00537v1_Incorporating Biological Knowledge with .pdf
[2026-07-13 18:54:42] INFO [src.ingestion.document_loader.load_document:48]: Đang trích xuất: Machine_Learning_1906.00555v2_Adversarially Robust Generalization Just.pdf
[2026-07-13 18:54:45] INFO [src.ingestion.document_loader.load_document:48]: Đang trích xuất: Machine_Learning_1906.00616v4_Domain Adaptation with Optimal Transport.pdf
[2026-07-13 18:54:47] INFO [src.ingestion.document_loader.load_document:48]: Đang trích xuất: Machine_Learning_1906.00618v1_A Direct __tilde_O__1_ε__ Iteration Para.pdf
[2026-07-13 18:54:50] INFO [src.ingestion.document_loader.load_document:48]: Đang trích xuất: Machine_Learning_1906.00625v1_Decentralized Deep Reinforcement Learnin.pdf
[2026-07-13 18:54:53] INFO [src.ingestion.document_loader.load_document:48]: Đang trích xuất: Machine_Learning_1906.00628v2_Fast and Stable Interval Bounds Propagat.pdf
[2026-07-13 18:54:54] INFO [src.ingestion.document_loader.load_document:48]: Đang trích xuất: Machine_Learning_1906.00629v2_Computing Valid p-values for Image Segme.pdf
[2026-07-13 18:54:57] INFO [src.ingestion.document_loader.load_document:48]: Đang trích xuất: Machine_Learning_1906.00679v1_The Adversarial Machine Learning Conundr.pdf
[2026-07-13 18:54:59] INFO [src.ingestion.document_loader.load_document:48]: Đang trích xuất: Machine_Learning_1906.00825v1_Self-supervised Body Image Acquisition U.pdf
[2026-07-13 18:55:01] INFO [src.ingestion.document_loader.load_document:48]: Đang trích xuất: Machine_Learning_1906.00910v2_Learning Representations by Maximizing M.pdf
[2026-07-13 18:55:03] INFO [src.ingestion.document_loader.load_document:48]: Đang trích xuất: Machine_Learning_1906.00912v1_Temporal Density Extrapolation using a D.pdf
[2026-07-13 18:55:07] INFO [src.ingestion.document_loader.load_document:48]: Đang trích xuất: Machine_Learning_1906.00951v1_User Traffic Prediction for Proactive Re.pdf
[2026-07-13 18:55:09] INFO [src.ingestion.document_loader.load_document:48]: Đang trích xuất: Machine_Learning_1906.01026v2_NodeDrop_ A Condition for Reducing Netwo.pdf
[2026-07-13 18:55:11] INFO [src.ingestion.document_loader.load_document:48]: Đang trích xuất: Machine_Learning_1906.01040v3_A Surprising Density of Illusionable Nat.pdf
[2026-07-13 18:55:12] INFO [src.ingestion.document_loader.load_document:48]: Đang trích xuất: Machine_Learning_1906.01078v2_Increasing Compactness Of Deep Learning .pdf
[2026-07-13 18:55:14] INFO [src.ingestion.document_loader.load_document:48]: Đang trích xuất: Machine_Learning_1906.01103v2_Attractive versus truncated repulsive su.pdf
[2026-07-13 18:55:16] INFO [src.ingestion.document_loader.load_document:48]: Đang trích xuất: Machine_Learning_1906.01115v3_Convergence Rate of __mathcal_O__1_k__ f.pdf
[2026-07-13 18:55:19] INFO [src.ingestion.document_loader.load_document:48]: Đang trích xuất: Machine_Learning_1906.01119v1_Analysis and Improvement of Adversarial .pdf
[2026-07-13 18:55:20] INFO [src.ingestion.document_loader.load_document:48]: Đang trích xuất: Machine_Learning_1906.01121v1_Adversarial Exploitation of Policy Imita.pdf
[2026-07-13 18:55:22] INFO [src.ingestion.document_loader.load_document:48]: Đang trích xuất: Machine_Learning_1906.01126v1_Sequential Triggers for Watermarking of .pdf
[2026-07-13 18:55:23] INFO [src.ingestion.document_loader.load_document:48]: Đang trích xuất: Machine_Learning_1906.01131v1_Hybrid Machine Learning Forecasts for th.pdf
[2026-07-13 18:55:25] INFO [src.ingestion.document_loader.load_document:48]: Đang trích xuất: Machine_Learning_1906.01139v2_On the number of variables to use in pri.pdf
[2026-07-13 18:55:32] INFO [src.ingestion.document_loader.load_document:48]: Đang trích xuất: Machine_Learning_1906.01160v1_Transfer Learning with intelligent train.pdf
[2026-07-13 18:55:35] INFO [src.ingestion.document_loader.load_document:48]: Đang trích xuất: Machine_Learning_1906.01161v2_Resolving Gendered Ambiguous Pronouns wi.pdf
[2026-07-13 18:55:35] INFO [src.ingestion.document_loader.load_document:48]: Đang trích xuất: Machine_Learning_1906.01195v1_Learning Attention-based Embeddings for .pdf
[2026-07-13 18:55:37] INFO [src.ingestion.document_loader.load_document:48]: Đang trích xuất: Machine_Learning_1906.01277v2_Wasserstein Weisfeiler-Lehman Graph Kern.pdf
[2026-07-13 18:55:39] INFO [src.ingestion.document_loader.load_document:48]: Đang trích xuất: Machine_Learning_1906.01288v3_Information Competing Process for Learni.pdf
[2026-07-13 18:55:40] INFO [src.ingestion.document_loader.load_document:48]: Đang trích xuất: Machine_Learning_1906.01292v1_Optimal Unsupervised Domain Translation.pdf
[2026-07-13 18:55:46] INFO [src.ingestion.document_loader.load_document:48]: Đang trích xuất: Machine_Learning_1906.01374v1_Autonomous Reinforcement Learning of Mul.pdf
[2026-07-13 18:55:47] INFO [src.ingestion.document_loader.load_document:48]: Đang trích xuất: Machine_Learning_1906.01407v1_RL4health_ Crowdsourcing Reinforcement L.pdf
[2026-07-13 18:55:49] INFO [src.ingestion.document_loader.load_document:48]: Đang trích xuất: Machine_Learning_1906.01432v1_Knowledge-augmented Column Networks_ Gui.pdf
[2026-07-13 18:55:50] INFO [src.ingestion.document_loader.load_document:48]: Đang trích xuất: Machine_Learning_1906.01470v3_Options as responses_ Grounding behaviou.pdf
[2026-07-13 18:55:54] INFO [src.ingestion.document_loader.load_document:48]: Đang trích xuất: Machine_Learning_1906.01504v1_Embedded hyper-parameter tuning by Simul.pdf
[2026-07-13 18:56:06] INFO [src.ingestion.document_loader.load_document:48]: Đang trích xuất: Machine_Learning_1906.01510v1_Accelerating Physics-Based Simulations U.pdf
[2026-07-13 18:56:08] INFO [src.ingestion.document_loader.load_document:48]: Đang trích xuất: Machine_Learning_1906.01524v1_Text-based Editing of Talking-head Video.pdf
[2026-07-13 18:56:12] INFO [src.ingestion.document_loader.load_document:48]: Đang trích xuất: Machine_Learning_1906.01552v1_Assessing Disparate Impacts of Personali.pdf
[2026-07-13 18:56:16] INFO [src.ingestion.document_loader.load_document:48]: Đang trích xuất: Machine_Learning_1906.01600v2_Nemesyst_ A Hybrid Parallelism Deep Lear.pdf
[2026-07-13 18:56:20] INFO [src.ingestion.document_loader.load_document:48]: Đang trích xuất: Machine_Learning_1906.01629v3_Exact Combinatorial Optimization with Gr.pdf
[2026-07-13 18:56:57] INFO [src.ingestion.document_loader.load_document:48]: Đang trích xuất: Machine_Learning_1906.01668v1_Neuromorphic Architecture Optimization f.pdf
[2026-07-13 18:57:04] INFO [src.ingestion.document_loader.load_document:48]: Đang trích xuất: Machine_Learning_1906.01726v1_An Introduction to a New Text Classifica.pdf
[2026-07-13 18:57:06] INFO [src.ingestion.document_loader.load_document:48]: Đang trích xuất: Machine_Learning_2005.13420v2_Discretize-Optimize vs_ Optimize-Discret.pdf
[2026-07-13 18:57:35] INFO [src.ingestion.document_loader.load_document:48]: Đang trích xuất: Machine_Learning_2005.14230v1_Algorithm Selection Framework for Cyber .pdf
[2026-07-13 18:57:37] INFO [src.ingestion.document_loader.load_document:48]: Đang trích xuất: Machine_Learning_2005.14256v1_Attention_ to Better Stand on the Should.pdf
[2026-07-13 18:57:38] INFO [src.ingestion.document_loader.load_document:48]: Đang trích xuất: Machine_Learning_2005.14419v2_Reinforcement Learning.pdf
[2026-07-13 18:57:42] INFO [src.ingestion.document_loader.load_document:48]: Đang trích xuất: Machine_Learning_2005.14621v1_Fair Classification via Unconstrained Op.pdf
[2026-07-13 18:57:45] INFO [src.ingestion.document_loader.load_document:48]: Đang trích xuất: Machine_Learning_2005.14627v1_Detection of Bangla Fake News using MNB .pdf
[2026-07-13 18:57:46] INFO [src.ingestion.document_loader.load_document:48]: Đang trích xuất: Machine_Learning_2005.14683v1_A Process for the Evaluation of Node Emb.pdf
[2026-07-13 18:57:47] INFO [src.ingestion.document_loader.load_document:48]: Đang trích xuất: Machine_Learning_2006.00027v1_Glaucoma Detection From Raw Circumapilla.pdf
[2026-07-13 18:57:48] INFO [src.ingestion.document_loader.load_document:48]: Đang trích xuất: Machine_Learning_2006.00052v1_Stance Prediction for Contemporary Issue.pdf
[2026-07-13 18:57:49] INFO [src.ingestion.document_loader.load_document:48]: Đang trích xuất: Machine_Learning_2006.00067v2_Automated Measurements of Key Morphologi.pdf
[2026-07-13 18:57:52] INFO [src.ingestion.document_loader.load_document:48]: Đang trích xuất: Machine_Learning_2006.00112v2_Approximating the Ideal Observer for joi.pdf
[2026-07-13 18:57:54] INFO [src.ingestion.document_loader.load_document:48]: Đang trích xuất: Machine_Learning_2006.00423v1_A New Accelerated Stochastic Gradient Me.pdf
[2026-07-13 18:57:56] INFO [src.ingestion.document_loader.load_document:48]: Đang trích xuất: Machine_Learning_2006.00459v1_SANA _ Sentiment Analysis on Newspapers .pdf
[2026-07-13 18:57:58] INFO [src.ingestion.document_loader.load_document:48]: Đang trích xuất: Machine_Learning_2006.00475v3_Improved Regret for Zeroth-Order Adversa.pdf
[2026-07-13 18:58:01] INFO [src.ingestion.document_loader.load_document:48]: Đang trích xuất: Machine_Learning_2006.00533v1_Benchmarking BioRelEx for Entity Tagging.pdf
[2026-07-13 18:58:02] INFO [src.ingestion.document_loader.load_document:48]: Đang trích xuất: Machine_Learning_2006.00727v1_Using Generative Models for Pediatric wb.pdf
[2026-07-13 18:58:03] INFO [src.ingestion.document_loader.load_document:48]: Đang trích xuất: Machine_Learning_2012.10040v1_Robustness to Spurious Correlations in T.pdf
[2026-07-13 18:58:05] INFO [src.ingestion.document_loader.load_document:48]: Đang trích xuất: Machine_Learning_2012.10056v1_Transfer Learning Based Automatic Model .pdf
[2026-07-13 18:58:06] INFO [src.ingestion.document_loader.load_document:48]: Đang trích xuất: Machine_Learning_2012.11066v2_Fairness_ Welfare_ and Equity in Persona.pdf
[2026-07-13 18:58:10] INFO [src.ingestion.document_loader.load_document:48]: Đang trích xuất: Machine_Learning_2012.11147v1_Hop-Hop Relation-aware Graph Neural Netw.pdf
[2026-07-13 18:58:12] INFO [src.ingestion.document_loader.load_document:48]: Đang trích xuất: Machine_Learning_2012.11195v1_Personalized fall detection monitoring s.pdf
[2026-07-13 18:58:15] INFO [src.ingestion.document_loader.load_document:48]: Đang trích xuất: Machine_Learning_2012.11197v1_Neural Joint Entropy Estimation.pdf
[2026-07-13 18:58:18] INFO [src.ingestion.document_loader.load_document:48]: Đang trích xuất: Machine_Learning_2012.11325v1_Detecting Botnet Attacks in IoT Environm.pdf
[2026-07-13 18:58:19] INFO [src.ingestion.document_loader.load_document:48]: Đang trích xuất: Machine_Learning_2012.11327v1_Collaborative residual learners for auto.pdf
[2026-07-13 18:58:21] INFO [src.ingestion.document_loader.load_document:48]: Đang trích xuất: Machine_Learning_2012.11333v1_Ensemble model for pre-discharge icd10 c.pdf
[2026-07-13 18:58:23] INFO [src.ingestion.document_loader.load_document:48]: Đang trích xuất: Machine_Learning_2012.11337v1_Single-level Optimization For Differenti.pdf
[2026-07-13 18:58:27] INFO [src.ingestion.document_loader.load_document:48]: Đang trích xuất: Machine_Learning_2012.11400v2_Unifying Homophily and Heterophily Netwo.pdf
[2026-07-13 18:58:30] INFO [src.ingestion.document_loader.load_document:48]: Đang trích xuất: Machine_Learning_2012.11510v1_Design Rule Checking with a CNN Based Fe.pdf
[2026-07-13 18:58:32] INFO [src.ingestion.document_loader.load_document:48]: Đang trích xuất: Machine_Learning_2012.11638v1_Unsupervised in-distribution anomaly det.pdf
[2026-07-13 18:58:34] INFO [src.ingestion.document_loader.load_document:48]: Đang trích xuất: Machine_Learning_2012.12056v1_Data Assimilation in the Latent Space of.pdf
[2026-07-13 18:58:36] INFO [src.ingestion.document_loader.load_document:48]: Đang trích xuất: Machine_Learning_2012.12089v1_Prediction of Chronic Kidney Disease Usi.pdf
[2026-07-13 18:58:38] INFO [src.ingestion.document_loader.load_document:48]: Đang trích xuất: Machine_Learning_2012.12123v1_Machine Learning Algorithm for NLOS Mill.pdf
[2026-07-13 18:58:41] INFO [src.ingestion.document_loader.load_document:48]: Đang trích xuất: Machine_Learning_2012.12137v1_Projected Stochastic Gradient Langevin A.pdf
[2026-07-13 18:58:46] INFO [src.ingestion.document_loader.load_document:48]: Đang trích xuất: Machine_Learning_2012.12139v1_Image to Bengali Caption Generation Usin.pdf
[2026-07-13 18:58:48] INFO [src.ingestion.document_loader.load_document:48]: Đang trích xuất: Machine_Learning_2012.12142v1_High-Speed Robot Navigation using Predic.pdf
[2026-07-13 18:58:49] INFO [src.ingestion.document_loader.load_document:48]: Đang trích xuất: Machine_Learning_2012.12308v1_Randomized RX for target detection.pdf
[2026-07-13 18:58:50] INFO [src.ingestion.document_loader.load_document:48]: Đang trích xuất: Machine_Learning_2012.12373v1_The Life and Death of SSDs and HDDs_ Sim.pdf
[2026-07-13 18:58:54] INFO [src.ingestion.document_loader.load_document:48]: Đang trích xuất: Machine_Learning_2012.12718v1_Compliance Generation for Privacy Docume.pdf
[2026-07-13 18:58:56] INFO [src.ingestion.document_loader.load_document:48]: Đang trích xuất: Machine_Learning_2012.12725v1_Learning-based Prediction and Uplink Ret.pdf
[2026-07-13 18:58:59] INFO [src.ingestion.document_loader.load_document:48]: Đang trích xuất: Machine_Learning_2012.12775v1_Adaptive Precision Training for Resource.pdf
[2026-07-13 18:59:01] INFO [src.ingestion.document_loader.load_document:48]: Đang trích xuất: Machine_Learning_2012.13028v1_General Domain Adaptation Through Propor.pdf
[2026-07-13 18:59:03] INFO [src.ingestion.document_loader.load_document:48]: Đang trích xuất: Machine_Learning_2012.13096v1_Wheel-Rail Interface Condition Estimatio.pdf
[2026-07-13 18:59:04] INFO [src.ingestion.document_loader.load_document:48]: Đang trích xuất: Machine_Learning_2012.13115v1_Upper Confidence Bounds for Combining St.pdf
[2026-07-13 18:59:08] INFO [src.ingestion.document_loader.load_document:48]: Đang trích xuất: Machine_Learning_2012.13391v2_I like fish_ especially dolphins_ Addres.pdf
[2026-07-13 18:59:11] INFO [src.ingestion.document_loader.load_document:48]: Đang trích xuất: Machine_Learning_2012.13677v1_Toward Compact Data from Big Data.pdf
[2026-07-13 18:59:13] INFO [src.ingestion.document_loader.load_document:48]: Đang trích xuất: Machine_Learning_2012.13690v1_One-Shot Object Localization Using Learn.pdf
[2026-07-13 18:59:14] INFO [src.ingestion.document_loader.load_document:48]: Đang trích xuất: Machine_Learning_2012.14005v1_Neural document expansion for ad-hoc inf.pdf
[2026-07-13 18:59:15] INFO [src.ingestion.document_loader.load_document:48]: Đang trích xuất: Machine_Learning_2012.14043v1_Blackwell Online Learning for Markov Dec.pdf
[2026-07-13 18:59:17] INFO [src.ingestion.document_loader.load_document:48]: Đang trích xuất: Machine_Learning_2012.14065v1_Deep Learning with Heterogeneous Graph E.pdf
[2026-07-13 18:59:18] INFO [src.ingestion.document_loader.load_document:48]: Đang trích xuất: Machine_Learning_2012.14106v1_Diagnosis_Prognosis of COVID-19 Images_ .pdf
[2026-07-13 18:59:23] INFO [src.ingestion.document_loader.load_document:48]: Đang trích xuất: Machine_Learning_2012.14285v1_Affirmative Algorithms_ The Legal Ground.pdf
[2026-07-13 18:59:26] INFO [src.ingestion.document_loader.load_document:48]: Đang trích xuất: Machine_Learning_2012.14338v1_Low-Cost Maximum Entropy Covariance Matr.pdf
[2026-07-13 18:59:28] INFO [src.ingestion.document_loader.load_document:48]: Đang trích xuất: NLP_1904.07695v1_Short Text Topic Modeling Techniques_ Ap.pdf
[2026-07-13 18:59:32] INFO [src.ingestion.document_loader.load_document:48]: Đang trích xuất: NLP_1904.07904v1_Mitigating the Impact of Speech Recognit.pdf
[2026-07-13 18:59:33] INFO [src.ingestion.document_loader.load_document:48]: Đang trích xuất: NLP_1904.07982v1_Query Expansion for Cross-Language Quest.pdf
[2026-07-13 18:59:34] INFO [src.ingestion.document_loader.load_document:48]: Đang trích xuất: NLP_1904.08051v1_Posterior-regularized REINFORCE for Inst.pdf
[2026-07-13 18:59:35] INFO [src.ingestion.document_loader.load_document:48]: Đang trích xuất: NLP_1904.08075v1_End-to-End Speech Translation with Knowl.pdf
[2026-07-13 18:59:36] INFO [src.ingestion.document_loader.load_document:48]: Đang trích xuất: NLP_1904.08109v1_Contextual Aware Joint Probability Model.pdf
[2026-07-13 18:59:37] INFO [src.ingestion.document_loader.load_document:48]: Đang trích xuất: NLP_1904.12213v1_Towards Recognizing Phrase Translation P.pdf
[2026-07-13 18:59:39] INFO [src.ingestion.document_loader.load_document:48]: Đang trích xuất: NLP_1904.12550v1_Semantic Matching of Documents from Hete.pdf
[2026-07-13 18:59:41] INFO [src.ingestion.document_loader.load_document:48]: Đang trích xuất: NLP_1904.12848v6_Unsupervised Data Augmentation for Consi.pdf
[2026-07-13 18:59:44] INFO [src.ingestion.document_loader.load_document:48]: Đang trích xuất: NLP_1905.00422v1_Time-series Insights into the Process of.pdf
[2026-07-13 18:59:46] INFO [src.ingestion.document_loader.load_document:48]: Đang trích xuất: NLP_1905.01958v1_Text2Node_ a Cross-Domain System for Map.pdf
[2026-07-13 18:59:49] INFO [src.ingestion.document_loader.load_document:48]: Đang trích xuất: NLP_1905.01973v1_Who wrote this book_ A challenge for e-c.pdf
[2026-07-13 18:59:50] INFO [src.ingestion.document_loader.load_document:48]: Đang trích xuất: NLP_1905.01984v1_AI-Powered Text Generation for Harmoniou.pdf
[2026-07-13 18:59:53] INFO [src.ingestion.document_loader.load_document:48]: Đang trích xuất: NLP_1905.01998v1_A Persona-based Multi-turn Conversation .pdf
[2026-07-13 18:59:55] INFO [src.ingestion.document_loader.load_document:48]: Đang trích xuất: NLP_1905.02019v1_Conditioning LSTM Decoder and Bi-directi.pdf
[2026-07-13 18:59:56] INFO [src.ingestion.document_loader.load_document:48]: Đang trích xuất: NLP_1905.02851v2_FAQ Retrieval using Query-Question Simil.pdf
[2026-07-13 18:59:56] INFO [src.ingestion.document_loader.load_document:48]: Đang trích xuất: NLP_1905.02869v1_Automatic Inference of Minimalist Gramma.pdf
[2026-07-13 18:59:58] INFO [src.ingestion.document_loader.load_document:48]: Đang trích xuất: NLP_1905.02925v1_ShapeGlot_ Learning Language for Shape D.pdf
[2026-07-13 19:00:03] INFO [src.ingestion.document_loader.load_document:48]: Đang trích xuất: NLP_1906.00579v3_Listening while Speaking and Visualizing.pdf
[2026-07-13 19:00:05] INFO [src.ingestion.document_loader.load_document:48]: Đang trích xuất: NLP_1906.00744v5_Hierarchical Decision Making by Generati.pdf
[2026-07-13 19:00:15] INFO [src.ingestion.document_loader.load_document:48]: Đang trích xuất: NLP_1906.00790v2_Multi-task Pairwise Neural Ranking for H.pdf
[2026-07-13 19:00:18] INFO [src.ingestion.document_loader.load_document:48]: Đang trích xuất: NLP_1906.00872v1_From Words to Sentences_ A Progressive L.pdf
[2026-07-13 19:00:19] INFO [src.ingestion.document_loader.load_document:48]: Đang trích xuất: NLP_1906.01040v3_A Surprising Density of Illusionable Nat.pdf
[2026-07-13 19:00:20] INFO [src.ingestion.document_loader.load_document:48]: Đang trích xuất: NLP_1906.01157v2_A Review of Automated Speech and Languag.pdf
[2026-07-13 19:00:25] INFO [src.ingestion.document_loader.load_document:48]: Đang trích xuất: NLP_1906.01161v2_Resolving Gendered Ambiguous Pronouns wi.pdf
[2026-07-13 19:00:27] INFO [src.ingestion.document_loader.load_document:48]: Đang trích xuất: NLP_1906.01185v1_Joint Effects of Context and User Histor.pdf
[2026-07-13 19:00:29] INFO [src.ingestion.document_loader.load_document:48]: Đang trích xuất: NLP_1906.01195v1_Learning Attention-based Embeddings for .pdf
[2026-07-13 19:00:31] INFO [src.ingestion.document_loader.load_document:48]: Đang trích xuất: NLP_1906.01243v1_Learning to Explain_ Answering Why-Quest.pdf
[2026-07-13 19:00:32] INFO [src.ingestion.document_loader.load_document:48]: Đang trích xuất: NLP_1906.01268v1_Exploiting Sentential Context for Neural.pdf
[2026-07-13 19:00:34] INFO [src.ingestion.document_loader.load_document:48]: Đang trích xuất: NLP_1906.01282v1_Lattice-Based Transformer Encoder for Ne.pdf
[2026-07-13 19:00:35] INFO [src.ingestion.document_loader.load_document:48]: Đang trích xuất: NLP_1906.01359v1_NNE_ A Dataset for Nested Named Entity R.pdf
[2026-07-13 19:00:36] INFO [src.ingestion.document_loader.load_document:48]: Đang trích xuất: NLP_1906.01472v2_Evaluating Discourse in Structured Text .pdf
[2026-07-13 19:00:38] INFO [src.ingestion.document_loader.load_document:48]: Đang trích xuất: NLP_1906.01573v1_A Study of Feature Extraction techniques.pdf
[2026-07-13 19:00:38] INFO [src.ingestion.document_loader.load_document:48]: Đang trích xuất: NLP_1906.01617v1_Self-Attentional Models for Lattice Inpu.pdf
[2026-07-13 19:00:41] INFO [src.ingestion.document_loader.load_document:48]: Đang trích xuất: NLP_1906.01726v1_An Introduction to a New Text Classifica.pdf
[2026-07-13 19:00:43] INFO [src.ingestion.document_loader.load_document:48]: Đang trích xuất: NLP_2005.11344v1_The Discussion Tracker Corpus of Collabo.pdf
[2026-07-13 19:00:45] INFO [src.ingestion.document_loader.load_document:48]: Đang trích xuất: NLP_2005.11364v1_Open-Retrieval Conversational Question A.pdf
[2026-07-13 19:00:49] INFO [src.ingestion.document_loader.load_document:48]: Đang trích xuất: NLP_2005.11729v2_GoChat_ Goal-oriented Chatbots with Hier.pdf
[2026-07-13 19:00:51] INFO [src.ingestion.document_loader.load_document:48]: Đang trích xuất: NLP_2005.11777v1_Acoustic Word Embedding System for Code-.pdf
[2026-07-13 19:00:52] INFO [src.ingestion.document_loader.load_document:48]: Đang trích xuất: NLP_2005.13170v1_Chat as Expected_ Learning to Manipulate.pdf
[2026-07-13 19:00:54] INFO [src.ingestion.document_loader.load_document:48]: Đang trích xuất: NLP_2005.13421v1_Thirty Musts for Meaning Banking.pdf
[2026-07-13 19:00:57] INFO [src.ingestion.document_loader.load_document:48]: Đang trích xuất: NLP_2005.13485v3_Unsupervised Dual Paraphrasing for Two-s.pdf
[2026-07-13 19:00:59] INFO [src.ingestion.document_loader.load_document:48]: Đang trích xuất: NLP_2005.13804v1_Contextual Dialogue Act Classification f.pdf
[2026-07-13 19:01:01] INFO [src.ingestion.document_loader.load_document:48]: Đang trích xuất: NLP_2005.14327v2_On the Comparison of Popular End-to-End .pdf
[2026-07-13 19:01:02] INFO [src.ingestion.document_loader.load_document:48]: Đang trích xuất: NLP_2005.14627v1_Detection of Bangla Fake News using MNB .pdf
[2026-07-13 19:01:03] INFO [src.ingestion.document_loader.load_document:48]: Đang trích xuất: NLP_2006.00052v1_Stance Prediction for Contemporary Issue.pdf
[2026-07-13 19:01:05] INFO [src.ingestion.document_loader.load_document:48]: Đang trích xuất: NLP_2006.00459v1_SANA _ Sentiment Analysis on Newspapers .pdf
[2026-07-13 19:01:07] INFO [src.ingestion.document_loader.load_document:48]: Đang trích xuất: NLP_2006.00518v1_Data-driven Detection and Analysis of th.pdf
[2026-07-13 19:01:13] INFO [src.ingestion.document_loader.load_document:48]: Đang trích xuất: NLP_2006.00533v1_Benchmarking BioRelEx for Entity Tagging.pdf
[2026-07-13 19:01:14] INFO [src.ingestion.document_loader.load_document:48]: Đang trích xuất: NLP_2006.00591v2_Efficient Deployment of Conversational N.pdf
[2026-07-13 19:01:16] INFO [src.ingestion.document_loader.load_document:48]: Đang trích xuất: NLP_2006.00609v1_CNRL at SemEval-2020 Task 5_ Modelling C.pdf
[2026-07-13 19:01:17] INFO [src.ingestion.document_loader.load_document:48]: Đang trích xuất: NLP_2006.00632v2_Neural Unsupervised Domain Adaptation in.pdf
[2026-07-13 19:01:20] INFO [src.ingestion.document_loader.load_document:48]: Đang trích xuất: NLP_2006.01112v2_Cascaded Text Generation with Markov Tra.pdf
[2026-07-13 19:01:23] INFO [src.ingestion.document_loader.load_document:48]: Đang trích xuất: NLP_2006.01203v1_Hybrid Improved Document-level Embedding.pdf
[2026-07-13 19:01:26] INFO [src.ingestion.document_loader.load_document:48]: Đang trích xuất: NLP_2006.01209v1_Learning Constraints for Structured Pred.pdf
[2026-07-13 19:01:29] INFO [src.ingestion.document_loader.load_document:48]: Đang trích xuất: NLP_2006.01210v1_The _Letter_ Distribution in the Chinese.pdf
[2026-07-13 19:01:34] INFO [src.ingestion.document_loader.load_document:48]: Đang trích xuất: NLP_2006.01372v2_Embeddings of Label Components for Seque.pdf
[2026-07-13 19:01:41] INFO [src.ingestion.document_loader.load_document:48]: Đang trích xuất: NLP_2006.01594v1_Training Multilingual Machine Translatio.pdf
[2026-07-13 19:01:43] INFO [src.ingestion.document_loader.load_document:48]: Đang trích xuất: NLP_2006.01854v1_Event Arguments Extraction via Dilate Ga.pdf
[2026-07-13 19:01:45] INFO [src.ingestion.document_loader.load_document:48]: Đang trích xuất: NLP_2006.01912v1_On the Predictive Power of Neural Langua.pdf
[2026-07-13 19:01:48] INFO [src.ingestion.document_loader.load_document:48]: Đang trích xuất: NLP_2006.01997v1_Automatic Text Summarization of COVID-19.pdf
[2026-07-13 19:01:49] INFO [src.ingestion.document_loader.load_document:48]: Đang trích xuất: NLP_2006.02120v1_Towards Large-Scale Data Mining for Data.pdf
[2026-07-13 19:01:51] INFO [src.ingestion.document_loader.load_document:48]: Đang trích xuất: NLP_2006.04136v1_Analysis and Synthesis of Hypo and Hyper.pdf
[2026-07-13 19:01:52] INFO [src.ingestion.document_loader.load_document:48]: Đang trích xuất: NLP_2006.04138v1_Maximum Phase Modeling for Sparse Linear.pdf
[2026-07-13 19:01:54] INFO [src.ingestion.document_loader.load_document:48]: Đang trích xuất: NLP_2006.04702v3_CycleGT_ Unsupervised Graph-to-Text and .pdf
[2026-07-13 19:01:56] INFO [src.ingestion.document_loader.load_document:48]: Đang trích xuất: NLP_2006.05113v2_Human brain activity for machine attenti.pdf
[2026-07-13 19:01:58] INFO [src.ingestion.document_loader.load_document:48]: Đang trích xuất: NLP_2006.05165v1_Learning to Recover from Multi-Modality .pdf
[2026-07-13 19:02:00] INFO [src.ingestion.document_loader.load_document:48]: Đang trích xuất: NLP_2006.05174v2_Input-independent Attention Weights Are .pdf
[2026-07-13 19:02:01] INFO [src.ingestion.document_loader.load_document:48]: Đang trích xuất: NLP_2006.05474v2_Improving Cross-Lingual Transfer Learnin.pdf
[2026-07-13 19:02:03] INFO [src.ingestion.document_loader.load_document:48]: Đang trích xuất: NLP_2006.05477v1_Unsupervised Paraphrase Generation using.pdf
[2026-07-13 19:02:04] INFO [src.ingestion.document_loader.load_document:48]: Đang trích xuất: NLP_2007.08657v1_Training with reduced precision of a sup.pdf
[2026-07-13 19:02:06] INFO [src.ingestion.document_loader.load_document:48]: Đang trích xuất: NLP_2007.08749v3_Towards an Automated SOAP Note_ Classify.pdf
[2026-07-13 19:02:09] INFO [src.ingestion.document_loader.load_document:48]: Đang trích xuất: NLP_2007.09536v1_Hierarchical Topic Mining via Joint Sphe.pdf
[2026-07-13 19:02:13] INFO [src.ingestion.document_loader.load_document:48]: Đang trích xuất: NLP_2007.10055v2_Morphological Skip-Gram_ Using morpholog.pdf
[2026-07-13 19:02:15] INFO [src.ingestion.document_loader.load_document:48]: Đang trích xuất: NLP_2007.10873v1_Connecting Embeddings for Knowledge Grap.pdf
[2026-07-13 19:02:17] INFO [src.ingestion.document_loader.load_document:48]: Đang trích xuất: NLP_2007.10877v1_problemConquero at SemEval-2020 Task 12_.pdf
[2026-07-13 19:02:18] INFO [src.ingestion.document_loader.load_document:48]: Đang trích xuất: NLP_2008.01946v2_An exploration of the encoding of gramma.pdf
[2026-07-13 19:02:19] INFO [src.ingestion.document_loader.load_document:48]: Đang trích xuất: NLP_2008.01994v1_Improving End-to-End Speech-to-Intent Cl.pdf
[2026-07-13 19:02:20] INFO [src.ingestion.document_loader.load_document:48]: Đang trích xuất: NLP_2008.02096v1_Computational linguistic assessment of t.pdf
[2026-07-13 19:02:31] INFO [src.ingestion.document_loader.load_document:48]: Đang trích xuất: NLP_2008.02460v1_DeText_ A Deep Text Ranking Framework wi.pdf
[2026-07-13 19:02:34] INFO [src.ingestion.document_loader.load_document:48]: Đang trích xuất: NLP_2008.02603v1_Data balancing for boosting performance .pdf
[2026-07-13 19:02:35] INFO [src.ingestion.document_loader.load_document:48]: Đang trích xuất: NLP_2008.02885v1_A general solution to the preferential s.pdf
[2026-07-13 19:02:36] INFO [src.ingestion.document_loader.load_document:48]: Đang trích xuất: NLP_2008.02976v2_Data Weighted Training Strategies for Gr.pdf
[2026-07-13 19:03:33] INFO [src.ingestion.document_loader.load_document:48]: Đang trích xuất: NLP_2008.03029v1_Peking Opera Synthesis via Duration Info.pdf
[2026-07-13 19:03:33] INFO [src.ingestion.document_loader.load_document:48]: Đang trích xuất: NLP_2008.03843v1_Question Identification in Arabic Langua.pdf
[2026-07-13 19:03:36] INFO [src.ingestion.document_loader.load_document:48]: Đang trích xuất: NLP_2008.03964v1_DQI_ A Guide to Benchmark Evaluation.pdf
[2026-07-13 19:03:38] INFO [src.ingestion.document_loader.load_document:48]: Đang trích xuất: NLP_2008.04203v1_FireBERT_ Hardening BERT-based classifie.pdf
[2026-07-13 19:03:39] INFO [src.ingestion.document_loader.load_document:48]: Đang trích xuất: NLP_2008.04527v1_Neural PLDA Modeling for End-to-End Spea.pdf
[2026-07-13 19:03:41] INFO [src.ingestion.document_loader.load_document:48]: Đang trích xuất: NLP_2008.04550v2_A Parallel Evaluation Data Set of Softwa.pdf
[2026-07-13 19:03:42] INFO [src.ingestion.document_loader.load_document:48]: Đang trích xuất: NLP_2008.04820v2_LTIatCMU at SemEval-2020 Task 11_ Incorp.pdf
[2026-07-13 19:03:43] INFO [src.ingestion.document_loader.load_document:48]: Đang trích xuất: NLP_2008.04935v2_Paraphrase Generation as Zero-Shot Multi.pdf
[2026-07-13 19:03:45] INFO [src.ingestion.document_loader.load_document:48]: Đang trích xuất: NLP_2012.10055v2_End-to-End Speaker Diarization as Post-P.pdf
[2026-07-13 19:03:47] INFO [src.ingestion.document_loader.load_document:48]: Đang trích xuất: NLP_2012.10187v1_Regularized Attentive Capsule Network fo.pdf
[2026-07-13 19:03:50] INFO [src.ingestion.document_loader.load_document:48]: Đang trích xuất: NLP_2012.10226v1_Should I visit this place_ Inclusion and.pdf
[2026-07-13 19:03:51] INFO [src.ingestion.document_loader.load_document:48]: Đang trích xuất: NLP_2012.13004v1_Speech Synthesis as Augmentation for Low.pdf
[2026-07-13 19:03:52] INFO [src.ingestion.document_loader.load_document:48]: Đang trích xuất: NLP_2012.13190v2_QUACKIE_ A NLP Classification Task With .pdf
[2026-07-13 19:03:54] INFO [src.ingestion.document_loader.load_document:48]: Đang trích xuất: NLP_2012.13391v2_I like fish_ especially dolphins_ Addres.pdf
[2026-07-13 19:03:56] INFO [src.ingestion.document_loader.load_document:48]: Đang trích xuất: NLP_2012.13980v1_Measuring University Impact_ Wikipedia a.pdf
[2026-07-13 19:03:59] INFO [src.ingestion.document_loader.load_document:48]: Đang trích xuất: NLP_2012.14005v1_Neural document expansion for ad-hoc inf.pdf
[2026-07-13 19:04:00] INFO [src.ingestion.document_loader.load_document:48]: Đang trích xuất: NLP_2012.14312v1_Panarchy_ ripples of a boundary concept.pdf
[2026-07-13 19:04:01] INFO [src.ingestion.document_loader.load_document:48]: Đang trích xuất: Operating_Systems_0809.5238v1_Mode Change Protocol for Multi-Mode Real.pdf
[2026-07-13 19:04:02] INFO [src.ingestion.document_loader.load_document:48]: Đang trích xuất: Operating_Systems_0902.1610v1_Package upgrades in FOSS distributions_ .pdf
[2026-07-13 19:04:03] INFO [src.ingestion.document_loader.load_document:48]: Đang trích xuất: Operating_Systems_0909.5064v1_A Conceivable Origin of Machine Consciou.pdf
[2026-07-13 19:04:04] INFO [src.ingestion.document_loader.load_document:48]: Đang trích xuất: Operating_Systems_0910.4052v1_Virtual-Threading_ Advanced General Purp.pdf
[2026-07-13 19:04:07] INFO [src.ingestion.document_loader.load_document:48]: Đang trích xuất: Operating_Systems_1002.0298v1_A Data Capsule Framework For Web Service.pdf
[2026-07-13 19:04:13] INFO [src.ingestion.document_loader.load_document:48]: Đang trích xuất: Operating_Systems_1011.3087v1_Leakage-Aware Reallocation for Periodic .pdf
[2026-07-13 19:04:15] INFO [src.ingestion.document_loader.load_document:48]: Đang trích xuất: Operating_Systems_1012.2831v2_Sesame_ Self-Constructive System Energy .pdf
[2026-07-13 19:04:22] INFO [src.ingestion.document_loader.load_document:48]: Đang trích xuất: Operating_Systems_1012.4045v1_Application of Global and One-Dimensiona.pdf
[2026-07-13 19:04:24] INFO [src.ingestion.document_loader.load_document:48]: Đang trích xuất: Operating_Systems_1102.2094v1_Global Scheduling of Multi-Mode Real-Tim.pdf
[2026-07-13 19:04:30] INFO [src.ingestion.document_loader.load_document:48]: Đang trích xuất: Operating_Systems_1104.3523v1_An Optimal Real-Time Scheduling Approach.pdf
[2026-07-13 19:04:33] INFO [src.ingestion.document_loader.load_document:48]: Đang trích xuất: Operating_Systems_1105.1736v1_Priority Based Dynamic Round Robin _PBDR.pdf
[2026-07-13 19:04:35] INFO [src.ingestion.document_loader.load_document:48]: Đang trích xuất: Operating_Systems_1111.5251v1_Evolution of a Modular Software Network.pdf
[2026-07-13 19:04:36] INFO [src.ingestion.document_loader.load_document:48]: Đang trích xuất: Operating_Systems_1111.5348v1_A New Round Robin Based Scheduling Algor.pdf
[2026-07-13 19:04:37] INFO [src.ingestion.document_loader.load_document:48]: Đang trích xuất: Operating_Systems_1112.5136v1_Quest-V_ A Virtualized Multikernel for H.pdf
[2026-07-13 19:04:43] INFO [src.ingestion.document_loader.load_document:48]: Đang trích xuất: Operating_Systems_1205.1687v1_Age Based User Interface in Mobile Opera.pdf
[2026-07-13 19:04:48] INFO [src.ingestion.document_loader.load_document:48]: Đang trích xuất: Operating_Systems_1207.1591v1_A Secure Dynamic Job Scheduling on Smart.pdf
[2026-07-13 19:04:50] INFO [src.ingestion.document_loader.load_document:48]: Đang trích xuất: Operating_Systems_1208.6390v1_Performance Evaluation of Flash File Sys.pdf
[2026-07-13 19:04:51] INFO [src.ingestion.document_loader.load_document:48]: Đang trích xuất: Operating_Systems_1806.01589v2_Blocking time under basic priority inher.pdf
[2026-07-13 19:04:56] INFO [src.ingestion.document_loader.load_document:48]: Đang trích xuất: Operating_Systems_1808.00017v1_New Analysis Techniques for Supporting H.pdf
[2026-07-13 19:05:00] INFO [src.ingestion.document_loader.load_document:48]: Đang trích xuất: Operating_Systems_1808.04239v1_A Spin-based model checking for the simp.pdf
[2026-07-13 19:05:02] INFO [src.ingestion.document_loader.load_document:48]: Đang trích xuất: Operating_Systems_1808.10097v2_Profiling and Improving the Duty-Cycling.pdf
[2026-07-13 19:05:08] INFO [src.ingestion.document_loader.load_document:48]: Đang trích xuất: Operating_Systems_1809.02892v1_Dependency Graph Approach for Multiproce.pdf
[2026-07-13 19:05:12] INFO [src.ingestion.document_loader.load_document:48]: Đang trích xuất: Operating_Systems_1809.07701v1_On the Fly Orchestration of Unikernels_ .pdf
[2026-07-13 19:05:16] INFO [src.ingestion.document_loader.load_document:48]: Đang trích xuất: Operating_Systems_1810.01573v4_TWA -- Ticket Locks Augmented with a Wai.pdf
[2026-07-13 19:05:19] INFO [src.ingestion.document_loader.load_document:48]: Đang trích xuất: Operating_Systems_1810.02904v1_Finding Crash-Consistency Bugs with Boun.pdf
[2026-07-13 19:05:24] INFO [src.ingestion.document_loader.load_document:48]: Đang trích xuất: Operating_Systems_1812.07723v1_Modeling Processor Idle Times in MPSoC P.pdf
[2026-07-13 19:05:25] INFO [src.ingestion.document_loader.load_document:48]: Đang trích xuất: Operating_Systems_1812.09822v5_MI6_ Secure Enclaves in a Speculative Ou.pdf
[2026-07-13 19:05:29] INFO [src.ingestion.document_loader.load_document:48]: Đang trích xuất: Operating_Systems_1812.09920v1_Divide et Impera_ MemoryRanger Runs Driv.pdf
[2026-07-13 19:05:37] INFO [src.ingestion.document_loader.load_document:48]: Đang trích xuất: Operating_Systems_1903.03701v1_Processor in Non-Volatile Memory _PiNVSM.pdf
[2026-07-13 19:05:41] INFO [src.ingestion.document_loader.load_document:48]: Đang trích xuất: Operating_Systems_1904.11560v1_A Survey on Tiering and Caching in High-.pdf
[2026-07-13 19:05:47] INFO [src.ingestion.document_loader.load_document:48]: Đang trích xuất: Operating_Systems_1905.10141v1_Scan-and-Pay on Android is Dangerous.pdf
[2026-07-13 19:05:48] INFO [src.ingestion.document_loader.load_document:48]: Đang trích xuất: Operating_Systems_1905.10818v2_Avoiding Scalability Collapse by Restric.pdf
[2026-07-13 19:05:51] INFO [src.ingestion.document_loader.load_document:48]: Đang trích xuất: Operating_Systems_1905.12974v3_ExplFrame_ Exploiting Page Frame Cache f.pdf
[2026-07-13 19:05:52] INFO [src.ingestion.document_loader.load_document:48]: Đang trích xuất: Operating_Systems_1907.00271v1_HTS_ A Hardware Task Scheduler for Heter.pdf
[2026-07-13 19:05:55] INFO [src.ingestion.document_loader.load_document:48]: Đang trích xuất: Operating_Systems_1907.02064v5_Accelerator-level Parallelism.pdf
[2026-07-13 19:05:56] INFO [src.ingestion.document_loader.load_document:48]: Đang trích xuất: Operating_Systems_1907.13245v2_EnclaveDom_ Privilege Separation for Lar.pdf
[2026-07-13 19:05:59] INFO [src.ingestion.document_loader.load_document:48]: Đang trích xuất: Operating_Systems_1909.09600v1_Multiprocessor Real-Time Locking Protoco.pdf
[2026-07-13 19:06:12] INFO [src.ingestion.document_loader.load_document:48]: Đang trích xuất: Operating_Systems_1910.04949v1_Enabling Failure-resilient Intermittent .pdf
[2026-07-13 19:06:16] INFO [src.ingestion.document_loader.load_document:48]: Đang trích xuất: Operating_Systems_1910.13056v1_Disaggregation and the Application.pdf
[2026-07-13 19:06:17] INFO [src.ingestion.document_loader.load_document:48]: Đang trích xuất: Operating_Systems_1910.14546v1_Debian Package usage profiler for Debian.pdf
[2026-07-13 19:06:18] INFO [src.ingestion.document_loader.load_document:48]: Đang trích xuất: Operating_Systems_1911.13208v3_Intelligent Resource Scheduling for Co-l.pdf
[2026-07-13 19:06:24] INFO [src.ingestion.document_loader.load_document:48]: Đang trích xuất: Operating_Systems_1912.03490v1_Dependability Assessment of the Android .pdf
[2026-07-13 19:06:27] INFO [src.ingestion.document_loader.load_document:48]: Đang trích xuất: Operating_Systems_2001.04698v1_Online Scheduling with Makespan Minimiza.pdf
[2026-07-13 19:06:29] INFO [src.ingestion.document_loader.load_document:48]: Đang trích xuất: Operating_Systems_2001.06159v1_A New Fairness Model based on User_s Obj.pdf
[2026-07-13 19:06:30] INFO [src.ingestion.document_loader.load_document:48]: Đang trích xuất: Operating_Systems_2001.07450v1_Occlum_ Secure and Efficient Multitaskin.pdf
[2026-07-13 19:06:33] INFO [src.ingestion.document_loader.load_document:48]: Đang trích xuất: Operating_Systems_2001.09991v1_Intel Page Modification Logging_ a hardw.pdf
[2026-07-13 19:06:41] INFO [src.ingestion.document_loader.load_document:48]: Đang trích xuất: Operating_Systems_2002.11528v1_Safe and Efficient Remote Application Co.pdf
[2026-07-13 19:06:43] INFO [src.ingestion.document_loader.load_document:48]: Đang trích xuất: Operating_Systems_2003.05168v1_Multi-Rate Fluid Scheduling of Mixed-Cri.pdf
[2026-07-13 19:06:46] INFO [src.ingestion.document_loader.load_document:48]: Đang trích xuất: Operating_Systems_2004.02400v1_Resource Efficient Isolation Mechanisms .pdf
[2026-07-13 19:06:49] INFO [src.ingestion.document_loader.load_document:48]: Đang trích xuất: Operating_Systems_2004.02439v1_Optimal Virtual Cluster-based Multiproce.pdf
[2026-07-13 19:06:54] INFO [src.ingestion.document_loader.load_document:48]: Đang trích xuất: Operating_Systems_2004.04846v1__μ_Tiles_ Efficient Intra-Process Privil.pdf
[2026-07-13 19:06:57] INFO [src.ingestion.document_loader.load_document:48]: Đang trích xuất: Operating_Systems_2004.06354v1_A Linux Kernel Scheduler Extension for M.pdf
[2026-07-13 19:07:01] INFO [src.ingestion.document_loader.load_document:48]: Đang trích xuất: Operating_Systems_2005.04750v1_Exploiting Inter- and Intra-Memory Asymm.pdf
[2026-07-13 19:07:05] INFO [src.ingestion.document_loader.load_document:48]: Đang trích xuất: Operating_Systems_2005.09723v3_High Velocity Kernel File Systems with B.pdf
[2026-07-13 19:07:08] INFO [src.ingestion.document_loader.load_document:48]: Đang trích xuất: Operating_Systems_2005.12821v1_Study of Firecracker MicroVM.pdf
[2026-07-13 19:07:09] INFO [src.ingestion.document_loader.load_document:48]: Đang trích xuất: Operating_Systems_2006.07163v2_Nefele_ Process Orchestration for the Cl.pdf
[2026-07-13 19:07:13] INFO [src.ingestion.document_loader.load_document:48]: Đang trích xuất: Operating_Systems_2006.08966v2_FastDrain_ Removing Page Victimization O.pdf
[2026-07-13 19:07:15] INFO [src.ingestion.document_loader.load_document:48]: Đang trích xuất: Operating_Systems_2006.12133v2_Optimizing Placement of Heap Memory Obje.pdf
[2026-07-13 19:07:19] INFO [src.ingestion.document_loader.load_document:48]: Đang trích xuất: Operating_Systems_2007.06775v3_Analyzing and Mitigating Data Stalls in .pdf
[2026-07-13 19:07:24] INFO [src.ingestion.document_loader.load_document:48]: Đang trích xuất: Operating_Systems_2007.12112v1_HeRTA_ Heaviside Real-Time Analysis.pdf
[2026-07-13 19:07:31] INFO [src.ingestion.document_loader.load_document:48]: Đang trích xuất: Operating_Systems_2008.03563v1_eXpOS_ A Simple Pedagogical Operating Sy.pdf
[2026-07-13 19:07:33] INFO [src.ingestion.document_loader.load_document:48]: Đang trích xuất: Operating_Systems_2008.12501v1_Analysis of Interference between RDMA an.pdf
[2026-07-13 19:07:34] INFO [src.ingestion.document_loader.load_document:48]: Đang trích xuất: Operating_Systems_2009.09206v1_DEAP Cache_ Deep Eviction Admission and .pdf
[2026-07-13 19:07:35] INFO [src.ingestion.document_loader.load_document:48]: Đang trích xuất: Operating_Systems_2010.15572v2_Experimental Analysis of Communication R.pdf
[2026-07-13 19:07:36] INFO [src.ingestion.document_loader.load_document:48]: Đang trích xuất: Operating_Systems_2011.12092v1_Leveraging Architectural Support of Thre.pdf
[2026-07-13 19:07:40] INFO [src.ingestion.document_loader.load_document:48]: Đang trích xuất: Operating_Systems_2102.09980v3_A flow-based IDS using Machine Learning .pdf
[2026-07-13 19:07:41] INFO [src.ingestion.document_loader.load_document:48]: Đang trích xuất: Operating_Systems_2110.06253v2_StateAFL_ Greybox Fuzzing for Stateful N.pdf
[2026-07-13 19:07:45] INFO [src.ingestion.document_loader.load_document:48]: Đang trích xuất: Operating_Systems_2110.10357v1_Fast Bitmap Fit_ A CPU Cache Line friend.pdf
[2026-07-13 19:07:46] INFO [src.ingestion.document_loader.load_document:48]: Đang trích xuất: Operating_Systems_2110.11602v1_An O_1_ algorithm for implementing the L.pdf
[2026-07-13 19:07:47] INFO [src.ingestion.document_loader.load_document:48]: Đang trích xuất: Operating_Systems_2111.11554v2_KML_ Using Machine Learning to Improve S.pdf
[2026-07-13 19:07:56] INFO [src.ingestion.document_loader.load_document:48]: Đang trích xuất: Operating_Systems_2112.06875v1_Virtualizing Mixed-Criticality Systems_ .pdf
[2026-07-13 19:08:01] INFO [src.ingestion.document_loader.load_document:48]: Đang trích xuất: Operating_Systems_2201.08378v1_Adelie_ Continuous Address Space Layout .pdf
[2026-07-13 19:08:06] INFO [src.ingestion.document_loader.load_document:48]: Đang trích xuất: Operating_Systems_2201.13160v1_AnyCall_ Fast and Flexible System-Call A.pdf
[2026-07-13 19:08:08] INFO [src.ingestion.document_loader.load_document:48]: Đang trích xuất: Operating_Systems_2202.10400v2_GenStore_ A High-Performance and Energy-.pdf
[2026-07-13 19:08:15] INFO [src.ingestion.document_loader.load_document:48]: Đang trích xuất: Operating_Systems_2203.10359v3_FPGA-extended General Purpose Computer A.pdf
[2026-07-13 19:08:17] INFO [src.ingestion.document_loader.load_document:48]: Đang trích xuất: Operating_Systems_2204.03289v1_Persistent Memory Objects_ Fast and Easy.pdf
[2026-07-13 19:08:21] INFO [src.ingestion.document_loader.load_document:48]: Đang trích xuất: Operating_Systems_2204.07167v2_Towards Porting Operating Systems with P.pdf
[2026-07-13 19:08:31] INFO [src.ingestion.document_loader.load_document:48]: Đang trích xuất: Operating_Systems_2204.08846v1_Differentiating Network Flows for Priori.pdf
[2026-07-13 19:08:35] INFO [src.ingestion.document_loader.load_document:48]: Đang trích xuất: Operating_Systems_2206.00789v2_Unikernel Linux _UKL_.pdf
[2026-07-13 19:08:39] INFO [src.ingestion.document_loader.load_document:48]: Đang trích xuất: Operating_Systems_2206.01547v1_Understanding NVMe Zoned Namespace _ZNS_.pdf
[2026-07-13 19:08:43] INFO [src.ingestion.document_loader.load_document:48]: Đang trích xuất: Operating_Systems_2206.12751v1_Implementation of SquashFS Support in U-.pdf
[2026-07-13 19:08:46] INFO [src.ingestion.document_loader.load_document:48]: Đang trích xuất: Operating_Systems_2207.05676v2_HyperDbg_ Reinventing Hardware-Assisted .pdf
[2026-07-13 19:08:51] INFO [src.ingestion.document_loader.load_document:48]: Đang trích xuất: Operating_Systems_2209.08826v1_Rapid Recovery of Program Execution Unde.pdf
[2026-07-13 19:08:55] INFO [src.ingestion.document_loader.load_document:48]: Đang trích xuất: Operating_Systems_2211.02177v1_MUSTACHE_ Multi-Step-Ahead Predictions f.pdf
[2026-07-13 19:08:58] INFO [src.ingestion.document_loader.load_document:48]: Đang trích xuất: Operating_Systems_2212.04197v1_HyperEnclave_ An Open and Cross-platform.pdf
[2026-07-13 19:09:02] INFO [src.ingestion.document_loader.load_document:48]: Đang trích xuất: Operating_Systems_2301.00562v1_Age-Optimal Multi-Channel-Scheduling und.pdf
[2026-07-13 19:09:05] INFO [src.ingestion.document_loader.load_document:48]: Đang trích xuất: Operating_Systems_2302.06418v2_PADLL_ Taming Metadata-intensive HPC Job.pdf
[2026-07-13 19:09:14] INFO [src.ingestion.document_loader.load_document:48]: Đang trích xuất: Operating_Systems_2303.09725v1_Policy_mechanism separation in the Wareh.pdf
[2026-07-13 19:09:17] INFO [src.ingestion.document_loader.load_document:48]: Đang trích xuất: Operating_Systems_2303.13226v2_LearnedFTL_ A Learning-Based Page-Level .pdf
[2026-07-13 19:09:21] INFO [src.ingestion.document_loader.load_document:48]: Đang trích xuất: Operating_Systems_2306.01811v3_DVFO_ Learning-Based DVFS for Energy-Eff.pdf
[2026-07-13 19:09:26] INFO [src.ingestion.document_loader.load_document:48]: Đang trích xuất: Operating_Systems_2307.11860v1_Understanding _Un_Written Contracts of N.pdf
[2026-07-13 19:09:28] INFO [src.ingestion.document_loader.load_document:48]: Đang trích xuất: Operating_Systems_2309.09618v1_A Discussion on Generalization in Next-A.pdf
[2026-07-13 19:09:30] INFO [src.ingestion.document_loader.load_document:48]: Đang trích xuất: Operating_Systems_2309.14477v1_Carbon Containers_ A System-level Facili.pdf
[2026-07-13 19:09:34] INFO [src.ingestion.document_loader.load_document:48]: Đang trích xuất: Operating_Systems_2312.00647v1_MaxMem_ Colocation and Performance for B.pdf
[2026-07-13 19:09:38] INFO [src.ingestion.document_loader.load_document:48]: Đang trích xuất: Operating_Systems_2312.15153v1_Design and Implementation Considerations.pdf
[2026-07-13 19:09:42] INFO [src.ingestion.document_loader.load_document:48]: Đang trích xuất: Operating_Systems_2401.00316v1_RASP for LSASS_ Preventing Mimikatz-Rela.pdf
[2026-07-13 19:09:43] INFO [src.ingestion.document_loader.load_document:48]: Đang trích xuất: Operating_Systems_2401.01826v1_Data-Driven Power Modeling and Monitorin.pdf
[2026-07-13 19:09:47] INFO [src.ingestion.document_loader.load_document:48]: Đang trích xuất: Operating_Systems_2402.07664v1_Enabling performance portability of data.pdf
[2026-07-13 19:09:52] INFO [src.ingestion.document_loader.load_document:48]: Đang trích xuất: Operating_Systems_2404.01363v1_AIOps Solutions for Incident Management_.pdf
[2026-07-13 19:10:05] INFO [src.ingestion.document_loader.load_document:48]: Đang trích xuất: Software_Engineering_1904.08007v1_Metamorphic Testing for Quality Assuranc.pdf
[2026-07-13 19:10:07] INFO [src.ingestion.document_loader.load_document:48]: Đang trích xuất: Software_Engineering_1904.08164v1_Impact of requirements volatility on sof.pdf
[2026-07-13 19:10:11] INFO [src.ingestion.document_loader.load_document:48]: Đang trích xuất: Software_Engineering_1904.12131v1_Boundary Objects and their Use in Agile .pdf
[2026-07-13 19:10:18] INFO [src.ingestion.document_loader.load_document:48]: Đang trích xuất: Software_Engineering_1904.12540v1_A Genetic Framework Model For Self-Adapt.pdf
[2026-07-13 19:10:20] INFO [src.ingestion.document_loader.load_document:48]: Đang trích xuất: Software_Engineering_1904.13195v1_Test Selection for Deep Learning Systems.pdf
[2026-07-13 19:10:30] INFO [src.ingestion.document_loader.load_document:48]: Đang trích xuất: Software_Engineering_1905.02258v1_Toward Human-Like Summaries Generated fr.pdf
[2026-07-13 19:10:31] INFO [src.ingestion.document_loader.load_document:48]: Đang trích xuất: Software_Engineering_1906.00815v1_Static Code Analysis of Multilanguage So.pdf
[2026-07-13 19:10:33] INFO [src.ingestion.document_loader.load_document:48]: Đang trích xuất: Software_Engineering_1906.01577v1_Gamification of Enterprise Systems_ A Sy.pdf
[2026-07-13 19:10:41] INFO [src.ingestion.document_loader.load_document:48]: Đang trích xuất: Software_Engineering_2004.10166v1_Dependency-Based Neural Representations .pdf
[2026-07-13 19:10:43] INFO [src.ingestion.document_loader.load_document:48]: Đang trích xuất: Software_Engineering_2005.04045v2_Fundamental Considerations around Scenar.pdf
[2026-07-13 19:10:45] INFO [src.ingestion.document_loader.load_document:48]: Đang trích xuất: Software_Engineering_2005.10295v1_A refinement checking based strategy for.pdf
[2026-07-13 19:10:49] INFO [src.ingestion.document_loader.load_document:48]: Đang trích xuất: Software_Engineering_2005.10890v1_Systematic Literature Reviews in Softwar.pdf
[2026-07-13 19:10:51] INFO [src.ingestion.document_loader.load_document:48]: Đang trích xuất: Software_Engineering_2005.13047v1_On the benefit of 3-tier SOA architectur.pdf
[2026-07-13 19:10:53] INFO [src.ingestion.document_loader.load_document:48]: Đang trích xuất: Software_Engineering_2005.13186v1_Beware the evolving _intelligent_ web se.pdf
[2026-07-13 19:10:57] INFO [src.ingestion.document_loader.load_document:48]: Đang trích xuất: Software_Engineering_2005.13206v2_A Security Policy Model Transformation a.pdf
[2026-07-13 19:10:58] INFO [src.ingestion.document_loader.load_document:48]: Đang trích xuất: Software_Engineering_2006.00236v1_Extracting Features From Process Variant.pdf
[2026-07-13 19:10:59] INFO [src.ingestion.document_loader.load_document:48]: Đang trích xuất: Software_Engineering_2006.01351v1_Analyzing programming languages by commu.pdf
[2026-07-13 19:11:00] INFO [src.ingestion.document_loader.load_document:48]: Đang trích xuất: Software_Engineering_2006.02168v1_A Mixed Initiative Semantic Web Framewor.pdf
[2026-07-13 19:11:01] INFO [src.ingestion.document_loader.load_document:48]: Đang trích xuất: Software_Engineering_2006.02370v1_Exploring Context-Aware Conversational A.pdf
[2026-07-13 19:11:02] INFO [src.ingestion.document_loader.load_document:48]: Đang trích xuất: Software_Engineering_2006.02515v1_A Comparative Study of Data Storage and .pdf
[2026-07-13 19:11:03] INFO [src.ingestion.document_loader.load_document:48]: Đang trích xuất: Software_Engineering_2006.02763v1_Design Science Research Process_ A Model.pdf
[2026-07-13 19:11:05] INFO [src.ingestion.document_loader.load_document:48]: Đang trích xuất: Software_Engineering_2006.03725v1_Applied Awareness_ Test-Driven GUI Devel.pdf
[2026-07-13 19:11:06] INFO [src.ingestion.document_loader.load_document:48]: Đang trích xuất: Software_Engineering_2006.03863v1_Guarded Deep Learning using Scenario-Bas.pdf
[2026-07-13 19:11:08] INFO [src.ingestion.document_loader.load_document:48]: Đang trích xuất: Software_Engineering_2006.04238v1_Blurring Boundaries_ Toward the Collecti.pdf
[2026-07-13 19:11:12] INFO [src.ingestion.document_loader.load_document:48]: Đang trích xuất: Software_Engineering_2006.04911v1_ObjSim_ Lightweight Automatic Patch Prio.pdf
[2026-07-13 19:11:13] INFO [src.ingestion.document_loader.load_document:48]: Đang trích xuất: Software_Engineering_2007.02194v1_30 Years of Software Refactoring Researc.pdf
[2026-07-13 19:11:16] INFO [src.ingestion.document_loader.load_document:48]: Đang trích xuất: Software_Engineering_2007.03275v1_An Advanced Approach for Choosing Securi.pdf
[2026-07-13 19:11:18] INFO [src.ingestion.document_loader.load_document:48]: Đang trích xuất: Software_Engineering_2007.04263v1_Social Media Analysis for Crisis Informa.pdf
[2026-07-13 19:11:21] INFO [src.ingestion.document_loader.load_document:48]: Đang trích xuất: Software_Engineering_2007.06654v1_How Do Open Source Software Contributors.pdf
[2026-07-13 19:11:23] INFO [src.ingestion.document_loader.load_document:48]: Đang trích xuất: Software_Engineering_2007.07031v1_A Systematic Identification of Formal an.pdf
[2026-07-13 19:11:31] INFO [src.ingestion.document_loader.load_document:48]: Đang trích xuất: Software_Engineering_2007.07768v2_Opening the Software Engineering Toolbox.pdf
[2026-07-13 19:11:32] INFO [src.ingestion.document_loader.load_document:48]: Đang trích xuất: Software_Engineering_2007.07820v1_A complex network analysis of the Compre.pdf
[2026-07-13 19:11:36] INFO [src.ingestion.document_loader.load_document:48]: Đang trích xuất: Software_Engineering_2007.08048v1_SafeRESTScript_ Statically Checking REST.pdf
[2026-07-13 19:11:39] INFO [src.ingestion.document_loader.load_document:48]: Đang trích xuất: Software_Engineering_2007.08095v2_Synthesize_ Execute and Debug_ Learning .pdf
[2026-07-13 19:11:41] INFO [src.ingestion.document_loader.load_document:48]: Đang trích xuất: Software_Engineering_2007.08292v1_Detecting Optimization Bugs in Database .pdf
[2026-07-13 19:11:45] INFO [src.ingestion.document_loader.load_document:48]: Đang trích xuất: Software_Engineering_2007.08351v1_Strengthening Deterministic Policies for.pdf
[2026-07-13 19:11:48] INFO [src.ingestion.document_loader.load_document:48]: Đang trích xuất: Software_Engineering_2007.08927v3_Towards a Model of Testers_ Cognitive Pr.pdf
[2026-07-13 19:11:50] INFO [src.ingestion.document_loader.load_document:48]: Đang trích xuất: Software_Engineering_2007.10744v3_Beyond Accuracy_ Assessing Software Docu.pdf
[2026-07-13 19:11:51] INFO [src.ingestion.document_loader.load_document:48]: Đang trích xuất: Software_Engineering_2007.11897v1_Towards a Systems Engineering based Auto.pdf
[2026-07-13 19:11:53] INFO [src.ingestion.document_loader.load_document:48]: Đang trích xuất: Software_Engineering_2007.13025v1_Automated Query Generation for Design Pa.pdf
[2026-07-13 19:11:55] INFO [src.ingestion.document_loader.load_document:48]: Đang trích xuất: Software_Engineering_2007.13422v1_Long-Term Evaluation of Technical Debt i.pdf
[2026-07-13 19:11:58] INFO [src.ingestion.document_loader.load_document:48]: Đang trích xuất: Software_Engineering_2007.15943v1_MUZZ_ Thread-aware Grey-box Fuzzing for .pdf
[2026-07-13 19:12:02] INFO [src.ingestion.document_loader.load_document:48]: Đang trích xuất: Software_Engineering_2008.00474v1_MDA Models and PIM_PSM Transformations U.pdf
[2026-07-13 19:12:05] INFO [src.ingestion.document_loader.load_document:48]: Đang trích xuất: Software_Engineering_2008.01725v2_A Large Scale Analysis of Android-Web Hy.pdf
[2026-07-13 19:12:09] INFO [src.ingestion.document_loader.load_document:48]: Đang trích xuất: Software_Engineering_2008.02502v1_iMER_ Iterative Process of Entity Relati.pdf
[2026-07-13 19:12:19] INFO [src.ingestion.document_loader.load_document:48]: Đang trích xuất: Software_Engineering_2008.02933v1_Prolog for Verification_ Analysis and Tr.pdf
[2026-07-13 19:12:21] INFO [src.ingestion.document_loader.load_document:48]: Đang trích xuất: Software_Engineering_2008.03046v1_Towards Using Probabilistic Models to De.pdf
[2026-07-13 19:12:22] INFO [src.ingestion.document_loader.load_document:48]: Đang trích xuất: Software_Engineering_2008.03547v1_DR-Tools_ a suite of lightweight open-so.pdf
[2026-07-13 19:12:23] INFO [src.ingestion.document_loader.load_document:48]: Đang trích xuất: Software_Engineering_2008.04230v2_A Scalable Querying Scheme for Memory-ef.pdf
[2026-07-13 19:12:39] INFO [src.ingestion.document_loader.load_document:48]: Đang trích xuất: Software_Engineering_2008.04467v1_Challenges in Docker Development_ A Larg.pdf
[2026-07-13 19:12:43] INFO [src.ingestion.document_loader.load_document:48]: Đang trích xuất: Software_Engineering_2008.04618v1_An ad-hoc social network generation appr.pdf
[2026-07-13 19:12:45] INFO [src.ingestion.document_loader.load_document:48]: Đang trích xuất: Software_Engineering_2008.05159v1_Prevalence_ Contents and Automatic Detec.pdf
[2026-07-13 19:12:47] INFO [src.ingestion.document_loader.load_document:48]: Đang trích xuất: Software_Engineering_2008.05201v2_OCoR_ An Overlapping-Aware Code Retrieve.pdf
[2026-07-13 19:12:49] INFO [src.ingestion.document_loader.load_document:48]: Đang trích xuất: Software_Engineering_2008.05515v1_Synergy between Machine_Deep Learning an.pdf
[2026-07-13 19:12:55] INFO [src.ingestion.document_loader.load_document:48]: Đang trích xuất: Software_Engineering_2008.05895v1_Can We Trust Your Explanations_ Sanity C.pdf
[2026-07-13 19:13:00] INFO [src.ingestion.document_loader.load_document:48]: Đang trích xuất: Software_Engineering_2008.10515v1_Leading DevOps Practice and Principle Ad.pdf
[2026-07-13 19:13:04] INFO [src.ingestion.document_loader.load_document:48]: Đang trích xuất: Software_Engineering_2008.12528v1_Researcher Bias in Software Engineering .pdf
[2026-07-13 19:13:06] INFO [src.ingestion.document_loader.load_document:48]: Đang trích xuất: Software_Engineering_2008.13489v1_BiLO-CPDP_ Bi-Level Programming for Auto.pdf
[2026-07-13 19:13:10] INFO [src.ingestion.document_loader.load_document:48]: Đang trích xuất: Software_Engineering_2009.00867v1_Tree Automata for Extracting Consensus f.pdf
[2026-07-13 19:13:14] INFO [src.ingestion.document_loader.load_document:48]: Đang trích xuất: Software_Engineering_2009.00981v1_Analysis of open source license selectio.pdf
[2026-07-13 19:13:20] INFO [src.ingestion.document_loader.load_document:48]: Đang trích xuất: Software_Engineering_2009.00999v1_An Automatically Verified Prototype of t.pdf
[2026-07-13 19:13:23] INFO [src.ingestion.document_loader.load_document:48]: Đang trích xuất: Software_Engineering_2009.01722v1_What Makes Agile Test Artifacts Useful_ .pdf
[2026-07-13 19:13:26] INFO [src.ingestion.document_loader.load_document:48]: Đang trích xuất: Software_Engineering_2009.02438v1_A Large Scale Empirical Study of the Imp.pdf
[2026-07-13 19:13:30] INFO [src.ingestion.document_loader.load_document:48]: Đang trích xuất: Software_Engineering_2009.02915v1_Code Coverage Aware Test Generation Usin.pdf
[2026-07-13 19:13:32] INFO [src.ingestion.document_loader.load_document:48]: Đang trích xuất: Software_Engineering_2009.04549v1_Multimodal Deep Learning for Flaw Detect.pdf
[2026-07-13 19:13:33] INFO [src.ingestion.document_loader.load_document:48]: Đang trích xuất: Software_Engineering_2009.05926v1_On the Use of Grey Literature_ A Survey .pdf
[2026-07-13 19:13:36] INFO [src.ingestion.document_loader.load_document:48]: Đang trích xuất: Software_Engineering_2009.06592v1_Analogy-Making as a Core Primitive in th.pdf
[2026-07-13 19:13:41] INFO [src.ingestion.document_loader.load_document:48]: Đang trích xuất: Software_Engineering_2009.06848v1_PRF_ A Framework for Building Automatic .pdf
[2026-07-13 19:13:43] INFO [src.ingestion.document_loader.load_document:48]: Đang trích xuất: Software_Engineering_2009.07015v1_Navigation and Exploration in 3D-Game Au.pdf
[2026-07-13 19:13:44] INFO [src.ingestion.document_loader.load_document:48]: Đang trích xuất: Software_Engineering_2009.07990v1_An Abstract Framework for Choreographic .pdf
[2026-07-13 19:13:47] INFO [src.ingestion.document_loader.load_document:48]: Đang trích xuất: Software_Engineering_2009.09117v1_Out of Sight_ Out of Place_ Detecting an.pdf
[2026-07-13 19:13:50] INFO [src.ingestion.document_loader.load_document:48]: Đang trích xuất: Software_Engineering_2009.09279v1_Toward the Automatic Classification of S.pdf
[2026-07-13 19:13:54] INFO [src.ingestion.document_loader.load_document:48]: Đang trích xuất: Software_Engineering_2009.11741v1_Dynamic Buffer Sizing for Out-of-Order E.pdf
[2026-07-13 19:14:03] INFO [src.ingestion.document_loader.load_document:48]: Đang trích xuất: Software_Engineering_2009.13250v1_Advancing the Research and Development o.pdf
[2026-07-13 19:14:04] INFO [src.ingestion.document_loader.load_document:48]: Đang trích xuất: Software_Engineering_2009.14740v1_Retrieving and mining professional exper.pdf
[2026-07-13 19:14:08] INFO [src.ingestion.document_loader.load_document:48]: Đang trích xuất: Software_Engineering_2010.01924v1_On the Relevance of Cross-project Learni.pdf
[2026-07-13 19:14:09] INFO [src.ingestion.document_loader.load_document:48]: Đang trích xuất: Software_Engineering_2010.03896v1_A practical guide towards agile test-dri.pdf
[2026-07-13 19:14:13] INFO [src.ingestion.document_loader.load_document:48]: Đang trích xuất: Software_Engineering_2010.04101v1_Human-Drone Interactions with Semi-Auton.pdf
[2026-07-13 19:14:14] INFO [src.ingestion.document_loader.load_document:48]: Đang trích xuất: Software_Engineering_2010.04660v1_Research_ Develop_ Deploy_ Building a Fu.pdf
[2026-07-13 19:14:14] INFO [src.ingestion.document_loader.load_document:48]: Đang trích xuất: Software_Engineering_2010.05584v1_Data Loss Detector_ Automatically Reveal.pdf
[2026-07-13 19:14:18] INFO [src.ingestion.document_loader.load_document:48]: Đang trích xuất: Software_Engineering_2010.05708v1_Rooting Formal Methods within Higher Edu.pdf
[2026-07-13 19:14:22] INFO [src.ingestion.document_loader.load_document:48]: Đang trích xuất: Software_Engineering_2010.06301v1_Automating App Review Response Generatio.pdf
[2026-07-13 19:14:26] INFO [src.ingestion.document_loader.load_document:48]: Đang trích xuất: Software_Engineering_2010.06312v1_Data Engineering for HPC with Python.pdf
[2026-07-13 19:14:28] INFO [src.ingestion.document_loader.load_document:48]: Đang trích xuất: Software_Engineering_2010.09914v1_Software Engineering Practices for Scien.pdf
[2026-07-13 19:14:35] INFO [src.ingestion.document_loader.load_document:48]: Đang trích xuất: Software_Engineering_2010.15280v1_Specification description and verificati.pdf
[2026-07-13 19:14:38] INFO [src.ingestion.document_loader.load_document:48]: Đang trích xuất: Software_Engineering_2010.15545v1_Systematic literature review protocol Id.pdf
[2026-07-13 19:14:41] INFO [src.ingestion.document_loader.load_document:48]: Đang trích xuất: Software_Engineering_2010.16305v1_Using Relational Problems to Teach Prope.pdf
[2026-07-13 19:14:45] INFO [src.ingestion.document_loader.load_document:48]: Đang trích xuất: Software_Engineering_2011.00965v1_Using Vision Videos in a Virtual Focus G.pdf
[2026-07-13 19:14:45] INFO [src.ingestion.document_loader.load_document:48]: Đang trích xuất: Software_Engineering_2011.01043v1_Evaluation of Siamese Networks for Seman.pdf
[2026-07-13 19:14:46] INFO [src.ingestion.document_loader.load_document:48]: Đang trích xuất: Software_Engineering_2011.01407v1_Exempla Gratis _E_G___ Code Examples for.pdf
[2026-07-13 19:14:49] INFO [src.ingestion.document_loader.load_document:48]: Đang trích xuất: Software_Engineering_2011.02833v3_Digital Twins_ State of the Art Theory a.pdf
[2026-07-13 19:14:52] INFO [src.ingestion.document_loader.load_document:48]: Đang trích xuất: Software_Engineering_2011.05106v2_How do Practitioners Perceive the Releva.pdf
[2026-07-13 19:14:56] INFO [src.ingestion.document_loader.load_document:48]: Đang trích xuất: Software_Engineering_2011.11228v2_Modeling Functional Similarity in Source.pdf
[2026-07-13 19:14:59] INFO [src.ingestion.document_loader.load_document:48]: Đang trích xuất: Software_Engineering_2012.03716v1_How Successful Are Open Source Contribut.pdf
[2026-07-13 19:14:59] INFO [src.ingestion.document_loader.load_document:48]: Đang trích xuất: Software_Engineering_2012.05231v1_The Fulib Solution to the TTC 2020 Migra.pdf
[2026-07-13 19:15:00] INFO [src.ingestion.document_loader.load_document:48]: Đang trích xuất: Software_Engineering_2012.05987v1_Guiding Development Work Across a Softwa.pdf
[2026-07-13 19:15:02] INFO [src.ingestion.document_loader.load_document:48]: Đang trích xuất: Software_Engineering_2012.07005v1_Predicting Software Effort from Use Case.pdf
[2026-07-13 19:15:08] INFO [src.ingestion.document_loader.load_document:48]: Đang trích xuất: Software_Engineering_2012.08959v1_Monitoring Cyber-Physical Systems_ From .pdf
[2026-07-13 19:15:10] INFO [src.ingestion.document_loader.load_document:48]: Đang trích xuất: Software_Engineering_2012.10839v1_Topics and Treatments in Global Software.pdf
[2026-07-13 19:15:12] INFO [src.ingestion.document_loader.load_document:48]: Đang trích xuất: Software_Engineering_2012.14086v1_A Kubernetes Controller for Managing the.pdf
[2026-07-13 19:15:15] INFO [src.ingestion.document_loader.load_directory:73]: Tổng kết: Đã trích xuất xong 996 tài liệu PDF.
[2026-07-13 19:15:15] INFO [__main__.run_milestone1_pipeline:35]: Đang xử lý chuẩn hóa và làm sạch văn bản...
[2026-07-13 19:15:18] INFO [__main__.run_milestone1_pipeline:39]: Đang thực hiện phân rã văn bản thành các chunks...
[2026-07-13 19:15:21] INFO [__main__.run_milestone1_pipeline:50]: ============================================================
[2026-07-13 19:15:21] INFO [__main__.run_milestone1_pipeline:51]: HOÀN THÀNH MILESTONE 1 TRONG 3960.76s
[2026-07-13 19:15:21] INFO [__main__.run_milestone1_pipeline:52]: Tổng số chunks sinh ra: 117831
[2026-07-13 19:15:21] INFO [__main__.run_milestone1_pipeline:53]: Tệp tin kết quả xuất thành công: D:\DU AN CNTT\Project\data\processed\chunks.json
[2026-07-13 19:15:21] INFO [__main__.run_milestone1_pipeline:54]: ============================================================
[2026-07-13 20:35:22] INFO [__main__.run_pipeline_m2:101]: ═══════════════════════════════════════════════════════
[2026-07-13 20:35:22] INFO [__main__.run_pipeline_m2:102]:   PIPELINE MILESTONE 2: EMBEDDING + FAISS INDEX
[2026-07-13 20:35:22] INFO [__main__.run_pipeline_m2:103]: ═══════════════════════════════════════════════════════
[2026-07-13 20:35:22] INFO [src.embedding.index_builder.build_index:77]: ───────────────────────────────────────────────────────
[2026-07-13 20:35:22] INFO [src.embedding.index_builder.build_index:78]: BUILD INDEX — Milestone 2
[2026-07-13 20:35:22] INFO [src.embedding.index_builder.build_index:79]: ───────────────────────────────────────────────────────
[2026-07-13 20:35:22] INFO [src.embedding.index_builder.build_index:82]: [1/4] Tải chunks từ: D:\DU AN CNTT\Project\data\processed\chunks.json
[2026-07-13 20:35:23] INFO [src.preprocessing.chunker.load_chunks:118]: Đã tải thành công 117831 chunks từ hệ thống -> D:\DU AN CNTT\Project\data\processed\chunks.json
[2026-07-13 20:35:23] INFO [src.embedding.index_builder.build_index:88]:       117831 chunks | avg 464 ký tự/chunk
[2026-07-13 20:35:23] INFO [src.embedding.index_builder.build_index:91]: [2/4] Khởi tạo Embedding Model...
[2026-07-13 20:40:29] INFO [__main__.run_pipeline_m2:101]: ═══════════════════════════════════════════════════════
[2026-07-13 20:40:29] INFO [__main__.run_pipeline_m2:102]:   PIPELINE MILESTONE 2: EMBEDDING + FAISS INDEX
[2026-07-13 20:40:29] INFO [__main__.run_pipeline_m2:103]: ═══════════════════════════════════════════════════════
[2026-07-13 20:40:29] INFO [src.embedding.index_builder.build_index:77]: ───────────────────────────────────────────────────────
[2026-07-13 20:40:29] INFO [src.embedding.index_builder.build_index:78]: BUILD INDEX — Milestone 2
[2026-07-13 20:40:29] INFO [src.embedding.index_builder.build_index:79]: ───────────────────────────────────────────────────────
[2026-07-13 20:40:29] INFO [src.embedding.index_builder.build_index:82]: [1/4] Tải chunks từ: D:\DU AN CNTT\Project\data\processed\chunks.json
[2026-07-13 20:40:30] INFO [src.preprocessing.chunker.load_chunks:118]: Đã tải thành công 117831 chunks từ hệ thống -> D:\DU AN CNTT\Project\data\processed\chunks.json
[2026-07-13 20:40:30] INFO [src.embedding.index_builder.build_index:88]:       117831 chunks | avg 464 ký tự/chunk
[2026-07-13 20:40:30] INFO [src.embedding.index_builder.build_index:91]: [2/4] Khởi tạo Embedding Model...
[2026-07-13 20:40:51] INFO [src.embedding.embedder.__init__:76]: Đang load embedding model: BAAI/bge-m3 (device=cpu)
[2026-07-13 20:40:51] INFO [src.embedding.embedder.__init__:77]: Lần đầu chạy sẽ download model (~570MB cho BGE-M3)...
[2026-07-13 20:41:54] INFO [src.embedding.embedder.__init__:82]: Model sẵn sàng | dim=1024 | device=cpu
[2026-07-13 20:41:54] INFO [src.embedding.index_builder.build_index:96]: [3/4] Embedding 117831 chunks (batch_size=32)...
[2026-07-13 20:41:54] INFO [src.embedding.embedder.embed_corpus:111]: Encoding corpus: 117831 texts | batch_size=32 | device=cpu
[2026-07-13 20:51:02] INFO [__main__.run_pipeline_m2:101]: ═══════════════════════════════════════════════════════
[2026-07-13 20:51:02] INFO [__main__.run_pipeline_m2:102]:   PIPELINE MILESTONE 2: EMBEDDING + FAISS INDEX
[2026-07-13 20:51:02] INFO [__main__.run_pipeline_m2:103]: ═══════════════════════════════════════════════════════
[2026-07-13 20:51:02] INFO [src.embedding.index_builder.build_index:77]: ───────────────────────────────────────────────────────
[2026-07-13 20:51:02] INFO [src.embedding.index_builder.build_index:78]: BUILD INDEX — Milestone 2
[2026-07-13 20:51:02] INFO [src.embedding.index_builder.build_index:79]: ───────────────────────────────────────────────────────
[2026-07-13 20:51:02] INFO [src.embedding.index_builder.build_index:82]: [1/4] Tải chunks từ: D:\DU AN CNTT\Project\data\processed\chunks.json
[2026-07-13 20:51:03] INFO [src.preprocessing.chunker.load_chunks:118]: Đã tải thành công 117831 chunks từ hệ thống -> D:\DU AN CNTT\Project\data\processed\chunks.json
[2026-07-13 20:51:03] INFO [src.embedding.index_builder.build_index:88]:       117831 chunks | avg 464 ký tự/chunk
[2026-07-13 20:51:03] INFO [src.embedding.index_builder.build_index:91]: [2/4] Khởi tạo Embedding Model...
[2026-07-13 20:51:15] INFO [src.embedding.embedder.__init__:76]: Đang load embedding model: sentence-transformers/all-MiniLM-L6-v2 (device=cpu)
[2026-07-13 20:51:15] INFO [src.embedding.embedder.__init__:77]: Lần đầu chạy sẽ download model (~570MB cho BGE-M3)...
[2026-07-13 20:51:28] INFO [src.embedding.embedder.__init__:82]: Model sẵn sàng | dim=384 | device=cpu
[2026-07-13 20:51:28] INFO [src.embedding.index_builder.build_index:96]: [3/4] Embedding 117831 chunks (batch_size=16)...
[2026-07-13 20:51:28] INFO [src.embedding.embedder.embed_corpus:111]: Encoding corpus: 117831 texts | batch_size=16 | device=cpu
[2026-07-13 21:43:09] INFO [src.embedding.embedder.embed_corpus:125]: Corpus embedding xong | shape=(117831, 384)
[2026-07-13 21:43:09] INFO [src.embedding.index_builder.build_index:104]:       Xong embedding | shape=(117831, 384) | time=3100.6s | speed=38 chunks/s
[2026-07-13 21:43:09] INFO [src.embedding.index_builder.build_index:111]: [4/4] Build FAISS index và lưu...
[2026-07-13 21:53:18] INFO [__main__.run_pipeline_m2:101]: ═══════════════════════════════════════════════════════
[2026-07-13 21:53:18] INFO [__main__.run_pipeline_m2:102]:   PIPELINE MILESTONE 2: EMBEDDING + FAISS INDEX
[2026-07-13 21:53:18] INFO [__main__.run_pipeline_m2:103]: ═══════════════════════════════════════════════════════
[2026-07-13 21:53:18] INFO [src.embedding.index_builder.build_index:77]: ───────────────────────────────────────────────────────
[2026-07-13 21:53:18] INFO [src.embedding.index_builder.build_index:78]: BUILD INDEX — Milestone 2
[2026-07-13 21:53:18] INFO [src.embedding.index_builder.build_index:79]: ───────────────────────────────────────────────────────
[2026-07-13 21:53:18] INFO [src.embedding.index_builder.build_index:82]: [1/4] Tải chunks từ: D:\DU AN CNTT\Project\data\processed\chunks.json
[2026-07-13 21:53:20] INFO [src.preprocessing.chunker.load_chunks:118]: Đã tải thành công 117831 chunks từ hệ thống -> D:\DU AN CNTT\Project\data\processed\chunks.json
[2026-07-13 21:53:20] INFO [src.embedding.index_builder.build_index:88]:       117831 chunks | avg 464 ký tự/chunk
[2026-07-13 21:53:20] INFO [src.embedding.index_builder.build_index:91]: [2/4] Khởi tạo Embedding Model...
[2026-07-13 21:53:31] INFO [src.embedding.embedder.__init__:76]: Đang load embedding model: sentence-transformers/all-MiniLM-L6-v2 (device=cpu)
[2026-07-13 21:53:31] INFO [src.embedding.embedder.__init__:77]: Lần đầu chạy sẽ download model (~570MB cho BGE-M3)...
[2026-07-13 21:53:38] INFO [src.embedding.embedder.__init__:82]: Model sẵn sàng | dim=384 | device=cpu
[2026-07-13 21:53:38] INFO [src.embedding.index_builder.build_index:96]: [3/4] Embedding 117831 chunks (batch_size=16)...
[2026-07-13 21:53:38] INFO [src.embedding.embedder.embed_corpus:111]: Encoding corpus: 117831 texts | batch_size=16 | device=cpu
[2026-07-13 22:47:40] INFO [src.embedding.embedder.embed_corpus:125]: Corpus embedding xong | shape=(117831, 384)
[2026-07-13 22:47:40] INFO [src.embedding.index_builder.build_index:104]:       Xong embedding | shape=(117831, 384) | time=3241.5s | speed=36 chunks/s
[2026-07-13 22:47:40] INFO [src.embedding.index_builder.build_index:111]: [4/4] Build FAISS index và lưu...
[2026-07-13 22:47:40] INFO [vector_store.faiss_store.__init__:69]: Khởi tạo FaissVectorStore | dim=384 | IndexFlatIP
[2026-07-13 22:47:40] INFO [vector_store.faiss_store.add:102]: Thêm 117831 vectors | Tổng trong index: 117831
[2026-07-13 22:47:42] INFO [vector_store.faiss_store.save:174]: Đã lưu FAISS index (117831 vectors) → D:\DU AN CNTT\Project\vector_store\faiss.index
[2026-07-13 22:47:43] INFO [vector_store.faiss_store.save:178]: Đã lưu metadata (117831 entries) → D:\DU AN CNTT\Project\vector_store\faiss_meta.json
[2026-07-13 22:47:43] INFO [src.embedding.index_builder.build_index:117]: ───────────────────────────────────────────────────────
[2026-07-13 22:47:43] INFO [src.embedding.index_builder.build_index:118]: BUILD INDEX HOÀN THÀNH | 3264.88s
[2026-07-13 22:47:43] INFO [src.embedding.index_builder.build_index:119]:   Vectors trong index : 117831
[2026-07-13 22:47:43] INFO [src.embedding.index_builder.build_index:120]:   FAISS index file    : D:\DU AN CNTT\Project\vector_store\faiss.index
[2026-07-13 22:47:43] INFO [src.embedding.index_builder.build_index:121]:   Metadata file       : D:\DU AN CNTT\Project\vector_store\faiss_meta.json
[2026-07-13 22:47:43] INFO [src.embedding.index_builder.build_index:122]: ───────────────────────────────────────────────────────
[2026-07-13 22:47:43] INFO [__main__._smoke_test:52]: ───────────────────────────────────────────────────────
[2026-07-13 22:47:43] INFO [__main__._smoke_test:53]: SMOKE TEST — Kiểm tra retrieval
[2026-07-13 22:47:43] INFO [__main__._smoke_test:54]: ───────────────────────────────────────────────────────
[2026-07-13 22:47:43] INFO [src.embedding.embedder.__init__:76]: Đang load embedding model: sentence-transformers/all-MiniLM-L6-v2 (device=cpu)
[2026-07-13 22:47:43] INFO [src.embedding.embedder.__init__:77]: Lần đầu chạy sẽ download model (~570MB cho BGE-M3)...
[2026-07-13 22:47:49] INFO [src.embedding.embedder.__init__:82]: Model sẵn sàng | dim=384 | device=cpu
[2026-07-13 22:47:49] INFO [__main__._smoke_test:69]: 
🔍 Query: 'Machine Learning là gì?'
[2026-07-13 22:47:49] INFO [__main__._smoke_test:71]:    #1 score=0.5026 | file=Software_Engineering_2011.01043v1_Evaluation of Siamese Networks for Seman.pdf | chunk=Software_Engineering_2011.01043v1_Evaluation of Siamese Networks for Seman_chunk_0063
[2026-07-13 22:47:49] INFO [__main__._smoke_test:78]:        → gineering, pages 243–253. IEEE ComputerSociety. Srinivasan Iyer, Summarizingsourcecode Saksham Sachdev, Hongyu Li, Sifei...
[2026-07-13 22:47:49] INFO [__main__._smoke_test:71]:    #2 score=0.4985 | file=Computer_Vision_1906.00872v1_From Words to Sentences_ A Progressive L.pdf | chunk=Computer_Vision_1906.00872v1_From Words to Sentences_ A Progressive L_chunk_0039
[2026-07-13 22:47:49] INFO [__main__._smoke_test:78]:        → = (11) annotated with multi-sentences in English and its transl We follow [Chen et al., 2018] to use the whereλ ,λ arehy...
[2026-07-13 22:47:49] INFO [__main__._smoke_test:69]: 
🔍 Query: 'Điều kiện tiên quyết để đăng ký môn học'
[2026-07-13 22:47:49] INFO [__main__._smoke_test:71]:    #1 score=0.3831 | file=NLP_2008.03843v1_Question Identification in Arabic Langua.pdf | chunk=NLP_2008.03843v1_Question Identification in Arabic Langua_chunk_0022
[2026-07-13 22:47:49] INFO [__main__._smoke_test:78]:        → text, Feature indicates words or phrases within the input text. the count of the quoted strings in input text [8], Numbe...
[2026-07-13 22:47:49] INFO [__main__._smoke_test:71]:    #2 score=0.3787 | file=NLP_1905.01984v1_AI-Powered Text Generation for Harmoniou.pdf | chunk=NLP_1905.01984v1_AI-Powered Text Generation for Harmoniou_chunk_0027
[2026-07-13 22:47:49] INFO [__main__._smoke_test:78]:        → pped with by Yan et al. [64] to utilize the context information. Direct an attention-based key-value retrieval mechanism...
[2026-07-13 22:47:49] INFO [__main__._smoke_test:69]: 
🔍 Query: 'Phương pháp đánh giá sinh viên'
[2026-07-13 22:47:49] INFO [__main__._smoke_test:71]:    #1 score=0.3900 | file=NLP_1906.01617v1_Self-Attentional Models for Lattice Inpu.pdf | chunk=NLP_1906.01617v1_Self-Attentional Models for Lattice Inpu_chunk_0106
[2026-07-13 22:47:49] INFO [__main__._smoke_test:78]:        → ea (I mean) appears with word choice (quedar instead of qu tal). The cor- slightly lower confidence than saben (they kno...
[2026-07-13 22:47:49] INFO [__main__._smoke_test:71]:    #2 score=0.3793 | file=NLP_2008.03843v1_Question Identification in Arabic Langua.pdf | chunk=NLP_2008.03843v1_Question Identification in Arabic Langua_chunk_0022
[2026-07-13 22:47:49] INFO [__main__._smoke_test:78]:        → text, Feature indicates words or phrases within the input text. the count of the quoted strings in input text [8], Numbe...
[2026-07-13 22:47:49] INFO [__main__.run_pipeline_m2:133]: ═══════════════════════════════════════════════════════
[2026-07-13 22:47:49] INFO [__main__.run_pipeline_m2:134]:   ✅ MILESTONE 2 HOÀN THÀNH (3270.84s)
[2026-07-13 22:47:49] INFO [__main__.run_pipeline_m2:135]:   Index: 117831 vectors | dim=384
[2026-07-13 22:47:49] INFO [__main__.run_pipeline_m2:136]: ═══════════════════════════════════════════════════════
